Dimension,SampleCount,ConvexHullHV,Log10ConvexHullHV,RelativeToInitialHull,FacetCount,ElapsedSeconds,Status
2,3,0.0201373083335816,-1.69599858015753,1,3,0.0628297,ok
2,4,0.0734980235771955,-1.13372433929756,3.64984348253871,4,0.0061394,ok
2,5,0.0734980235771955,-1.13372433929756,3.64984348253871,4,0.0079153,ok
2,6,0.0734980235771955,-1.13372433929756,3.64984348253871,4,0.0029863,ok
2,7,0.18151247964092,-0.741093510281495,9.01374089496481,4,0.0087081,ok
2,8,0.203059924113299,-0.692375780454559,10.0837669439003,5,0.0011372,ok
2,9,0.272333398199725,-0.564899094743749,13.5238232284288,5,0.0009575,ok
2,10,0.373001791142775,-0.428289082717972,18.5229219796345,4,0.0008843,ok
2,11,0.462186290926328,-0.335182940430569,22.9517412789261,5,0.0005278,ok
2,12,0.462186290926328,-0.335182940430569,22.9517412789261,5,0.0008958,ok
2,13,0.462234990663932,-0.335137182013379,22.9541596625947,6,0.0009527,ok
2,14,0.480964661236695,-0.317886832137003,23.8842576807856,7,0.0008493,ok
2,15,0.480964661236695,-0.317886832137003,23.8842576807856,7,0.0005184,ok
2,16,0.480964661236695,-0.317886832137003,23.8842576807856,7,0.0009453,ok
2,17,0.596695768765946,-0.224247041773996,29.631356826914,7,0.0009749,ok
2,18,0.596695768765946,-0.224247041773996,29.631356826914,7,0.000888,ok
2,19,0.596695768765946,-0.224247041773996,29.631356826914,7,0.0005274,ok
2,20,0.596695768765946,-0.224247041773996,29.631356826914,7,0.0008072,ok
2,21,0.596695768765946,-0.224247041773996,29.631356826914,7,0.0008124,ok
2,22,0.628346479169747,-0.201800814069905,31.2031016638851,8,0.000482,ok
2,23,0.628346479169747,-0.201800814069905,31.2031016638851,8,0.0008206,ok
2,24,0.631599953106913,-0.1995579109079,31.3646661532036,9,0.0009043,ok
2,25,0.631599953106913,-0.1995579109079,31.3646661532036,9,0.0008129,ok
2,26,0.631599953106913,-0.1995579109079,31.3646661532036,9,0.0004971,ok
2,27,0.631599953106913,-0.1995579109079,31.3646661532036,9,0.0008853,ok
2,28,0.631599953106913,-0.1995579109079,31.3646661532036,9,0.0006235,ok
2,29,0.689588827554908,-0.16140978339355,34.2443397166903,9,0.0006696,ok
2,30,0.689588827554908,-0.16140978339355,34.2443397166903,9,0.0009051,ok
2,31,0.689588827554908,-0.16140978339355,34.2443397166903,9,0.0009369,ok
2,32,0.716766832241505,-0.144622099478417,35.5939741482828,10,0.0009398,ok
2,33,0.716766832241505,-0.144622099478417,35.5939741482828,10,0.0005913,ok
2,34,0.716766832241505,-0.144622099478417,35.5939741482828,10,0.0007641,ok
2,35,0.716766832241505,-0.144622099478417,35.5939741482828,10,0.0008226,ok
2,36,0.716766832241505,-0.144622099478417,35.5939741482828,10,0.0004848,ok
2,37,0.716766832241505,-0.144622099478417,35.5939741482828,10,0.0010035,ok
2,38,0.716766832241505,-0.144622099478417,35.5939741482828,10,0.0007707,ok
2,39,0.716766832241505,-0.144622099478417,35.5939741482828,10,0.0009747,ok
2,40,0.716766832241505,-0.144622099478417,35.5939741482828,10,0.0008768,ok
2,41,0.716766832241505,-0.144622099478417,35.5939741482828,10,0.0005207,ok
2,42,0.716766832241505,-0.144622099478417,35.5939741482828,10,0.0007119,ok
2,43,0.716766832241505,-0.144622099478417,35.5939741482828,10,0.0009094,ok
2,44,0.716766832241505,-0.144622099478417,35.5939741482828,10,0.000896,ok
2,45,0.716766832241505,-0.144622099478417,35.5939741482828,10,0.000527,ok
2,46,0.716766832241505,-0.144622099478417,35.5939741482828,10,0.000886,ok
2,47,0.716766832241505,-0.144622099478417,35.5939741482828,10,0.000967,ok
2,48,0.718931207318461,-0.143312664153048,35.7014550012897,11,0.0009995,ok
2,49,0.718931207318461,-0.143312664153048,35.7014550012897,11,0.0008704,ok
2,50,0.718931207318461,-0.143312664153048,35.7014550012897,11,0.0005261,ok
2,51,0.718931207318461,-0.143312664153048,35.7014550012897,11,0.0009299,ok
2,52,0.718931207318461,-0.143312664153048,35.7014550012897,11,0.0008726,ok
2,53,0.718931207318461,-0.143312664153048,35.7014550012897,11,0.0006449,ok
2,54,0.718931207318461,-0.143312664153048,35.7014550012897,11,0.0007003,ok
2,55,0.788982867011337,-0.102932427517099,39.1801552591616,11,0.0010531,ok
2,56,0.788982867011337,-0.102932427517099,39.1801552591616,11,0.0008739,ok
2,57,0.788982867011337,-0.102932427517099,39.1801552591616,11,0.0006868,ok
2,58,0.788982867011337,-0.102932427517099,39.1801552591616,11,0.0006364,ok
2,59,0.788982867011337,-0.102932427517099,39.1801552591616,11,0.0009436,ok
2,60,0.788982867011337,-0.102932427517099,39.1801552591616,11,0.0008965,ok
2,61,0.788982867011337,-0.102932427517099,39.1801552591616,11,0.0009035,ok
2,62,0.788982867011337,-0.102932427517099,39.1801552591616,11,0.0004952,ok
2,63,0.788982867011337,-0.102932427517099,39.1801552591616,11,0.0008566,ok
2,64,0.794988649883961,-0.0996390717560484,39.4783968500007,12,0.0008093,ok
2,65,0.794988649883961,-0.0996390717560484,39.4783968500007,12,0.0006626,ok
2,66,0.794988649883961,-0.0996390717560484,39.4783968500007,12,0.0008056,ok
2,67,0.794988649883961,-0.0996390717560484,39.4783968500007,12,0.0008118,ok
2,68,0.794988649883961,-0.0996390717560484,39.4783968500007,12,0.0008304,ok
2,69,0.794988649883961,-0.0996390717560484,39.4783968500007,12,0.0009213,ok
2,70,0.821527658378678,-0.0853778105867601,40.7962993251025,10,0.0006491,ok
2,71,0.821527658378678,-0.0853778105867601,40.7962993251025,10,0.0007189,ok
2,72,0.892764528879542,-0.0492630733548725,44.3338560492088,9,0.0008773,ok
2,73,0.892764528879542,-0.0492630733548725,44.3338560492088,9,0.0008049,ok
2,74,0.892764528879542,-0.0492630733548725,44.3338560492088,9,0.0005228,ok
2,75,0.892764528879542,-0.0492630733548725,44.3338560492088,9,0.0008924,ok
2,76,0.892764528879542,-0.0492630733548725,44.3338560492088,9,0.00085,ok
2,77,0.892764528879542,-0.0492630733548725,44.3338560492088,9,0.0007108,ok
2,78,0.892764528879542,-0.0492630733548725,44.3338560492088,9,0.0007638,ok
2,79,0.908271217849775,-0.041784447924436,45.103903799055,9,0.0009231,ok
2,80,0.908271217849775,-0.041784447924436,45.103903799055,9,0.0008881,ok
2,81,0.908271217849775,-0.041784447924436,45.103903799055,9,0.0008651,ok
2,82,0.908271217849775,-0.041784447924436,45.103903799055,9,0.0005199,ok
2,83,0.908271217849775,-0.041784447924436,45.103903799055,9,0.0008116,ok
2,84,0.908271217849775,-0.041784447924436,45.103903799055,9,0.0007624,ok
2,85,0.908271217849775,-0.041784447924436,45.103903799055,9,0.0005682,ok
2,86,0.908271217849775,-0.041784447924436,45.103903799055,9,0.0008302,ok
2,87,0.908271217849775,-0.041784447924436,45.103903799055,9,0.0009585,ok
2,88,0.908271217849775,-0.041784447924436,45.103903799055,9,0.0008424,ok
2,89,0.908271217849775,-0.041784447924436,45.103903799055,9,0.0009659,ok
2,90,0.912500426581321,-0.0397669238447801,45.3139223706282,9,0.0008812,ok
2,91,0.912500426581321,-0.0397669238447801,45.3139223706282,9,0.0005028,ok
2,92,0.912500426581321,-0.0397669238447801,45.3139223706282,9,0.0009026,ok
2,93,0.912500426581321,-0.0397669238447801,45.3139223706282,9,0.0009517,ok
2,94,0.912500426581321,-0.0397669238447801,45.3139223706282,9,0.0009842,ok
2,95,0.912500426581321,-0.0397669238447801,45.3139223706282,9,0.0009089,ok
2,96,0.912500426581321,-0.0397669238447801,45.3139223706282,9,0.0008898,ok
2,97,0.912500426581321,-0.0397669238447801,45.3139223706282,9,0.0004973,ok
2,98,0.912500426581321,-0.0397669238447801,45.3139223706282,9,0.0008365,ok
2,99,0.912500426581321,-0.0397669238447801,45.3139223706282,9,0.0008704,ok
2,100,0.912500426581321,-0.0397669238447801,45.3139223706282,9,0.0009008,ok
2,101,0.912500426581321,-0.0397669238447801,45.3139223706282,9,0.0008258,ok
2,102,0.912500426581321,-0.0397669238447801,45.3139223706282,9,0.0005291,ok
2,103,0.912500426581321,-0.0397669238447801,45.3139223706282,9,0.0008025,ok
2,104,0.912500426581321,-0.0397669238447801,45.3139223706282,9,0.0009329,ok
2,105,0.912500426581321,-0.0397669238447801,45.3139223706282,9,0.0009375,ok
2,106,0.912500426581321,-0.0397669238447801,45.3139223706282,9,0.000653,ok
2,107,0.912500426581321,-0.0397669238447801,45.3139223706282,9,0.0007382,ok
2,108,0.912500426581321,-0.0397669238447801,45.3139223706282,9,0.0009534,ok
2,109,0.912500426581321,-0.0397669238447801,45.3139223706282,9,0.00086,ok
2,110,0.912643843430487,-0.0396986715456538,45.3210443179505,10,0.0009661,ok
2,111,0.912643843430487,-0.0396986715456538,45.3210443179505,10,0.0008506,ok
2,112,0.912643843430487,-0.0396986715456538,45.3210443179505,10,0.0005982,ok
2,113,0.912643843430487,-0.0396986715456538,45.3210443179505,10,0.0007986,ok
2,114,0.912643843430487,-0.0396986715456538,45.3210443179505,10,0.0009599,ok
2,115,0.912643843430487,-0.0396986715456538,45.3210443179505,10,0.0009352,ok
2,116,0.912643843430487,-0.0396986715456538,45.3210443179505,10,0.0009843,ok
2,117,0.912643843430487,-0.0396986715456538,45.3210443179505,10,0.0008758,ok
2,118,0.912643843430487,-0.0396986715456538,45.3210443179505,10,0.0004981,ok
2,119,0.912643843430487,-0.0396986715456538,45.3210443179505,10,0.0009198,ok
2,120,0.912643843430487,-0.0396986715456538,45.3210443179505,10,0.0009684,ok
2,121,0.912643843430487,-0.0396986715456538,45.3210443179505,10,0.0010335,ok
2,122,0.912643843430487,-0.0396986715456538,45.3210443179505,10,0.0005178,ok
2,123,0.912643843430487,-0.0396986715456538,45.3210443179505,10,0.0009215,ok
2,124,0.912643843430487,-0.0396986715456538,45.3210443179505,10,0.0008737,ok
2,125,0.912643843430487,-0.0396986715456538,45.3210443179505,10,0.0009065,ok
2,126,0.912643843430487,-0.0396986715456538,45.3210443179505,10,0.0004783,ok
2,127,0.912643843430487,-0.0396986715456538,45.3210443179505,10,0.0008593,ok
2,128,0.912643843430487,-0.0396986715456538,45.3210443179505,10,0.0008826,ok
2,129,0.912643843430487,-0.0396986715456538,45.3210443179505,10,0.0009219,ok
2,130,0.912643843430487,-0.0396986715456538,45.3210443179505,10,0.0008835,ok
2,131,0.912643843430487,-0.0396986715456538,45.3210443179505,10,0.0006477,ok
2,132,0.912643843430487,-0.0396986715456538,45.3210443179505,10,0.0007926,ok
2,133,0.912643843430487,-0.0396986715456538,45.3210443179505,10,0.0008545,ok
2,134,0.912643843430487,-0.0396986715456538,45.3210443179505,10,0.0005359,ok
2,135,0.912643843430487,-0.0396986715456538,45.3210443179505,10,0.0008945,ok
2,136,0.912643843430487,-0.0396986715456538,45.3210443179505,10,0.0009536,ok
2,137,0.912643843430487,-0.0396986715456538,45.3210443179505,10,0.000883,ok
2,138,0.912643843430487,-0.0396986715456538,45.3210443179505,10,0.0009377,ok
2,139,0.912643843430487,-0.0396986715456538,45.3210443179505,10,0.0005163,ok
2,140,0.912643843430487,-0.0396986715456538,45.3210443179505,10,0.0007857,ok
2,141,0.912643843430487,-0.0396986715456538,45.3210443179505,10,0.0009704,ok
2,142,0.921720990577171,-0.0354005221032015,45.7718070016378,11,0.0009284,ok
2,143,0.921720990577171,-0.0354005221032015,45.7718070016378,11,0.0008792,ok
2,144,0.921720990577171,-0.0354005221032015,45.7718070016378,11,0.0005482,ok
2,145,0.921720990577171,-0.0354005221032015,45.7718070016378,11,0.0009232,ok
2,146,0.921720990577171,-0.0354005221032015,45.7718070016378,11,0.0008571,ok
2,147,0.921720990577171,-0.0354005221032015,45.7718070016378,11,0.0008707,ok
2,148,0.930488622163566,-0.0312889329703876,46.2071994305144,12,0.0005298,ok
2,149,0.930488622163566,-0.0312889329703876,46.2071994305144,12,0.0008142,ok
2,150,0.930488622163566,-0.0312889329703876,46.2071994305144,12,0.0008727,ok
2,151,0.930488622163566,-0.0312889329703876,46.2071994305144,12,0.0008306,ok
2,152,0.930488622163566,-0.0312889329703876,46.2071994305144,12,0.0005355,ok
2,153,0.930488622163566,-0.0312889329703876,46.2071994305144,12,0.0008403,ok
2,154,0.930488622163566,-0.0312889329703876,46.2071994305144,12,0.001026,ok
2,155,0.930488622163566,-0.0312889329703876,46.2071994305144,12,0.0008775,ok
2,156,0.930488622163566,-0.0312889329703876,46.2071994305144,12,0.0009887,ok
2,157,0.931173734589338,-0.0309692825693907,46.2412214762826,13,0.0010076,ok
2,158,0.931173734589338,-0.0309692825693907,46.2412214762826,13,0.0006464,ok
2,159,0.93440730370419,-0.0294637755976534,46.4017975106406,13,0.0006952,ok
2,160,0.93440730370419,-0.0294637755976534,46.4017975106406,13,0.0007881,ok
2,161,0.935508907948966,-0.0289520727768391,46.4565021527172,14,0.0010387,ok
2,162,0.935508907948966,-0.0289520727768391,46.4565021527172,14,0.0009037,ok
2,163,0.935508907948966,-0.0289520727768391,46.4565021527172,14,0.0005565,ok
2,164,0.935508907948966,-0.0289520727768391,46.4565021527172,14,0.0008268,ok
2,165,0.935508907948966,-0.0289520727768391,46.4565021527172,14,0.0009574,ok
2,166,0.935508907948966,-0.0289520727768391,46.4565021527172,14,0.0008898,ok
2,167,0.935508907948966,-0.0289520727768391,46.4565021527172,14,0.0006461,ok
2,168,0.935508907948966,-0.0289520727768391,46.4565021527172,14,0.000745,ok
2,169,0.935508907948966,-0.0289520727768391,46.4565021527172,14,0.0008007,ok
2,170,0.935508907948966,-0.0289520727768391,46.4565021527172,14,0.0009061,ok
2,171,0.935508907948966,-0.0289520727768391,46.4565021527172,14,0.0008946,ok
2,172,0.935508907948966,-0.0289520727768391,46.4565021527172,14,0.0010056,ok
2,173,0.935508907948966,-0.0289520727768391,46.4565021527172,14,0.000664,ok
2,174,0.935508907948966,-0.0289520727768391,46.4565021527172,14,0.0006843,ok
2,175,0.935508907948966,-0.0289520727768391,46.4565021527172,14,0.0009252,ok
2,176,0.935508907948966,-0.0289520727768391,46.4565021527172,14,0.0009972,ok
2,177,0.935508907948966,-0.0289520727768391,46.4565021527172,14,0.000941,ok
2,178,0.935508907948966,-0.0289520727768391,46.4565021527172,14,0.0009436,ok
2,179,0.935508907948966,-0.0289520727768391,46.4565021527172,14,0.0010886,ok
2,180,0.935508907948966,-0.0289520727768391,46.4565021527172,14,0.0008973,ok
2,181,0.935508907948966,-0.0289520727768391,46.4565021527172,14,0.000972,ok
2,182,0.935508907948966,-0.0289520727768391,46.4565021527172,14,0.0008716,ok
2,183,0.935508907948966,-0.0289520727768391,46.4565021527172,14,0.0005179,ok
2,184,0.935508907948966,-0.0289520727768391,46.4565021527172,14,0.0008409,ok
2,185,0.935508907948966,-0.0289520727768391,46.4565021527172,14,0.0008583,ok
2,186,0.935508907948966,-0.0289520727768391,46.4565021527172,14,0.0005277,ok
2,187,0.935508907948966,-0.0289520727768391,46.4565021527172,14,0.000822,ok
2,188,0.935508907948966,-0.0289520727768391,46.4565021527172,14,0.0010082,ok
2,189,0.935508907948966,-0.0289520727768391,46.4565021527172,14,0.0009359,ok
2,190,0.935508907948966,-0.0289520727768391,46.4565021527172,14,0.0009601,ok
2,191,0.935508907948966,-0.0289520727768391,46.4565021527172,14,0.0008725,ok
2,192,0.935508907948966,-0.0289520727768391,46.4565021527172,14,0.0008751,ok
2,193,0.935508907948966,-0.0289520727768391,46.4565021527172,14,0.0006345,ok
2,194,0.935508907948966,-0.0289520727768391,46.4565021527172,14,0.000779,ok
2,195,0.935508907948966,-0.0289520727768391,46.4565021527172,14,0.0009091,ok
2,196,0.941529694460419,-0.0261659784227405,46.7554888103041,14,0.0007818,ok
2,197,0.941529694460419,-0.0261659784227405,46.7554888103041,14,0.0009416,ok
2,198,0.941529694460419,-0.0261659784227405,46.7554888103041,14,0.0010882,ok
2,199,0.941529694460419,-0.0261659784227405,46.7554888103041,14,0.0009874,ok
2,200,0.949208624490543,-0.0226383244458112,47.136817332613,13,0.0005717,ok
3,4,0.000464444790860661,-3.33306590373621,1,4,0.0274677,ok
3,5,0.0128069850827196,-1.89255309633228,27.5748276969304,4,0.0038747,ok
3,6,0.0686646706250036,-1.16326665885264,147.84248198319,6,0.0029535,ok
3,7,0.0703899079771629,-1.15248960256258,151.55710509041,8,0.003403,ok
3,8,0.10912632418489,-0.9620704733418,234.960809836339,8,0.0067244,ok
3,9,0.116106192875835,-0.935144615230642,249.989224038188,10,0.0008805,ok
3,10,0.133192154486102,-0.875521355974591,286.777152219285,12,0.0011472,ok
3,11,0.138117346531273,-0.859751773776795,297.381624789737,14,0.0005426,ok
3,12,0.138117346531273,-0.859751773776795,297.381624789737,14,0.0008513,ok
3,13,0.147641305766593,-0.830792122479914,317.887741819645,16,0.0009188,ok
3,14,0.153793595404904,-0.813061749958672,331.134288576926,18,0.0004915,ok
3,15,0.153793595404904,-0.813061749958672,331.134288576926,18,0.0007458,ok
3,16,0.17010689519202,-0.769278082136085,366.258592063861,20,0.0009305,ok
3,17,0.182009325036534,-0.739906360871161,391.885814241244,22,0.0010343,ok
3,18,0.182012409525505,-0.739899000999967,391.892455480485,24,0.0004559,ok
3,19,0.182012409525505,-0.739899000999967,391.892455480485,24,0.0009073,ok
3,20,0.19176170023549,-0.717238128329754,412.883735610722,26,0.000787,ok
3,21,0.192982902656904,-0.71448116565893,415.513116853541,28,0.0009415,ok
3,22,0.214322017918493,-0.668933210342639,461.458546066011,26,0.0004813,ok
3,23,0.216078157803202,-0.665389131427577,465.23970567694,28,0.000849,ok
3,24,0.226635983211111,-0.644671135649234,487.971848690848,28,0.0009161,ok
3,25,0.226635983211111,-0.644671135649234,487.971848690848,28,0.000817,ok
3,26,0.241542342172302,-0.617006726776227,520.066856008225,28,0.0005457,ok
3,27,0.290827016052495,-0.536365252635744,626.182103396109,24,0.0008245,ok
3,28,0.290827016052495,-0.536365252635744,626.182103396109,24,0.0008894,ok
3,29,0.292711574034475,-0.533560104898193,630.239761096366,24,0.0004776,ok
3,30,0.319245669916082,-0.495874984571375,687.37054693732,24,0.0008393,ok
3,31,0.319245669916082,-0.495874984571375,687.37054693732,24,0.0009847,ok
3,32,0.319245669916082,-0.495874984571375,687.37054693732,24,0.0008976,ok
3,33,0.323260884953578,-0.490446842485668,696.015740330608,26,0.0008367,ok
3,34,0.328253112294552,-0.483791147505224,706.76454716236,28,0.0004979,ok
3,35,0.33673028211592,-0.472717825802357,725.016813068194,30,0.0008658,ok
3,36,0.370565646117224,-0.431134845117709,797.868020934263,28,0.0008785,ok
3,37,0.370565646117224,-0.431134845117709,797.868020934263,28,0.0008204,ok
3,38,0.370565646117224,-0.431134845117709,797.868020934263,28,0.00052,ok
3,39,0.375279567380173,-0.425645080712443,808.017604599987,28,0.0008668,ok
3,40,0.375364118101305,-0.425547244914997,808.199651471424,28,0.0008622,ok
3,41,0.387759209900396,-0.411437878204442,834.887628262211,30,0.0009898,ok
3,42,0.387759209900396,-0.411437878204442,834.887628262211,30,0.000468,ok
3,43,0.469827023872477,-0.328062006755602,1011.58853133403,24,0.0007592,ok
3,44,0.469827023872477,-0.328062006755602,1011.58853133403,24,0.0008478,ok
3,45,0.469970467649806,-0.327929431723208,1011.89738134194,26,0.0009684,ok
3,46,0.469970467649806,-0.327929431723208,1011.89738134194,26,0.0006408,ok
3,47,0.469970467649806,-0.327929431723208,1011.89738134194,26,0.0006393,ok
3,48,0.469970467649806,-0.327929431723208,1011.89738134194,26,0.0006737,ok
3,49,0.469970467649806,-0.327929431723208,1011.89738134194,26,0.0004967,ok
3,50,0.494398302317624,-0.305923029212432,1064.49315838263,28,0.0007491,ok
3,51,0.512219557474664,-0.290543843397515,1102.86425330656,28,0.0007407,ok
3,52,0.512219557474664,-0.290543843397515,1102.86425330656,28,0.0008911,ok
3,53,0.518806254281787,-0.284994797075821,1117.04612580623,30,0.0006942,ok
3,54,0.518806254281787,-0.284994797075821,1117.04612580623,30,0.0006547,ok
3,55,0.604594111607847,-0.218536086911216,1301.75668562775,30,0.0008529,ok
3,56,0.611258849268809,-0.213774840488702,1316.10658854863,32,0.0008372,ok
3,57,0.611258849268809,-0.213774840488702,1316.10658854863,32,0.0005133,ok
3,58,0.611258849268809,-0.213774840488702,1316.10658854863,32,0.0007723,ok
3,59,0.611258849268809,-0.213774840488702,1316.10658854863,32,0.0008702,ok
3,60,0.622984886379215,-0.20552248920235,1341.35401804112,30,0.0011496,ok
3,61,0.622984886379215,-0.20552248920235,1341.35401804112,30,0.0005333,ok
3,62,0.624166142028034,-0.204699793391297,1343.89738955064,32,0.0008356,ok
3,63,0.624166142028034,-0.204699793391297,1343.89738955064,32,0.0009841,ok
3,64,0.625758725461389,-0.203593085957352,1347.32639438543,34,0.0009445,ok
3,65,0.633924465270109,-0.197962487024721,1364.90811770197,36,0.0008919,ok
3,66,0.633924465270109,-0.197962487024721,1364.90811770197,36,0.0009702,ok
3,67,0.633924465270109,-0.197962487024721,1364.90811770197,36,0.0008502,ok
3,68,0.633924465270109,-0.197962487024721,1364.90811770197,36,0.0004849,ok
3,69,0.637508899669395,-0.19551374806996,1372.62579366652,36,0.0007789,ok
3,70,0.644360653193594,-0.190870986909896,1387.37836202131,38,0.0007555,ok
3,71,0.644360653193594,-0.190870986909896,1387.37836202131,38,0.0004741,ok
3,72,0.644360653193594,-0.190870986909896,1387.37836202131,38,0.0008397,ok
3,73,0.644360653193594,-0.190870986909896,1387.37836202131,38,0.0009651,ok
3,74,0.647997500225522,-0.188426669500326,1395.20888806766,40,0.0008807,ok
3,75,0.650492566636803,-0.186757661880356,1400.5810366209,42,0.0006601,ok
3,76,0.650492566636803,-0.186757661880356,1400.5810366209,42,0.0008344,ok
3,77,0.650492566636803,-0.186757661880356,1400.5810366209,42,0.0008141,ok
3,78,0.650492566636803,-0.186757661880356,1400.5810366209,42,0.0009717,ok
3,79,0.650492566636803,-0.186757661880356,1400.5810366209,42,0.0008715,ok
3,80,0.656788299048275,-0.182574592953221,1414.136431224,42,0.0008449,ok
3,81,0.656788299048275,-0.182574592953221,1414.136431224,42,0.0005136,ok
3,82,0.656788299048275,-0.182574592953221,1414.136431224,42,0.0008553,ok
3,83,0.67204437787053,-0.172602047737937,1446.98442332654,44,0.000871,ok
3,84,0.67204437787053,-0.172602047737937,1446.98442332654,44,0.0005021,ok
3,85,0.67204437787053,-0.172602047737937,1446.98442332654,44,0.0008647,ok
3,86,0.67204437787053,-0.172602047737937,1446.98442332654,44,0.0007735,ok
3,87,0.67204437787053,-0.172602047737937,1446.98442332654,44,0.0008508,ok
3,88,0.67204437787053,-0.172602047737937,1446.98442332654,44,0.001,ok
3,89,0.673209680582427,-0.171849647608125,1449.4934464329,46,0.0005168,ok
3,90,0.673209680582427,-0.171849647608125,1449.4934464329,46,0.0008428,ok
3,91,0.675466649167915,-0.170396089188076,1454.35294454742,48,0.0008006,ok
3,92,0.675466649167915,-0.170396089188076,1454.35294454742,48,0.0007629,ok
3,93,0.686615763191386,-0.163286230347419,1478.3581960711,48,0.0006639,ok
3,94,0.686615763191386,-0.163286230347419,1478.3581960711,48,0.0008868,ok
3,95,0.686615763191386,-0.163286230347419,1478.3581960711,48,0.0007792,ok
3,96,0.686615763191386,-0.163286230347419,1478.3581960711,48,0.000912,ok
3,97,0.686615763191386,-0.163286230347419,1478.3581960711,48,0.0009984,ok
3,98,0.686615763191386,-0.163286230347419,1478.3581960711,48,0.0006847,ok
3,99,0.686615763191386,-0.163286230347419,1478.3581960711,48,0.0007571,ok
3,100,0.686615763191386,-0.163286230347419,1478.3581960711,48,0.0010513,ok
3,101,0.689616717453413,-0.161392219036929,1484.81957602644,50,0.0009978,ok
3,102,0.700371462678194,-0.154671557982481,1507.97570876043,52,0.0009409,ok
3,103,0.700371462678194,-0.154671557982481,1507.97570876043,52,0.0009647,ok
3,104,0.700371462678194,-0.154671557982481,1507.97570876043,52,0.0008549,ok
3,105,0.700371462678194,-0.154671557982481,1507.97570876043,52,0.0006389,ok
3,106,0.700371462678194,-0.154671557982481,1507.97570876043,52,0.0008782,ok
3,107,0.70713980997402,-0.15049471251508,1522.5486944608,54,0.0009842,ok
3,108,0.722209230488422,-0.14133696519669,1554.99479098495,54,0.0009522,ok
3,109,0.722209230488422,-0.14133696519669,1554.99479098495,54,0.0005953,ok
3,110,0.722209230488422,-0.14133696519669,1554.99479098495,54,0.0008339,ok
3,111,0.722209230488422,-0.14133696519669,1554.99479098495,54,0.0008516,ok
3,112,0.732323200988454,-0.135297206609227,1576.77126624973,56,0.0008836,ok
3,113,0.740158068630197,-0.130675522156803,1593.64058591036,56,0.0005495,ok
3,114,0.740158068630197,-0.130675522156803,1593.64058591036,56,0.0009495,ok
3,115,0.740158068630197,-0.130675522156803,1593.64058591036,56,0.000752,ok
3,116,0.741321898335733,-0.12999317081323,1596.14643747428,58,0.0009749,ok
3,117,0.741321898335733,-0.12999317081323,1596.14643747428,58,0.0010296,ok
3,118,0.741321898335733,-0.12999317081323,1596.14643747428,58,0.0012274,ok
3,119,0.745965861788551,-0.127281047026121,1606.14539438843,60,0.0006078,ok
3,120,0.745965861788551,-0.127281047026121,1606.14539438843,60,0.0008445,ok
3,121,0.751252618182178,-0.124214001431679,1617.52835420984,58,0.0009487,ok
3,122,0.751252618182178,-0.124214001431679,1617.52835420984,58,0.0007902,ok
3,123,0.761285091382955,-0.118452675123954,1639.1293569516,60,0.0009638,ok
3,124,0.761285091382955,-0.118452675123954,1639.1293569516,60,0.0009884,ok
3,125,0.761285091382955,-0.118452675123954,1639.1293569516,60,0.0006791,ok
3,126,0.761285091382955,-0.118452675123954,1639.1293569516,60,0.0007691,ok
3,127,0.761285091382955,-0.118452675123954,1639.1293569516,60,0.0008519,ok
3,128,0.761285091382955,-0.118452675123954,1639.1293569516,60,0.0008745,ok
3,129,0.761285091382955,-0.118452675123954,1639.1293569516,60,0.0009284,ok
3,130,0.761285091382955,-0.118452675123954,1639.1293569516,60,0.0006537,ok
3,131,0.761285091382955,-0.118452675123954,1639.1293569516,60,0.0009699,ok
3,132,0.761974629878439,-0.118059488354917,1640.61400810724,62,0.0009614,ok
3,133,0.761974629878439,-0.118059488354917,1640.61400810724,62,0.0009337,ok
3,134,0.761974629878439,-0.118059488354917,1640.61400810724,62,0.000919,ok
3,135,0.761974629878439,-0.118059488354917,1640.61400810724,62,0.0005956,ok
3,136,0.761974629878439,-0.118059488354917,1640.61400810724,62,0.0007728,ok
3,137,0.761974629878439,-0.118059488354917,1640.61400810724,62,0.0009432,ok
3,138,0.761974629878439,-0.118059488354917,1640.61400810724,62,0.0010311,ok
3,139,0.764299522512754,-0.116736411735373,1645.6197540647,62,0.0007407,ok
3,140,0.764299522512754,-0.116736411735373,1645.6197540647,62,0.0008426,ok
3,141,0.764299522512754,-0.116736411735373,1645.6197540647,62,0.000993,ok
3,142,0.766455578032116,-0.115513010769922,1650.26197540465,64,0.000996,ok
3,143,0.766455578032116,-0.115513010769922,1650.26197540465,64,0.0009421,ok
3,144,0.766455578032116,-0.115513010769922,1650.26197540465,64,0.0010607,ok
3,145,0.767795577626271,-0.114754393674772,1653.14713984298,66,0.0009465,ok
3,146,0.767795577626271,-0.114754393674772,1653.14713984298,66,0.000675,ok
3,147,0.767795577626271,-0.114754393674772,1653.14713984298,66,0.0008098,ok
3,148,0.767795577626271,-0.114754393674772,1653.14713984298,66,0.0009126,ok
3,149,0.767795577626271,-0.114754393674772,1653.14713984298,66,0.0009427,ok
3,150,0.767795577626271,-0.114754393674772,1653.14713984298,66,0.0007026,ok
3,151,0.767795577626271,-0.114754393674772,1653.14713984298,66,0.0008086,ok
3,152,0.767795577626271,-0.114754393674772,1653.14713984298,66,0.0009223,ok
3,153,0.767795577626271,-0.114754393674772,1653.14713984298,66,0.0010434,ok
3,154,0.77285964266738,-0.111899370182317,1664.05062103333,68,0.0008667,ok
3,155,0.77285964266738,-0.111899370182317,1664.05062103333,68,0.0005982,ok
3,156,0.77285964266738,-0.111899370182317,1664.05062103333,68,0.0007788,ok
3,157,0.77285964266738,-0.111899370182317,1664.05062103333,68,0.0010427,ok
3,158,0.77285964266738,-0.111899370182317,1664.05062103333,68,0.0009548,ok
3,159,0.774076940981631,-0.111215869571602,1666.67159631006,70,0.0009492,ok
3,160,0.774076940981631,-0.111215869571602,1666.67159631006,70,0.0007695,ok
3,161,0.774076940981631,-0.111215869571602,1666.67159631006,70,0.0008588,ok
3,162,0.774076940981631,-0.111215869571602,1666.67159631006,70,0.0009152,ok
3,163,0.788134636822717,-0.103399585766153,1696.93933989921,66,0.0010166,ok
3,164,0.788134636822717,-0.103399585766153,1696.93933989921,66,0.001058,ok
3,165,0.788134636822717,-0.103399585766153,1696.93933989921,66,0.0010225,ok
3,166,0.788134636822717,-0.103399585766153,1696.93933989921,66,0.0008607,ok
3,167,0.788134636822717,-0.103399585766153,1696.93933989921,66,0.0009716,ok
3,168,0.788134636822717,-0.103399585766153,1696.93933989921,66,0.0008707,ok
3,169,0.788134636822717,-0.103399585766153,1696.93933989921,66,0.0006021,ok
3,170,0.792109078225001,-0.101215009307788,1705.49674323432,66,0.0008518,ok
3,171,0.792109078225001,-0.101215009307788,1705.49674323432,66,0.0009031,ok
3,172,0.792109078225001,-0.101215009307788,1705.49674323432,66,0.0009797,ok
3,173,0.792109078225001,-0.101215009307788,1705.49674323432,66,0.0008938,ok
3,174,0.792109078225001,-0.101215009307788,1705.49674323432,66,0.0010542,ok
3,175,0.792109078225001,-0.101215009307788,1705.49674323432,66,0.0010493,ok
3,176,0.793159423697569,-0.100639511454868,1707.75825093822,68,0.000975,ok
3,177,0.793159423697569,-0.100639511454868,1707.75825093822,68,0.0008941,ok
3,178,0.793159423697569,-0.100639511454868,1707.75825093822,68,0.0005846,ok
3,179,0.797364554473771,-0.0983430740894722,1716.81235351177,70,0.0008851,ok
3,180,0.797364554473771,-0.0983430740894722,1716.81235351177,70,0.0009725,ok
3,181,0.797364554473771,-0.0983430740894722,1716.81235351177,70,0.0008955,ok
3,182,0.8081730676802,-0.0924956264902101,1740.08425454095,70,0.0007475,ok
3,183,0.809991568039998,-0.0915195020753759,1743.99968301723,72,0.0007828,ok
3,184,0.812195088746327,-0.0903396409686339,1748.74410205194,74,0.0009074,ok
3,185,0.812195088746327,-0.0903396409686339,1748.74410205194,74,0.0009285,ok
3,186,0.812195088746327,-0.0903396409686339,1748.74410205194,74,0.0010436,ok
3,187,0.812195088746327,-0.0903396409686339,1748.74410205194,74,0.0009716,ok
3,188,0.812195088746327,-0.0903396409686339,1748.74410205194,74,0.0010266,ok
3,189,0.812195088746327,-0.0903396409686339,1748.74410205194,74,0.0007279,ok
3,190,0.812195088746327,-0.0903396409686339,1748.74410205194,74,0.0007948,ok
3,191,0.812195088746327,-0.0903396409686339,1748.74410205194,74,0.000969,ok
3,192,0.812195088746327,-0.0903396409686339,1748.74410205194,74,0.0009912,ok
3,193,0.812195088746327,-0.0903396409686339,1748.74410205194,74,0.001099,ok
3,194,0.812195088746327,-0.0903396409686339,1748.74410205194,74,0.0009761,ok
3,195,0.812195088746327,-0.0903396409686339,1748.74410205194,74,0.0009387,ok
3,196,0.821190387957488,-0.085556142693377,1768.11195672093,76,0.0009559,ok
3,197,0.821190387957488,-0.085556142693377,1768.11195672093,76,0.0010049,ok
3,198,0.821194285882996,-0.0855540812426507,1768.12034937725,78,0.0006598,ok
3,199,0.821194285882996,-0.0855540812426507,1768.12034937725,78,0.0007887,ok
3,200,0.821194285882996,-0.0855540812426507,1768.12034937725,78,0.0009606,ok
4,5,0.00197529297861324,-2.70436848000793,1,5,0.0300905,ok
4,6,0.00715876051614186,-2.14516216590424,3.62415124928338,8,0.0037881,ok
4,7,0.0131055384910294,-1.88254512970571,6.634731471698,12,0.0029525,ok
4,8,0.0137050877977504,-1.86311817793139,6.9382557150444,16,0.0035164,ok
4,9,0.0282442975839784,-1.54906922139483,14.2987890352384,16,0.00709,ok
4,10,0.0468722459815546,-1.32908423585411,23.7292626911788,22,0.0008589,ok
4,11,0.0786670197676304,-1.10420730239207,39.8254945566904,27,0.0008342,ok
4,12,0.0893134511785856,-1.04908312865111,45.2152931973101,30,0.0005478,ok
4,13,0.108248762725745,-0.965577058895636,54.8013706815995,35,0.0008847,ok
4,14,0.126078424838062,-0.899359225682652,63.827708701003,41,0.0009576,ok
4,15,0.129834818089323,-0.886608826208027,65.7293978640444,46,0.0005704,ok
4,16,0.154771464870435,-0.810309106906699,78.3536754021639,52,0.0010594,ok
4,17,0.154771464870435,-0.810309106906699,78.3536754021639,52,0.0009596,ok
4,18,0.179196256997906,-0.746671066002757,90.7188244670982,60,0.000931,ok
4,19,0.179196256997906,-0.746671066002757,90.7188244670982,60,0.0006228,ok
4,20,0.182511222251263,-0.738710426484461,92.3970389341408,64,0.000835,ok
4,21,0.182511222251263,-0.738710426484461,92.3970389341408,64,0.0009453,ok
4,22,0.188559707375412,-0.724551104462002,95.4591088091605,69,0.0008732,ok
4,23,0.19133140638765,-0.718213736186278,96.8622925607596,74,0.0005247,ok
4,24,0.197001562959269,-0.705530328245041,99.732832087306,81,0.0009483,ok
4,25,0.201018826216633,-0.696763267260489,101.766587738169,86,0.0010093,ok
4,26,0.205976696669094,-0.686181911089568,104.276529557504,92,0.0009244,ok
4,27,0.21320134561439,-0.671210058599218,107.934037088548,98,0.0006517,ok
4,28,0.213492731545216,-0.670616906135626,108.081552385763,103,0.0008728,ok
4,29,0.223634595956184,-0.650461010845333,113.215911957115,105,0.0009912,ok
4,30,0.252293822304676,-0.598093383536476,127.72476034507,104,0.0010666,ok
4,31,0.254438991450035,-0.594416334556568,128.810760836433,109,0.001025,ok
4,32,0.27654725776226,-0.558230643629902,140.003159407983,99,0.0009692,ok
4,33,0.28205506134585,-0.54966610265778,142.791507082594,105,0.0005801,ok
4,34,0.297750679168668,-0.526147239219262,150.737476613573,111,0.000846,ok
4,35,0.300207657217704,-0.522578234661088,151.981331614141,116,0.0010598,ok
4,36,0.305490339681161,-0.515002518611277,154.655710817962,119,0.0010215,ok
4,37,0.305506546519383,-0.514979479081716,154.663915594873,122,0.0010028,ok
4,38,0.305506546519383,-0.514979479081716,154.663915594873,122,0.0010199,ok
4,39,0.309021413550559,-0.510011425220392,156.443331139418,127,0.0010283,ok
4,40,0.311083811073939,-0.507122589161932,157.487428164877,135,0.0009553,ok
4,41,0.311083811073939,-0.507122589161932,157.487428164877,135,0.0007284,ok
4,42,0.332744873916244,-0.477888626302684,168.453428184536,136,0.0008676,ok
4,43,0.332744873916244,-0.477888626302684,168.453428184536,136,0.0010126,ok
4,44,0.332744873916244,-0.477888626302684,168.453428184536,136,0.0010088,ok
4,45,0.332744873916244,-0.477888626302684,168.453428184536,136,0.0009438,ok
4,46,0.346590259256587,-0.460183647076687,175.462710093726,137,0.0009515,ok
4,47,0.348836121407862,-0.457378550930163,176.599686823553,143,0.0008893,ok
4,48,0.353446729379617,-0.451676032729395,178.933825617988,147,0.0010518,ok
4,49,0.353446729379617,-0.451676032729395,178.933825617988,147,0.0007009,ok
4,50,0.360394533047227,-0.443221805610372,182.451179115841,154,0.0008667,ok
4,51,0.361568388990657,-0.441809545804614,183.045448399506,160,0.0010823,ok
4,52,0.365813343107831,-0.436740457600943,185.194473462186,167,0.0010657,ok
4,53,0.367470973085091,-0.434776960598421,186.03365529253,173,0.0010461,ok
4,54,0.376694611705055,-0.424010591964234,190.70315937108,172,0.001142,ok
4,55,0.376694611705055,-0.424010591964234,190.70315937108,172,0.0015957,ok
4,56,0.376694611705055,-0.424010591964234,190.70315937108,172,0.0009372,ok
4,57,0.376694611705055,-0.424010591964234,190.70315937108,172,0.0007663,ok
4,58,0.376694611705055,-0.424010591964234,190.70315937108,172,0.0010285,ok
4,59,0.376694611705055,-0.424010591964234,190.70315937108,172,0.0010905,ok
4,60,0.376694611705055,-0.424010591964234,190.70315937108,172,0.0010416,ok
4,61,0.376694611705055,-0.424010591964234,190.70315937108,172,0.0010128,ok
4,62,0.376694611705055,-0.424010591964234,190.70315937108,172,0.0010912,ok
4,63,0.376694611705055,-0.424010591964234,190.70315937108,172,0.0012214,ok
4,64,0.376694611705055,-0.424010591964234,190.70315937108,172,0.0009983,ok
4,65,0.377913170653466,-0.422607972220458,191.320059730471,178,0.0011112,ok
4,66,0.377986405088592,-0.422523820007173,191.357134957245,181,0.0010299,ok
4,67,0.379631206738306,-0.420638094566174,192.189822395272,188,0.0011402,ok
4,68,0.382081898889349,-0.417843536503376,193.430495134748,190,0.0010696,ok
4,69,0.384297595388904,-0.415332332976706,194.552200382295,193,0.0010139,ok
4,70,0.394988706774448,-0.403415321223296,199.964618439413,192,0.0011512,ok
4,71,0.410251448253368,-0.386949877143032,207.691442583564,197,0.0011818,ok
4,72,0.410251448253368,-0.386949877143033,207.691442583564,197,0.001113,ok
4,73,0.410251448253368,-0.386949877143033,207.691442583564,197,0.0010539,ok
4,74,0.413951633305081,-0.383050399497007,209.564676119943,202,0.001127,ok
4,75,0.413951633305081,-0.383050399497007,209.564676119943,202,0.0011345,ok
4,76,0.413951633305081,-0.383050399497007,209.564676119943,202,0.0011106,ok
4,77,0.413951633305081,-0.383050399497007,209.564676119943,202,0.0011003,ok
4,78,0.416337508223453,-0.380554461367183,210.772534875178,209,0.0010211,ok
4,79,0.41651538086494,-0.380368956558672,210.862583613979,214,0.0011057,ok
4,80,0.41651538086494,-0.380368956558672,210.862583613979,214,0.0011415,ok
4,81,0.417841489795067,-0.378988438710831,211.533931583361,221,0.0010804,ok
4,82,0.423518606797298,-0.373127504691293,214.407994855847,222,0.0010875,ok
4,83,0.423518606797298,-0.373127504691293,214.407994855847,222,0.0010241,ok
4,84,0.423518606797298,-0.373127504691293,214.407994855847,222,0.0011,ok
4,85,0.423518606797298,-0.373127504691293,214.407994855847,222,0.0011015,ok
4,86,0.424936721609411,-0.371675737013032,215.125921172331,227,0.0011316,ok
4,87,0.424936721609411,-0.371675737013032,215.125921172331,227,0.0011222,ok
4,88,0.425729979954231,-0.370865765678537,215.527511393837,233,0.0010625,ok
4,89,0.427166764028431,-0.369402545213042,216.254889099198,238,0.0007362,ok
4,90,0.427166764028431,-0.369402545213042,216.254889099198,238,0.0008657,ok
4,91,0.427166764028431,-0.369402545213042,216.254889099198,238,0.0011697,ok
4,92,0.427166764028431,-0.369402545213042,216.254889099198,238,0.0011629,ok
4,93,0.433388991384218,-0.363122124492455,219.404916676452,244,0.0010711,ok
4,94,0.43750262907683,-0.359019332835659,221.487462272042,239,0.0011377,ok
4,95,0.437555743748029,-0.358966610847379,221.514351787559,243,0.001081,ok
4,96,0.437555743748029,-0.358966610847379,221.514351787559,243,0.0009869,ok
4,97,0.437555743748029,-0.358966610847379,221.514351787559,243,0.0010282,ok
4,98,0.443521009710142,-0.353085802697948,224.534291627725,242,0.0011136,ok
4,99,0.443521009710142,-0.353085802697948,224.534291627725,242,0.0011479,ok
4,100,0.443521009710142,-0.353085802697948,224.534291627725,242,0.0010481,ok
4,101,0.443521009710142,-0.353085802697948,224.534291627725,242,0.0011395,ok
4,102,0.449400697873277,-0.347366257501496,227.510907363616,251,0.0012765,ok
4,103,0.453025490223742,-0.343877361006893,229.345973042333,255,0.0011256,ok
4,104,0.453025490223742,-0.343877361006893,229.345973042333,255,0.0011126,ok
4,105,0.453025490223742,-0.343877361006893,229.345973042333,255,0.0011187,ok
4,106,0.455252302481674,-0.341747849041978,230.473305687182,262,0.0009738,ok
4,107,0.458373798171164,-0.338780215724149,232.053575410857,272,0.0011597,ok
4,108,0.459965141903254,-0.337275079737314,232.859199563486,280,0.0009952,ok
4,109,0.460407219248905,-0.336857875191286,233.083002994389,284,0.0012174,ok
4,110,0.461771738875356,-0.335572650080732,233.77379653298,291,0.0012096,ok
4,111,0.462518974358954,-0.334870446080925,234.152087496239,296,0.0011081,ok
4,112,0.462554534762714,-0.334837056978367,234.170090093396,302,0.0011556,ok
4,113,0.462554534762714,-0.334837056978367,234.170090093396,302,0.0010003,ok
4,114,0.462554534762714,-0.334837056978367,234.170090093396,302,0.0010555,ok
4,115,0.463203214421765,-0.334228435461986,234.498486774837,308,0.0009683,ok
4,116,0.479044671302362,-0.319623986385998,242.51828791427,313,0.0010914,ok
4,117,0.479044671302362,-0.319623986385998,242.51828791427,313,0.0010765,ok
4,118,0.479044671302362,-0.319623986385998,242.51828791427,313,0.0010489,ok
4,119,0.479415350269905,-0.319288064522667,242.705945629635,319,0.0010322,ok
4,120,0.479415350269905,-0.319288064522667,242.705945629635,319,0.0010703,ok
4,121,0.480656720924474,-0.318164980658667,243.334394506845,326,0.0012639,ok
4,122,0.482631964176324,-0.316383918635903,244.334369332471,331,0.0012403,ok
4,123,0.493489379712944,-0.306722189259177,249.830979533679,332,0.0009391,ok
4,124,0.502509261818446,-0.298855929291404,254.397331058826,335,0.0012042,ok
4,125,0.502509261818446,-0.298855929291404,254.397331058826,335,0.0011459,ok
4,126,0.50362543575174,-0.297892343838871,254.962398593302,340,0.0010099,ok
4,127,0.50362543575174,-0.297892343838871,254.962398593302,340,0.0011004,ok
4,128,0.50362543575174,-0.297892343838871,254.962398593302,340,0.0011302,ok
4,129,0.50369961088578,-0.297828384640053,254.999950052677,347,0.0010635,ok
4,130,0.508847904856534,-0.293412009318179,257.606294542581,334,0.0010513,ok
4,131,0.514949889007556,-0.288235031126513,260.69544851472,334,0.0010069,ok
4,132,0.514949889007556,-0.288235031126513,260.69544851472,334,0.0012467,ok
4,133,0.528279998908765,-0.277135831728335,267.443870164337,332,0.0012071,ok
4,134,0.533331965884329,-0.273002385581835,270.001448726232,331,0.0011143,ok
4,135,0.533360719146368,-0.272978972309729,270.016005180566,334,0.0011278,ok
4,136,0.533360719146368,-0.272978972309729,270.016005180566,334,0.0011449,ok
4,137,0.533360719146368,-0.272978972309729,270.016005180566,334,0.0013038,ok
4,138,0.539088204635813,-0.268340170522728,272.915567701902,336,0.0011774,ok
4,139,0.539088204635813,-0.268340170522728,272.915567701902,336,0.0010828,ok
4,140,0.541971755524258,-0.266023345822464,274.375376914847,338,0.001128,ok
4,141,0.541971755524258,-0.266023345822464,274.375376914847,338,0.000984,ok
4,142,0.543146772904593,-0.265082796471395,274.970234180608,340,0.001051,ok
4,143,0.543146772904593,-0.265082796471395,274.970234180608,340,0.0011172,ok
4,144,0.544015441842546,-0.264388772706547,275.410001317614,346,0.0011546,ok
4,145,0.544015441842546,-0.264388772706547,275.410001317614,346,0.0010283,ok
4,146,0.544015441842546,-0.264388772706547,275.410001317614,346,0.0011112,ok
4,147,0.546477117174549,-0.262428018696688,276.656234336541,350,0.0010279,ok
4,148,0.546477117174549,-0.262428018696688,276.656234336541,350,0.0010579,ok
4,149,0.547939262153,-0.261267579423876,277.396451101488,358,0.0010334,ok
4,150,0.547939262153,-0.261267579423876,277.396451101488,358,0.0010183,ok
4,151,0.547939262153,-0.261267579423876,277.396451101488,358,0.0009576,ok
4,152,0.54798029478892,-0.261235058337354,277.417224038143,361,0.001201,ok
4,153,0.548451208040044,-0.260862002586099,277.655625761949,367,0.0012281,ok
4,154,0.551577894939187,-0.258393146952855,279.238523556351,371,0.0014524,ok
4,155,0.551577894939187,-0.258393146952855,279.238523556351,371,0.0012098,ok
4,156,0.557237744616853,-0.253959474222875,282.103845176457,371,0.0011764,ok
4,157,0.557237744616853,-0.253959474222875,282.103845176457,371,0.0011499,ok
4,158,0.557237744616853,-0.253959474222875,282.103845176457,371,0.0011517,ok
4,159,0.557237744616853,-0.253959474222875,282.103845176457,371,0.001173,ok
4,160,0.557709290881097,-0.253592120534828,282.342567365697,378,0.0011255,ok
4,161,0.557709290881097,-0.253592120534828,282.342567365697,378,0.001111,ok
4,162,0.557738869711441,-0.253569087778566,282.357541767299,382,0.0012893,ok
4,163,0.557738869711441,-0.253569087778566,282.357541767299,382,0.0010707,ok
4,164,0.557738869711441,-0.253569087778566,282.357541767299,382,0.0011542,ok
4,165,0.559571902038058,-0.252144100999707,283.285521741138,384,0.0011295,ok
4,166,0.559589895896447,-0.252130135845747,283.294631204181,388,0.0012521,ok
4,167,0.559589895896447,-0.252130135845747,283.294631204181,388,0.001091,ok
4,168,0.560187387313663,-0.251666673594818,283.597113632705,393,0.0010588,ok
4,169,0.561993416818397,-0.250268771719531,284.511423319566,393,0.0010514,ok
4,170,0.565124500904973,-0.247855863508743,286.096547207757,394,0.0010679,ok
4,171,0.565124500904973,-0.247855863508743,286.096547207757,394,0.0009902,ok
4,172,0.565124500904973,-0.247855863508743,286.096547207757,394,0.0011882,ok
4,173,0.565124500904973,-0.247855863508743,286.096547207757,394,0.0011337,ok
4,174,0.565124500904973,-0.247855863508743,286.096547207757,394,0.0014691,ok
4,175,0.565124500904973,-0.247855863508743,286.096547207757,394,0.0011729,ok
4,176,0.565124500904973,-0.247855863508743,286.096547207757,394,0.0013645,ok
4,177,0.565124500904973,-0.247855863508743,286.096547207757,394,0.0011271,ok
4,178,0.565124500904973,-0.247855863508743,286.096547207757,394,0.001242,ok
4,179,0.565124500904973,-0.247855863508743,286.096547207757,394,0.0011219,ok
4,180,0.565124500904973,-0.247855863508743,286.096547207757,394,0.0012186,ok
4,181,0.565124500904973,-0.247855863508743,286.096547207757,394,0.0016254,ok
4,182,0.565124500904973,-0.247855863508743,286.096547207757,394,0.0011225,ok
4,183,0.570546832534164,-0.243708701330983,288.841624362335,396,0.0010876,ok
4,184,0.572778807514235,-0.242013059048474,289.971570655992,399,0.001165,ok
4,185,0.572778807514235,-0.242013059048474,289.971570655992,399,0.0010621,ok
4,186,0.572778807514235,-0.242013059048474,289.971570655992,399,0.0010664,ok
4,187,0.572778807514235,-0.242013059048474,289.971570655992,399,0.0012683,ok
4,188,0.576444204369279,-0.239242722900465,291.827192528155,388,0.0016615,ok
4,189,0.576444204369279,-0.239242722900465,291.827192528155,388,0.00119,ok
4,190,0.576444204369279,-0.239242722900465,291.827192528155,388,0.0010791,ok
4,191,0.576444204369279,-0.239242722900465,291.827192528155,388,0.001209,ok
4,192,0.576444204369279,-0.239242722900465,291.827192528155,388,0.0010845,ok
4,193,0.577280780576177,-0.238612901238,292.250712591232,390,0.0009568,ok
4,194,0.577280780576177,-0.238612901238,292.250712591232,390,0.0010577,ok
4,195,0.579414119561433,-0.237010925816928,293.330724016552,387,0.0011335,ok
4,196,0.579414119561433,-0.237010925816928,293.330724016552,387,0.0011856,ok
4,197,0.584181070910884,-0.233452519481842,295.744012273566,390,0.0015041,ok
4,198,0.584181070910884,-0.233452519481842,295.744012273566,390,0.0013662,ok
4,199,0.584181070910884,-0.233452519481842,295.744012273566,390,0.0011194,ok
4,200,0.586761962872545,-0.231538047265677,297.050599189839,394,0.0010868,ok
5,6,8.63199976082482e-05,-4.06388858035856,1,6,0.0319188,ok
5,7,0.000965889809845225,-3.01507241572297,11.1896412952742,10,0.0055601,ok
5,8,0.00250951271387548,-2.60041059972212,29.0722055538575,18,0.0039834,ok
5,9,0.00329043297927789,-2.48274695064007,38.1190114741555,26,0.0041401,ok
5,10,0.00588034125695626,-2.23059746955099,68.1225836409705,38,0.0087353,ok
5,11,0.00675918394957478,-2.17010573417521,78.3038014001163,52,0.0010802,ok
5,12,0.0100542254677663,-1.99765137986895,116.476201880775,66,0.0006058,ok
5,13,0.0106218740477733,-1.97379885267035,123.052297753521,78,0.0010309,ok
5,14,0.0194964094340733,-1.71004536333238,225.862024725199,68,0.0008635,ok
5,15,0.0234561498238083,-1.62974327301759,271.734829399103,80,0.0010238,ok
5,16,0.0297157854045016,-1.52701278661279,344.251462324672,90,0.001092,ok
5,17,0.0311377044274706,-1.50671340818507,360.724111332636,104,0.0006726,ok
5,18,0.0379819966033817,-1.42042220939784,440.013874603634,114,0.0009289,ok
5,19,0.0488144217458542,-1.31145185096164,565.505364902719,128,0.0011177,ok
5,20,0.0510933645051527,-1.29163549802411,591.906463401831,142,0.0010167,ok
5,21,0.0522671347044822,-1.28177130736619,605.504357654059,154,0.0010841,ok
5,22,0.0568884545431363,-1.24497586430754,659.041428630675,178,0.0011217,ok
5,23,0.0599707243761691,-1.22206070536144,694.748911467054,194,0.0010048,ok
5,24,0.061275338920716,-1.21271427793815,709.862611428767,208,0.0010153,ok
5,25,0.0684822892816493,-1.16442173013917,793.353697626905,218,0.0011416,ok
5,26,0.069454473307862,-1.158299777711,804.616256166641,232,0.0011044,ok
5,27,0.0802551543306582,-1.09552706577071,929.739997154374,240,0.0010528,ok
5,28,0.0813118054668539,-1.08984639564946,941.981090359579,256,0.0011085,ok
5,29,0.0817603325978267,-1.08745735051285,947.177187942997,270,0.0011209,ok
5,30,0.0871206600561067,-1.05987884287534,1009.27551517659,282,0.001057,ok
5,31,0.0871206600561067,-1.05987884287534,1009.27551517659,282,0.0011295,ok
5,32,0.0877782355401201,-1.05661315330297,1016.89339634241,300,0.001143,ok
5,33,0.0912872608319564,-1.03958982417876,1057.54475627133,328,0.0012452,ok
5,34,0.0983148426063969,-1.00738091171568,1138.9578930781,342,0.0011072,ok
5,35,0.101737259235348,-0.992519966281994,1178.60590887721,356,0.0011479,ok
5,36,0.108541732015748,-0.964403252602865,1257.43437237278,370,0.0011012,ok
5,37,0.111157494732758,-0.954061249911938,1287.73746307583,396,0.0013975,ok
5,38,0.114805687890544,-0.940036594879822,1330.00105504606,412,0.0018515,ok
5,39,0.114902170923005,-0.939671765820201,1331.11879178303,420,0.001157,ok
5,40,0.114914108878428,-0.939626646404163,1331.2570906217,424,0.0012649,ok
5,41,0.119753708295919,-0.921711029332861,1387.32288709512,446,0.0011154,ok
5,42,0.119753708295919,-0.921711029332861,1387.32288709512,446,0.0013033,ok
5,43,0.120283374784597,-0.919794395422142,1393.45896799589,466,0.0017757,ok
5,44,0.120819017658483,-0.917864699704339,1399.66428413036,478,0.0015285,ok
5,45,0.128135947902347,-0.892329014006372,1484.42946539312,490,0.0016506,ok
5,46,0.138318968236109,-0.859118259258684,1602.39773017431,492,0.0016549,ok
5,47,0.139413078781706,-0.855696481788331,1615.07278318535,506,0.0016544,ok
5,48,0.142961937004576,-0.844779576166237,1656.18559969602,524,0.0017,ok
5,49,0.148870035177988,-0.827192709007118,1724.62974169224,530,0.001684,ok
5,50,0.150156594946747,-0.823455588632616,1739.53428066823,552,0.0016875,ok
5,51,0.156800071444919,-0.804653743768118,1816.4976342624,564,0.0017683,ok
5,52,0.156800071444919,-0.804653743768118,1816.4976342624,564,0.0017696,ok
5,53,0.157033041851463,-0.804008956610184,1819.19655007564,580,0.0018357,ok
5,54,0.161178748774166,-0.79269221996593,1867.22374003825,596,0.0016078,ok
5,55,0.162185549485114,-0.789987843456854,1878.88732598409,618,0.0018736,ok
5,56,0.162565347350926,-0.788972023675182,1883.28720870344,628,0.0018947,ok
5,57,0.169042725623019,-0.772003513391298,1958.32634739168,646,0.002088,ok
5,58,0.172148581772061,-0.764096550833867,1994.30707300681,674,0.0021219,ok
5,59,0.179110263609338,-0.746879526930505,2074.95677215153,674,0.0020669,ok
5,60,0.182783872202406,-0.738062126558955,2117.5147968834,692,0.0022511,ok
5,61,0.185364370376345,-0.731973739641284,2147.40935487043,706,0.0022425,ok
5,62,0.197292600927092,-0.704889201807059,2285.59553282749,654,0.0020881,ok
5,63,0.198809328748181,-0.70156324102118,2303.16652290065,674,0.0021261,ok
5,64,0.201204991514179,-0.696361249460172,2330.91979945738,682,0.0022803,ok
5,65,0.203332552230137,-0.6917930880505,2355.56716709996,710,0.0019391,ok
5,66,0.210199381850667,-0.677368565468762,2435.11802218333,702,0.0020338,ok
5,67,0.210291101441812,-0.677179104282214,2436.18057540026,712,0.0021603,ok
5,68,0.212610877172519,-0.672414520738571,2463.05471574994,738,0.0021216,ok
5,69,0.21748499481514,-0.662570701439391,2519.52039899453,758,0.002273,ok
5,70,0.222592653768922,-0.652489172796756,2578.69161186877,784,0.0020747,ok
5,71,0.231788702028375,-0.634907736475583,2685.22600151494,770,0.002238,ok
5,72,0.232927584149261,-0.632779077654898,2698.41972431895,786,0.0025482,ok
5,73,0.233446105466118,-0.631813366919223,2704.42669062136,806,0.0024084,ok
5,74,0.24037616387008,-0.619108599951053,2784.71003858219,810,0.0025568,ok
5,75,0.240426751892022,-0.619017210742955,2785.29609075254,820,0.0025795,ok
5,76,0.243857683187693,-0.612863556605314,2825.04274727171,808,0.0025251,ok
5,77,0.247391412982348,-0.60661537891508,2865.98030395113,824,0.0025715,ok
5,78,0.248236471076874,-0.605134411298908,2875.7701338624,842,0.0025898,ok
5,79,0.252084372226858,-0.598454077235155,2920.34730319282,854,0.0025835,ok
5,80,0.252734494697379,-0.597335478957244,2927.87884268001,892,0.0027012,ok
5,81,0.252734494697379,-0.597335478957244,2927.87884268001,892,0.002524,ok
5,82,0.253131834408148,-0.596653233591671,2932.48194418346,910,0.0027778,ok
5,83,0.253131834408148,-0.596653233591671,2932.48194418346,910,0.0029193,ok
5,84,0.253224922354806,-0.596493553360368,2933.56034952681,922,0.0029259,ok
5,85,0.253337222047599,-0.59630099598814,2934.86131912718,934,0.0027216,ok
5,86,0.254146647481145,-0.594915614822353,2944.23835174968,954,0.0027059,ok
5,87,0.260204272647875,-0.58468557644407,3014.41473421695,958,0.0027661,ok
5,88,0.262505715382435,-0.58086123651695,3041.07649045338,976,0.002895,ok
5,89,0.262771721469358,-0.580421373779761,3044.15811805177,992,0.0028603,ok
5,90,0.262771721469358,-0.58042137377976,3044.15811805177,992,0.0027567,ok
5,91,0.274998549414311,-0.56066959701709,3185.80348741847,988,0.0030557,ok
5,92,0.276353262608588,-0.558535403799622,3201.4975702708,1006,0.0027725,ok
5,93,0.280945668671953,-0.551377659017988,3254.69968091273,1022,0.0030952,ok
5,94,0.280945668671953,-0.551377659017988,3254.69968091273,1022,0.0030992,ok
5,95,0.28169712499083,-0.550217585413906,3263.40515287401,1040,0.0033458,ok
5,96,0.284405098309168,-0.546062622612831,3294.7764850493,1060,0.0032153,ok
5,97,0.287659546394374,-0.54112120871443,3332.47861868438,1064,0.0027954,ok
5,98,0.287659546394374,-0.54112120871443,3332.47861868438,1064,0.0028596,ok
5,99,0.288578805673022,-0.53973556831271,3343.1280545523,1076,0.0033409,ok
5,100,0.305329581305177,-0.515231117826276,3537.18245789202,1060,0.0032399,ok
5,101,0.307347186542504,-0.512370758058524,3560.55601318895,1068,0.0033919,ok
5,102,0.314069184425502,-0.502974673249672,3638.42902140548,1064,0.0030928,ok
5,103,0.315808144537491,-0.500576673941153,3658.57452835836,1096,0.0034616,ok
5,104,0.315808144537491,-0.500576673941153,3658.57452835836,1096,0.0031222,ok
5,105,0.317970393489696,-0.497613315684254,3683.62375231707,1106,0.0031485,ok
5,106,0.322930075305563,-0.490891506141088,3741.08067948678,1122,0.0031897,ok
5,107,0.323422415945325,-0.490229883056736,3746.78434785337,1146,0.0030584,ok
5,108,0.323422415945325,-0.490229883056736,3746.78434785338,1146,0.0031047,ok
5,109,0.323515652875179,-0.490104701725239,3747.8644791374,1160,0.0032573,ok
5,110,0.323515652875179,-0.490104701725239,3747.8644791374,1160,0.0034227,ok
5,111,0.324073781057613,-0.489356103810756,3754.33028309823,1172,0.0033193,ok
5,112,0.326329287524078,-0.486343947237852,3780.45987680723,1198,0.0040592,ok
5,113,0.32749204159405,-0.484799249363143,3793.93015139237,1220,0.0036936,ok
5,114,0.330935434301127,-0.480256729069974,3833.82117088364,1250,0.0033662,ok
5,115,0.332250982203345,-0.478533726518076,3849.06153161891,1254,0.003658,ok
5,116,0.332779905660207,-0.477842905711729,3855.18900464391,1270,0.0035726,ok
5,117,0.332779905660207,-0.477842905711729,3855.18900464391,1270,0.0034511,ok
5,118,0.332779905660207,-0.477842905711729,3855.18900464391,1270,0.0035584,ok
5,119,0.332779905660207,-0.477842905711729,3855.18900464392,1270,0.0034627,ok
5,120,0.332779905660207,-0.477842905711729,3855.18900464392,1270,0.0035653,ok
5,121,0.332779905660207,-0.477842905711729,3855.18900464392,1270,0.0037462,ok
5,122,0.332779905660207,-0.477842905711729,3855.18900464392,1270,0.0034457,ok
5,123,0.33546119191384,-0.474357714280464,3886.25117248365,1292,0.0035872,ok
5,124,0.33546119191384,-0.474357714280464,3886.25117248365,1292,0.0034285,ok
5,125,0.33546119191384,-0.474357714280464,3886.25117248365,1292,0.0039211,ok
5,126,0.338392406080464,-0.470579391597423,3920.20870547532,1322,0.0035598,ok
5,127,0.34226399567656,-0.465638783892804,3965.06030074143,1338,0.0036065,ok
5,128,0.34226399567656,-0.465638783892804,3965.06030074143,1338,0.0042422,ok
5,129,0.34226399567656,-0.465638783892804,3965.06030074143,1338,0.0038012,ok
5,130,0.34226399567656,-0.465638783892804,3965.06030074143,1338,0.0034809,ok
5,131,0.34226399567656,-0.465638783892804,3965.06030074143,1338,0.0037344,ok
5,132,0.342343904976906,-0.465537399820791,3965.98603408897,1346,0.0035911,ok
5,133,0.342422767083419,-0.465437367563852,3966.89963590429,1364,0.0037618,ok
5,134,0.347355860590739,-0.459225369307988,4024.0485428089,1390,0.0037579,ok
5,135,0.347355860590739,-0.459225369307988,4024.0485428089,1390,0.0041282,ok
5,136,0.348722230325843,-0.457520366360443,4039.8776643678,1394,0.0039148,ok
5,137,0.349743169807167,-0.456250758162861,4051.70504515569,1404,0.0039969,ok
5,138,0.349743169807167,-0.456250758162861,4051.70504515569,1404,0.0039639,ok
5,139,0.355527584190604,-0.449126698177466,4118.71633505041,1382,0.0039926,ok
5,140,0.356307591857121,-0.448174924024148,4127.75256869417,1394,0.0037749,ok
5,141,0.362443801091608,-0.44075932362517,4198.83933195308,1408,0.0041069,ok
5,142,0.364289513114025,-0.438553330713244,4220.2215385513,1420,0.0040785,ok
5,143,0.368159252208231,-0.433964280797793,4265.05169612113,1432,0.0036075,ok
5,144,0.372010067339381,-0.429445307078371,4309.66262334366,1426,0.0043322,ok
5,145,0.374146483392636,-0.426958332360899,4334.41257830717,1438,0.004033,ok
5,146,0.374146483392636,-0.426958332360899,4334.41257830717,1438,0.0040211,ok
5,147,0.376179517988222,-0.424604854364721,4357.96487965005,1456,0.0044099,ok
5,148,0.376285199273732,-0.424482863795897,4359.18917631871,1472,0.0040563,ok
5,149,0.376285199273731,-0.424482863795898,4359.1891763187,1472,0.0046226,ok
5,150,0.376372719415547,-0.424381863025499,4360.20307975058,1482,0.0046714,ok
5,151,0.376372719415547,-0.424381863025499,4360.20307975058,1482,0.0045355,ok
5,152,0.376372719415547,-0.424381863025499,4360.20307975058,1482,0.0042722,ok
5,153,0.376486101380862,-0.424251051880313,4361.51658726282,1496,0.004478,ok
5,154,0.376486101380862,-0.424251051880313,4361.51658726282,1496,0.0043207,ok
5,155,0.376486101380862,-0.424251051880313,4361.51658726282,1496,0.0045973,ok
5,156,0.376486101380862,-0.424251051880313,4361.51658726282,1496,0.0047325,ok
5,157,0.376486101380862,-0.424251051880313,4361.51658726282,1496,0.0046565,ok
5,158,0.376486101380862,-0.424251051880313,4361.51658726282,1496,0.0046218,ok
5,159,0.382723872034782,-0.417114448228494,4433.77991936148,1502,0.0047364,ok
5,160,0.383158228984149,-0.416621842783712,4438.81185820998,1528,0.0046653,ok
5,161,0.388499538991975,-0.410609492212771,4500.68987206335,1522,0.0044647,ok
5,162,0.388499538991975,-0.410609492212772,4500.68987206334,1522,0.0044495,ok
5,163,0.388978459149591,-0.410074448369655,4506.23806681411,1536,0.0045311,ok
5,164,0.389614931418917,-0.40936440777755,4513.61147143599,1554,0.004714,ok
5,165,0.389614931418917,-0.40936440777755,4513.61147143599,1554,0.0044337,ok
5,166,0.38962435233069,-0.409353906638597,4513.72061082472,1564,0.0044757,ok
5,167,0.38962435233069,-0.409353906638597,4513.72061082472,1564,0.0044635,ok
5,168,0.395071489190037,-0.403324310572198,4576.82460770002,1568,0.0046635,ok
5,169,0.395994830976823,-0.402310482995937,4587.52133861256,1608,0.0044908,ok
5,170,0.403097147101909,-0.394590275531599,4669.80025800409,1568,0.0042708,ok
5,171,0.403097147101909,-0.394590275531599,4669.80025800409,1568,0.0048586,ok
5,172,0.403097147101909,-0.394590275531599,4669.80025800409,1568,0.0046133,ok
5,173,0.403097147101909,-0.394590275531599,4669.80025800409,1568,0.0042916,ok
5,174,0.403097147101909,-0.394590275531599,4669.80025800409,1568,0.0039696,ok
5,175,0.403850996433561,-0.393778841233654,4678.53345254231,1596,0.0041998,ok
5,176,0.405148742146349,-0.392385505096366,4693.56757845457,1632,0.0042384,ok
5,177,0.405148742146349,-0.392385505096366,4693.56757845457,1632,0.0043595,ok
5,178,0.405197403784581,-0.392333345951546,4694.13131385285,1648,0.0051132,ok
5,179,0.405939403274918,-0.391538791022443,4702.72723033682,1674,0.0047489,ok
5,180,0.405939403274918,-0.391538791022442,4702.72723033683,1674,0.005014,ok
5,181,0.405987077145487,-0.391487790101935,4703.27952264324,1682,0.0048507,ok
5,182,0.405987077145487,-0.391487790101935,4703.27952264324,1682,0.0044836,ok
5,183,0.405987077145487,-0.391487790101935,4703.27952264324,1682,0.0045199,ok
5,184,0.405987077145487,-0.391487790101935,4703.27952264324,1682,0.0040476,ok
5,185,0.40870952539225,-0.388585240494706,4734.81854398472,1696,0.005043,ok
5,186,0.412161106542659,-0.384932992689866,4774.804424963,1710,0.004274,ok
5,187,0.413524047330844,-0.383499230199889,4790.59382285398,1724,0.0040516,ok
5,188,0.413524047330844,-0.383499230199889,4790.59382285398,1724,0.0040496,ok
5,189,0.413524047330844,-0.383499230199889,4790.59382285398,1724,0.0047429,ok
5,190,0.413525561361609,-0.383497640125485,4790.61136259919,1728,0.0045387,ok
5,191,0.413552569331603,-0.383469276632594,4790.92424455867,1738,0.0041904,ok
5,192,0.413747799512823,-0.383264302973276,4793.18594736948,1754,0.0042203,ok
5,193,0.414517860261417,-0.382456752337176,4802.10694794792,1776,0.0045144,ok
5,194,0.414834441377205,-0.382125193750873,4805.77447719445,1792,0.0042951,ok
5,195,0.414834441377205,-0.382125193750873,4805.77447719445,1792,0.0041667,ok
5,196,0.414834441377205,-0.382125193750873,4805.77447719445,1792,0.0039698,ok
5,197,0.414834441377205,-0.382125193750873,4805.77447719445,1792,0.004345,ok
5,198,0.414834441377205,-0.382125193750873,4805.77447719445,1792,0.0040479,ok
5,199,0.414834441377205,-0.382125193750873,4805.77447719445,1792,0.0042629,ok
5,200,0.414834441377205,-0.382125193750873,4805.77447719445,1792,0.0045364,ok
6,7,5.96520598286571e-06,-5.22437455523297,1,7,0.0281699,ok
6,8,0.000113209447859142,-3.94611732772484,18.978296505489,15,0.0039878,ok
6,9,0.000218893616974208,-3.65976690244896,36.6950642782414,24,0.003051,ok
6,10,0.000476957431779738,-3.32152037980291,79.9565736958182,40,0.0030786,ok
6,11,0.000719296579232923,-3.1430920050736,120.582018676138,61,0.006337,ok
6,12,0.000794429982572616,-3.09994437350044,133.177292595514,81,0.000966,ok
6,13,0.000979366897361436,-3.00905457923982,164.179895912151,110,0.0009976,ok
6,14,0.00301618494852039,-2.52054203161554,505.629639141379,134,0.0007384,ok
6,15,0.003479336621755,-2.45850355173575,583.271831978468,162,0.0007592,ok
6,16,0.00451584399748026,-2.3452610694494,757.030689376266,196,0.001102,ok
6,17,0.00540522219806886,-2.2671864483505,906.124987736328,224,0.0010555,ok
6,18,0.0071196514262135,-2.1475412686353,1193.5298540677,251,0.000989,ok
6,19,0.00845166113746714,-2.07305792395744,1416.82636974204,297,0.0010649,ok
6,20,0.0102218911286093,-1.99046874894291,1713.58560927659,349,0.0011389,ok
6,21,0.011702806485425,-1.93170997629017,1961.84448936714,390,0.0011025,ok
6,22,0.0126789767680636,-1.89691579392391,2125.48850860848,418,0.0011998,ok
6,23,0.0149605003932624,-1.82505388010804,2507.96040174212,450,0.0015638,ok
6,24,0.0150139003690481,-1.82350647040091,2516.91230984707,470,0.0015082,ok
6,25,0.0176685732621057,-1.75279851837163,2961.9385001719,523,0.0016142,ok
6,26,0.0177749128369745,-1.75019252024736,2979.76513938172,551,0.0018296,ok
6,27,0.0195197536712539,-1.70952566719649,3272.26817101067,568,0.0017784,ok
6,28,0.0199137187527108,-1.70084763083276,3338.31200630965,630,0.0017879,ok
6,29,0.0208489264203136,-1.6809163033635,3495.0891017342,683,0.0018463,ok
6,30,0.0249635620921369,-1.60269344436693,4184.86170701256,711,0.0021239,ok
6,31,0.0253262417771092,-1.59642925144745,4245.66089584427,764,0.0024437,ok
6,32,0.0272006852317591,-1.56542015520759,4559.89035582167,811,0.0021957,ok
6,33,0.0293429958098455,-1.53249554839098,4919.02474015641,855,0.0023226,ok
6,34,0.0315827664565983,-1.50054983112907,5294.49721389601,920,0.0023688,ok
6,35,0.0334662946348911,-1.4753923697666,5610.24962608479,964,0.0023405,ok
6,36,0.0335361550737814,-1.47448673081638,5621.96094654731,1011,0.0024882,ok
6,37,0.0378462644299124,-1.42197698056387,6344.5025265885,1037,0.0025611,ok
6,38,0.0410925030149319,-1.38623740430967,6888.6980823403,1088,0.0024801,ok
6,39,0.0410925030149319,-1.38623740430967,6888.6980823403,1088,0.0026704,ok
6,40,0.0449575054918495,-1.34719779399548,7536.62247724289,1099,0.0026119,ok
6,41,0.0455397154700083,-1.34160968716381,7634.22346199197,1140,0.0027169,ok
6,42,0.0508397424134058,-1.29379665852558,8522.71364298843,1146,0.0026244,ok
6,43,0.0521295622787293,-1.28291592173959,8738.93750332591,1207,0.0028889,ok
6,44,0.0544721486235161,-1.26382549388543,9131.64587777527,1251,0.0036211,ok
6,45,0.0601160717776231,-1.22100940568059,10077.7864084323,1261,0.002929,ok
6,46,0.0629694679709791,-1.20086997603642,10556.12633526,1268,0.0033977,ok
6,47,0.0664608888508338,-1.17743385474507,11141.4239578204,1323,0.0033989,ok
6,48,0.0669624729983566,-1.17416851574198,11225.508924704,1388,0.0036822,ok
6,49,0.0699659335901487,-1.1551133664863,11729.0054678945,1431,0.0035513,ok
6,50,0.0716657466637734,-1.14468836998654,12013.9600995547,1520,0.0034428,ok
6,51,0.0724897443951822,-1.13972343160323,12152.094094219,1621,0.0041527,ok
6,52,0.0737579554824907,-1.13219113011845,12364.6954848418,1669,0.0042173,ok
6,53,0.0753070634673579,-1.12316428699947,12624.3860955796,1766,0.0044256,ok
6,54,0.075592739699232,-1.12151991428683,12672.2765175859,1831,0.0039638,ok
6,55,0.0781559882372405,-1.10703774114118,13101.9764383214,1880,0.0045272,ok
6,56,0.0833073937165147,-1.07931645228127,13965.5518947383,1918,0.004331,ok
6,57,0.0854896304254801,-1.06808656038421,14331.3794479249,2020,0.0046046,ok
6,58,0.086856123846185,-1.06119955592906,14560.4567714289,2058,0.0047682,ok
6,59,0.0868792831766628,-1.0610837710161,14564.3391739049,2082,0.0046689,ok
6,60,0.0885878389852564,-1.05262589238034,14850.759427204,2190,0.0054122,ok
6,61,0.0925893018985139,-1.03343919036825,15521.5598865261,2205,0.0047833,ok
6,62,0.0962007689317723,-1.01682145663692,16126.9819027367,2250,0.0049285,ok
6,63,0.0962052712539677,-1.01680113156101,16127.7366666474,2269,0.0048989,ok
6,64,0.10128641138713,-0.994448815799039,16979.5329244392,2316,0.0051047,ok
6,65,0.101337995519599,-0.994227690368879,16988.1804267413,2365,0.0051006,ok
6,66,0.102096565403916,-0.990988867621378,17115.3461753333,2451,0.007118,ok
6,67,0.102277142685241,-0.990221413353624,17145.6179349078,2532,0.0064871,ok
6,68,0.103691523274446,-0.984256745497214,17382.7230060934,2633,0.0067761,ok
6,69,0.103808865854304,-0.983765553740215,17402.3941759064,2683,0.0069017,ok
6,70,0.103849737555622,-0.983594596656944,17409.2458590562,2734,0.0078069,ok
6,71,0.107139324992115,-0.970051094131941,17960.7083644485,2875,0.0071926,ok
6,72,0.107590761490831,-0.968225018686431,18036.3866394339,2966,0.0073422,ok
6,73,0.107594126381183,-0.968211436382146,18036.9507256301,2977,0.0074129,ok
6,74,0.107849809641366,-0.967180617105502,18079.8131617165,3046,0.007875,ok
6,75,0.111399748609928,-0.953115789211161,18674.9206867138,3050,0.0077276,ok
6,76,0.111399748609928,-0.953115789211161,18674.9206867138,3050,0.008294,ok
6,77,0.112095024401042,-0.950413664150154,18791.4758891847,3131,0.0076882,ok
6,78,0.112310873558152,-0.949578194783092,18827.6605838509,3180,0.0077823,ok
6,79,0.115553203438531,-0.9372180102334,19371.2008890293,3211,0.0073827,ok
6,80,0.115977061138426,-0.935627900481197,19442.2558871487,3281,0.007345,ok
6,81,0.118508753861672,-0.926249568528104,19866.6658288201,3369,0.0075322,ok
6,82,0.118874605862152,-0.924910909988715,19927.9968208313,3426,0.007614,ok
6,83,0.122238639353678,-0.912791492901879,20491.9393738947,3508,0.0092119,ok
6,84,0.126815921980745,-0.896826216530978,21259.2695616895,3518,0.0090394,ok
6,85,0.132430272580945,-0.878012727040846,22200.4525847613,3526,0.0077766,ok
6,86,0.13267284159017,-0.877217969031939,22241.1165634943,3596,0.0079174,ok
6,87,0.1411152714474,-0.850425984499013,23656.3954124528,3630,0.0079966,ok
6,88,0.143705697553474,-0.842526012888868,24090.65134821,3669,0.0082109,ok
6,89,0.143729531885115,-0.842453988880152,24094.646907074,3693,0.0080979,ok
6,90,0.14470960997463,-0.839502626998656,24258.9460263887,3740,0.0083933,ok
6,91,0.145198079643701,-0.838039127476552,24340.832497782,3834,0.0091243,ok
6,92,0.146321335997248,-0.834692342157228,24529.1338501197,3917,0.0094595,ok
6,93,0.146400392422278,-0.834457759161497,24542.3867747055,3947,0.0099014,ok
6,94,0.150532832359429,-0.822368766798203,25235.1440657398,4042,0.009576,ok
6,95,0.150590220970642,-0.822203229439307,25244.7646239196,4100,0.0096242,ok
6,96,0.150653101272496,-0.822021923720668,25255.3058025536,4141,0.009876,ok
6,97,0.151205271016767,-0.820433069062358,25347.8708784046,4170,0.009969,ok
6,98,0.151304704214019,-0.820147569118716,25364.5397407269,4234,0.0101788,ok
6,99,0.151310088083638,-0.820132115909377,25365.4422861938,4252,0.0099527,ok
6,100,0.151310088083639,-0.820132115909376,25365.4422861939,4252,0.0107697,ok
6,101,0.151384736177606,-0.819917911678888,25377.9562034302,4285,0.0106479,ok
6,102,0.151532867314261,-0.819493158943266,25402.7887300992,4339,0.0105762,ok
6,103,0.151735708296941,-0.818912203712805,25436.792749954,4410,0.0118257,ok
6,104,0.152594795807359,-0.816460277591408,25580.8091532242,4451,0.0108995,ok
6,105,0.153603020184788,-0.813600245003123,25749.8266825978,4558,0.012571,ok
6,106,0.153809138672156,-0.813017859872818,25784.3801394206,4615,0.0113554,ok
6,107,0.153901140145696,-0.812758162773134,25799.8031564638,4662,0.0118814,ok
6,108,0.162010457676977,-0.790456951106634,27159.2394533116,4479,0.0104264,ok
6,109,0.162405509176305,-0.78939924255613,27225.4654144037,4547,0.0105146,ok
6,110,0.164433224612922,-0.784010426405446,27565.3892062127,4622,0.0104708,ok
6,111,0.169131398378702,-0.771775760369186,28352.9854399848,4565,0.0107542,ok
6,112,0.170671460843647,-0.76783909420068,28611.1596705762,4671,0.0111642,ok
6,113,0.170967651440041,-0.767086054111245,28660.8127080815,4716,0.0111327,ok
6,114,0.170967651440041,-0.767086054111245,28660.8127080815,4716,0.0114608,ok
6,115,0.171030608085981,-0.766926160173319,28671.3666849468,4765,0.0114341,ok
6,116,0.171030608085981,-0.766926160173319,28671.3666849468,4765,0.0116257,ok
6,117,0.171030608085981,-0.766926160173319,28671.3666849468,4765,0.0116825,ok
6,118,0.173654709692782,-0.760313433684345,29111.2679413893,4865,0.0114853,ok
6,119,0.175399753757546,-0.755971020672452,29403.8050423337,5003,0.011763,ok
6,120,0.176598713204456,-0.753012465255847,29604.7971707453,5079,0.0118446,ok
6,121,0.179114846788662,-0.746868414088709,30026.5987969478,5138,0.0119879,ok
6,122,0.179114846788662,-0.746868414088709,30026.5987969478,5138,0.0120555,ok
6,123,0.179137803255751,-0.746812755787265,30030.4471916479,5166,0.0128469,ok
6,124,0.180269257264185,-0.744078330620461,30220.1227890512,5297,0.0134533,ok
6,125,0.181033267801665,-0.742241609135911,30348.2006022357,5400,0.0136673,ok
6,126,0.181033267801665,-0.742241609135911,30348.2006022357,5400,0.0135682,ok
6,127,0.182920828257247,-0.737736840821109,30664.6289805689,5434,0.0135984,ok
6,128,0.182996037078138,-0.737558315153353,30677.2368973965,5501,0.0136187,ok
6,129,0.184448850393121,-0.734124047238369,30920.7847847881,5611,0.0132485,ok
6,130,0.184482833672863,-0.73404403919597,30926.4817011795,5675,0.0138423,ok
6,131,0.185086899673019,-0.732624319232293,31027.746603329,5769,0.0134104,ok
6,132,0.190532733373787,-0.720030402128007,31940.6796548297,5706,0.0144085,ok
6,133,0.190573803976163,-0.719936797141991,31947.5646815151,5738,0.016086,ok
6,134,0.190573803976163,-0.719936797141991,31947.5646815151,5738,0.0138522,ok
6,135,0.190645895552435,-0.719772540288642,31959.6500271811,5784,0.0139844,ok
6,136,0.194375574795599,-0.711358309358024,32584.8889969463,5848,0.013899,ok
6,137,0.19530112940107,-0.709295245236292,32740.0478645746,5928,0.0150002,ok
6,138,0.19543730591999,-0.70899253269112,32762.8763334172,5962,0.0157484,ok
6,139,0.19632166818784,-0.707031764306885,32911.1297668092,6078,0.0182728,ok
6,140,0.19632166818784,-0.707031764306885,32911.1297668092,6078,0.0152941,ok
6,141,0.196326253520211,-0.707021620947216,32911.8984464465,6094,0.0159326,ok
6,142,0.196326253520211,-0.707021620947216,32911.8984464465,6094,0.0156999,ok
6,143,0.197364592678509,-0.704730757358377,33085.964381685,6162,0.0156352,ok
6,144,0.197421747759,-0.704605007636561,33095.5457910537,6216,0.0166188,ok
6,145,0.197537929775304,-0.704349502009517,33115.0224053798,6266,0.0160963,ok
6,146,0.20123231124194,-0.696302284712368,33734.3440980838,6298,0.0164392,ok
6,147,0.202124308436014,-0.694381453012255,33883.8774413809,6366,0.0169673,ok
6,148,0.205819244216656,-0.686514020893472,34503.2920586223,6240,0.0170208,ok
6,149,0.205819244216657,-0.686514020893472,34503.2920586223,6240,0.0164842,ok
6,150,0.205839390026568,-0.686471513760827,34506.669278113,6265,0.0161897,ok
6,151,0.206479446310871,-0.685123173053765,34613.967548473,6382,0.0170217,ok
6,152,0.206906568885754,-0.684225721100584,34685.5698663326,6478,0.0173775,ok
6,153,0.207404957934078,-0.683180866183836,34769.1192106059,6560,0.0176881,ok
6,154,0.207493828754618,-0.682994815470788,34784.0174087227,6623,0.0185395,ok
6,155,0.207493828754618,-0.682994815470788,34784.0174087227,6623,0.0191668,ok
6,156,0.207493828754618,-0.682994815470787,34784.0174087228,6623,0.0179185,ok
6,157,0.208802942619542,-0.680263385198395,35003.4756920886,6733,0.0172696,ok
6,158,0.209270977064533,-0.679290998009688,35081.936426946,6826,0.0181161,ok
6,159,0.209366132121888,-0.679093570136529,35097.8881070101,6868,0.0180032,ok
6,160,0.209687807244282,-0.678426821802069,35151.8133399891,6931,0.0188867,ok
6,161,0.209956701634328,-0.67787025850469,35196.8904740928,7020,0.0191124,ok
6,162,0.21180223030356,-0.674069471030095,35506.2726940084,7043,0.0188217,ok
6,163,0.212436293185562,-0.672771285218918,35612.5662375714,7127,0.0201179,ok
6,164,0.212809749836658,-0.672008478805272,35675.1720641209,7190,0.0232709,ok
6,165,0.214280750737139,-0.669016840736617,35921.7688966035,7333,0.0202094,ok
6,166,0.214351269125095,-0.668873940786919,35933.590514861,7389,0.0195612,ok
6,167,0.217347232573404,-0.662845885198248,36435.8302458802,7532,0.0201613,ok
6,168,0.218538924486008,-0.660471198584051,36635.6040535286,7614,0.019912,ok
6,169,0.220190290110438,-0.657201836338082,36912.4370127212,7705,0.0199647,ok
6,170,0.225111870649472,-0.647601603081962,37737.4848908952,7655,0.0206556,ok
6,171,0.228582657733145,-0.640956722044411,38319.3234885298,7680,0.0206283,ok
6,172,0.228582657733145,-0.640956722044411,38319.3234885298,7680,0.0202602,ok
6,173,0.228757355149121,-0.640624933330044,38348.6095545061,7787,0.0203206,ok
6,174,0.228757355149121,-0.640624933330044,38348.6095545062,7787,0.0214267,ok
6,175,0.230210426627729,-0.637875010313784,38592.2007201392,7869,0.0216998,ok
6,176,0.231071211123176,-0.636254159363685,38736.501603951,7944,0.021829,ok
6,177,0.231360777193645,-0.635710265488846,38785.0441138494,8046,0.0228314,ok
6,178,0.233519519214627,-0.631676812173216,39146.9330456286,8154,0.0221119,ok
6,179,0.234271606326329,-0.63028034462129,39273.0120299691,8225,0.0239405,ok
6,180,0.234321922266054,-0.630187078565637,39281.4469339555,8285,0.0244605,ok
6,181,0.234612454135864,-0.629648937578883,39330.1513493009,8365,0.0231816,ok
6,182,0.236579319922404,-0.626023220976524,39659.8743785124,8302,0.021742,ok
6,183,0.243357541130616,-0.613755191353208,40796.167278989,8144,0.021304,ok
6,184,0.243470643515005,-0.613553396371473,40815.1276275025,8211,0.0218956,ok
6,185,0.243470643515005,-0.613553396371473,40815.1276275025,8211,0.0226992,ok
6,186,0.244283820026327,-0.612105297275391,40951.4475657673,8253,0.0245666,ok
6,187,0.246263224480471,-0.60860043833418,41283.2725622268,8342,0.0229978,ok
6,188,0.250488362391325,-0.601212446509851,41991.5696307588,8333,0.0218476,ok
6,189,0.250488362391325,-0.601212446509851,41991.5696307588,8333,0.0229098,ok
6,190,0.251809854023435,-0.598927278738617,42213.1029082192,8464,0.0233033,ok
6,191,0.252307627138263,-0.598069620770601,42296.5489981376,8488,0.0228947,ok
6,192,0.252309868303798,-0.59806576309292,42296.9247044486,8508,0.0235339,ok
6,193,0.252309868303798,-0.59806576309292,42296.9247044486,8508,0.0233277,ok
6,194,0.252357895485268,-0.59798310300859,42304.9759237373,8566,0.0234568,ok
6,195,0.252547098031831,-0.597657617513949,42336.6936124654,8639,0.023626,ok
6,196,0.252547098031831,-0.597657617513949,42336.6936124654,8639,0.0239202,ok
6,197,0.252547098031831,-0.597657617513949,42336.6936124654,8639,0.0239901,ok
6,198,0.254396388517782,-0.594489058345682,42646.7064588387,8654,0.0238471,ok
6,199,0.254690158363502,-0.59398783654798,42695.9536845948,8733,0.0245247,ok
6,200,0.254690158363502,-0.59398783654798,42695.9536845948,8733,0.0244306,ok
7,8,6.32788143631011e-06,-5.19874166668463,1,8,0.0275261,ok
7,9,4.41028428466323e-05,-4.35553341523029,6.9696063825667,20,0.0035664,ok
7,10,8.06429701163019e-05,-4.09343348534589,12.7440709703509,38,0.003136,ok
7,11,0.000136137180848832,-3.86602324707998,21.513864034756,64,0.0029906,ok
7,12,0.000204745592905299,-3.68878543754072,32.3561044823699,98,0.0061556,ok
7,13,0.000235101434187784,-3.62874472154311,37.1532615700959,142,0.001167,ok
7,14,0.00039637996097014,-3.40188830943417,62.6402319575185,192,0.0011767,ok
7,15,0.000495814083587257,-3.30468114126856,78.3538832984794,246,0.0013184,ok
7,16,0.000736909381025508,-3.13258591477361,116.454359716198,276,0.001213,ok
7,17,0.000829921868350838,-3.08096279164957,131.15319506283,364,0.0015349,ok
7,18,0.0011569214475932,-2.93669612768174,182.829191608214,454,0.0015631,ok
7,19,0.00153312525930784,-2.81442236099437,242.280971086246,516,0.0016735,ok
7,20,0.00187817605515493,-2.72626370056905,296.809615360006,612,0.0019194,ok
7,21,0.00195503891024374,-2.708844594618,308.956311827447,688,0.0022014,ok
7,22,0.00244019687006466,-2.61257513426222,385.626199641247,804,0.0022374,ok
7,23,0.00267737896949509,-2.57229015226771,423.108270349691,894,0.0025949,ok
7,24,0.00330874993165643,-2.48033605466112,522.884312065401,1022,0.0028608,ok
7,25,0.00353562096034034,-2.45153430012281,558.736916284895,1142,0.0032403,ok
7,26,0.00424221818050966,-2.37240699914932,670.401021764935,1290,0.003465,ok
7,27,0.00537720276160018,-2.26944358699622,849.763513384618,1392,0.0038624,ok
7,28,0.00599830427157398,-2.2219715078806,947.916665624458,1516,0.0038774,ok
7,29,0.00700689829320602,-2.15447418634829,1107.3055593298,1700,0.0041353,ok
7,30,0.00770526809857606,-2.11321224575717,1217.6694800826,1884,0.0045069,ok
7,31,0.00861616464963192,-2.06468601052909,1361.61916691286,2040,0.0057284,ok
7,32,0.00878178186830715,-2.05641735458839,1387.79178413747,2192,0.0051798,ok
7,33,0.00965429221510696,-2.01527956013843,1525.67526940526,2368,0.0057731,ok
7,34,0.0108824720322734,-1.96327244029691,1719.76547629805,2496,0.00652,ok
7,35,0.0116692256954912,-1.93295796034983,1844.09676649942,2650,0.0067255,ok
7,36,0.0122060893169027,-1.91342345645905,1928.93774002508,2876,0.0075336,ok
7,37,0.014489947833432,-1.83893317806874,2289.85766867992,2940,0.0072723,ok
7,38,0.0155301431593883,-1.80882454085574,2454.24054096124,3150,0.0077183,ok
7,39,0.0156181022490491,-1.80637173824598,2468.14078396454,3240,0.00777,ok
7,40,0.0168501215455567,-1.77339696207014,2662.83774674866,3442,0.0087327,ok
7,41,0.0182347860627916,-1.7390993276227,2881.65735188373,3584,0.0088365,ok
7,42,0.0193615091080363,-1.71306079518103,3059.71426660079,3802,0.0094306,ok
7,43,0.0207349074944893,-1.68329789783179,3276.75347637047,3982,0.0097063,ok
7,44,0.0209562617489251,-1.67868618574404,3311.73426048657,4122,0.0108644,ok
7,45,0.0211834007549024,-1.67400431757462,3347.6292133651,4366,0.0111341,ok
7,46,0.0218383083082709,-1.66078100703134,3451.12476080228,4518,0.0115462,ok
7,47,0.0223586083958682,-1.65055523051741,3533.34818626214,4714,0.0122633,ok
7,48,0.022900914086217,-1.64014718252137,3619.04917415312,4988,0.0129695,ok
7,49,0.0242245590944351,-1.6157441186981,3828.22581906036,5284,0.0138511,ok
7,50,0.0256996651481887,-1.59007253523841,4061.33797019664,5524,0.0154875,ok
7,51,0.0267178611501047,-1.5731983114617,4222.24427227643,5778,0.0169189,ok
7,52,0.0275282847979328,-1.56022084730623,4350.316148462,6044,0.0167833,ok
7,53,0.0276219782516362,-1.55874522101433,4365.1225974523,6280,0.0178729,ok
7,54,0.0278476341944799,-1.55521169456298,4400.78318071622,6506,0.0180358,ok
7,55,0.0281296640317127,-1.55083545482536,4445.3525741335,6784,0.018235,ok
7,56,0.028978932553772,-1.53791761591607,4579.56313585263,6866,0.0184808,ok
7,57,0.0297638808328872,-1.52631044293717,4703.60911980725,7198,0.0194162,ok
7,58,0.0308256608237993,-1.51108760446286,4871.40303339411,7520,0.0177008,ok
7,59,0.0310090405423955,-1.50851167115673,4900.38267222614,7848,0.0184419,ok
7,60,0.031861114948401,-1.49673903056045,5035.03664995653,8150,0.0206883,ok
7,61,0.0333638435335026,-1.47672392418419,5272.51401109651,8426,0.0205626,ok
7,62,0.0344010837749607,-1.46342787515897,5436.42988908789,8754,0.0207383,ok
7,63,0.0353886648480359,-1.45113582221891,5592.49809027262,8858,0.0224807,ok
7,64,0.0353886648480361,-1.4511358222189,5592.49809027266,8858,0.0228189,ok
7,65,0.0361147087713452,-1.44231588293598,5707.23537329806,9166,0.0249885,ok
7,66,0.0364713504099928,-1.43804815594176,5763.59572742878,9458,0.024841,ok
7,67,0.0373572646092568,-1.42762493138727,5903.59743387361,9806,0.0255193,ok
7,68,0.038993918593234,-1.4090031193156,6162.2391294316,10104,0.0278505,ok
7,69,0.0391391252895787,-1.4073888845072,6185.18625601831,10308,0.0287436,ok
7,70,0.0392159607906776,-1.40653714031275,6197.32862971356,10446,0.0288278,ok
7,71,0.0394266591468912,-1.40421002169778,6230.6254539879,10724,0.0294171,ok
7,72,0.0417560164965806,-1.37928093950944,6598.73559845477,10968,0.0264319,ok
7,73,0.0445306012961864,-1.35134144055589,7037.20538135635,11058,0.0275454,ok
7,74,0.0460115611079678,-1.33713303148038,7271.24260640349,11436,0.0320864,ok
7,75,0.0465384017880853,-1.3321885352421,7354.49964676055,11694,0.0344688,ok
7,76,0.0474970927154713,-1.32333297261239,7506.00231586635,11946,0.0341061,ok
7,77,0.0494801061418548,-1.30556937741858,7819.37946212651,12024,0.0315936,ok
7,78,0.0496892074205633,-1.30373793051591,7852.42389900685,12320,0.0325592,ok
7,79,0.0506478656918879,-1.29543885114804,8003.92140745,12572,0.0332843,ok
7,80,0.0513690811878731,-1.28929820220646,8117.89565036909,13018,0.0350744,ok
7,81,0.0515490257552365,-1.2877795382005,8146.33242959363,13442,0.0356574,ok
7,82,0.0529549827737087,-1.2760931689028,8368.51690517572,13746,0.0336111,ok
7,83,0.0532319778131007,-1.27382739748761,8412.29064559421,14002,0.0342304,ok
7,84,0.0535413177250562,-1.27131094443638,8461.17587125289,14318,0.0349371,ok
7,85,0.0540403424186077,-1.26728190779877,8540.03712972845,14764,0.0358508,ok
7,86,0.0541811886225699,-1.26615147168083,8562.29516432973,14958,0.0377816,ok
7,87,0.0555324876077943,-1.25545287163566,8775.84198862238,14982,0.0383224,ok
7,88,0.0567289010228275,-1.24619562969715,8964.91212640467,14894,0.0385939,ok
7,89,0.0575387784689937,-1.2400393622894,9092.89768591897,15116,0.0399671,ok
7,90,0.0576907054109702,-1.23889415068965,9116.90681812311,15376,0.0382964,ok
7,91,0.058248182191378,-1.23471762354782,9205.00530511574,15834,0.0396289,ok
7,92,0.0587560297718156,-1.23094755778386,9285.26085123321,16362,0.0486516,ok
7,93,0.0590136003551125,-1.22904788872212,9325.96492982403,16640,0.0483632,ok
7,94,0.0598920503948617,-1.22263081865846,9464.78706936483,16950,0.0513098,ok
7,95,0.0602073413477532,-1.22035055006396,9514.61274262766,17264,0.0505348,ok
7,96,0.0605025947852928,-1.21822599928523,9561.27187183407,17662,0.0485935,ok
7,97,0.0607559050031013,-1.21641150562046,9601.30268157001,17984,0.0476264,ok
7,98,0.060935755454127,-1.21512780031109,9629.72458751686,18206,0.0536592,ok
7,99,0.0616817240005993,-1.20984349628194,9747.61057415876,18232,0.0527332,ok
7,100,0.0616817240005997,-1.20984349628194,9747.61057415883,18232,0.0553708,ok
7,101,0.0616817240005997,-1.20984349628194,9747.61057415883,18232,0.0546358,ok
7,102,0.0619960751364602,-1.20763580405872,9797.287727409,18508,0.0566501,ok
7,103,0.0634107200023574,-1.19783731555179,10020.8451502425,18848,0.0575844,ok
7,104,0.0634138131510758,-1.1978161313631,10021.333962928,18906,0.059239,ok
7,105,0.0648335361111398,-1.18820029072666,10245.6938809121,19282,0.0592298,ok
7,106,0.0651162365865365,-1.18631070758032,10290.3692557974,19596,0.0610152,ok
7,107,0.0659408049419331,-1.18084575571112,10420.6764310654,20002,0.0588601,ok
7,108,0.0671822624619546,-1.1727453747397,10616.8649236149,20468,0.0588004,ok
7,109,0.06742786007888,-1.17116062307112,10655.6769050651,20826,0.0596696,ok
7,110,0.0683455229613322,-1.16528992903867,10800.6958804819,21102,0.0619588,ok
7,111,0.0710625758474401,-1.14835905443106,11230.0738505742,21132,0.0598561,ok
7,112,0.0716019229668326,-1.14507531396771,11315.3072932076,21500,0.0618176,ok
7,113,0.0716019229668329,-1.1450753139677,11315.3072932076,21500,0.0597915,ok
7,114,0.0716019229668329,-1.1450753139677,11315.3072932076,21500,0.0604879,ok
7,115,0.072849929091599,-1.13757086661386,11512.5306668323,21972,0.0608667,ok
7,116,0.0732544189275288,-1.13516617223041,11576.4525086053,22374,0.0613567,ok
7,117,0.0737170727767821,-1.13243191846288,11649.566054412,22646,0.0633947,ok
7,118,0.0737635436175506,-1.13215822784676,11656.9098773386,22850,0.0630791,ok
7,119,0.0737768825061987,-1.13207970013876,11659.0178322335,22982,0.0640658,ok
7,120,0.0747311925684503,-1.12649808717024,11809.8281898321,23396,0.0653393,ok
7,121,0.0758419061439066,-1.12009076035647,11985.3551156501,23646,0.0677528,ok
7,122,0.0759821419697858,-1.1192884676575,12007.5166917306,23946,0.0731487,ok
7,123,0.0762974259573316,-1.11749011357047,12057.3412642545,24122,0.0744217,ok
7,124,0.0762974259573316,-1.11749011357047,12057.3412642545,24122,0.0728598,ok
7,125,0.0770002819910547,-1.11350768434785,12168.4141471454,24674,0.0757502,ok
7,126,0.077426810468842,-1.11110863075729,12235.818772545,25074,0.0789262,ok
7,127,0.0786218356310825,-1.10445682066419,12424.6695236642,25386,0.0809505,ok
7,128,0.0814402345332893,-1.08916098431519,12870.0632831039,25630,0.075279,ok
7,129,0.0842335317575075,-1.07451498975556,13311.4902049469,25288,0.0758867,ok
7,130,0.0843084538989437,-1.07412887498879,13323.3302089341,25496,0.0825539,ok
7,131,0.0848032429389166,-1.07158753968259,13401.522103797,25788,0.0804272,ok
7,132,0.0850832719254853,-1.07015581740752,13445.7753012355,26172,0.0833467,ok
7,133,0.085264510041906,-1.06923169919874,13474.4165010186,26504,0.0840888,ok
7,134,0.0860865069323862,-1.06506491386604,13604.317305696,26840,0.083465,ok
7,135,0.0861283009486552,-1.06485412001826,13610.9220464279,27068,0.0862099,ok
7,136,0.0861334548163682,-1.06482813286518,13611.7365161308,27152,0.0818682,ok
7,137,0.0866378695443748,-1.0622922357052,13691.4495659221,27432,0.0830985,ok
7,138,0.0867576244317143,-1.06169234820144,13710.3745234367,27730,0.0843597,ok
7,139,0.0867675415896791,-1.06164270736739,13711.941739584,27988,0.0854157,ok
7,140,0.0868536856041453,-1.06121174769954,13725.5551448497,28164,0.0862163,ok
7,141,0.0868792722641438,-1.06108382556589,13729.5986245287,28360,0.0878811,ok
7,142,0.0884329655019004,-1.05338581115453,13975.129969165,28538,0.0903591,ok
7,143,0.0890700818399408,-1.05026814864288,14075.8139570768,28816,0.0934147,ok
7,144,0.0899080898984127,-1.04620122884332,14208.2450190217,29420,0.0943725,ok
7,145,0.0908537652171607,-1.04165706968614,14357.6908214227,29926,0.096065,ok
7,146,0.0909609148210798,-1.04114518046908,14374.6237562442,30236,0.0959033,ok
7,147,0.0914352851985316,-1.03888617615009,14449.5888740686,30472,0.0945103,ok
7,148,0.0931545498078045,-1.03079592865643,14721.2855906675,31108,0.0942734,ok
7,149,0.093156551951606,-1.03078659459103,14721.6019910018,31160,0.0955706,ok
7,150,0.0932825305224175,-1.03019968109904,14741.5104820314,31444,0.0969407,ok
7,151,0.0933651450389151,-1.029815223796,14754.566118002,31798,0.097578,ok
7,152,0.0936474566166682,-1.02850401318833,14799.1800350917,32182,0.0963358,ok
7,153,0.0936504181225903,-1.02849027928257,14799.6480441643,32300,0.0968203,ok
7,154,0.0952461020508016,-1.02115278880161,15051.8152101063,32406,0.1015112,ok
7,155,0.0955218940239828,-1.0198970748662,15095.3988290405,32744,0.1059865,ok
7,156,0.0960919834436657,-1.01731284221076,15185.4905011777,33006,0.1116902,ok
7,157,0.0965185433970771,-1.01538924083894,15252.9001006945,33380,0.1135934,ok
7,158,0.0974899099461143,-1.01104033077823,15406.4059080984,33760,0.1154989,ok
7,159,0.0984564603741461,-1.00675578168137,15559.1506201731,34196,0.1074171,ok
7,160,0.100198029153635,-0.999140820745407,15834.3720820506,34170,0.1088535,ok
7,161,0.102353652835268,-0.989896653461743,16175.0269605165,34336,0.1078616,ok
7,162,0.102353652835268,-0.989896653461743,16175.0269605165,34336,0.1057217,ok
7,163,0.103199022333089,-0.986324417024269,16308.6213564182,34720,0.1073572,ok
7,164,0.103455726113067,-0.985245466810856,16349.1884534097,35058,0.1072918,ok
7,165,0.104325623555052,-0.981609010827046,16486.6590193078,35518,0.1147859,ok
7,166,0.104488437786641,-0.980931763938313,16512.3886783142,35986,0.1189261,ok
7,167,0.104488437786641,-0.980931763938313,16512.3886783142,35986,0.1209867,ok
7,168,0.105414518289881,-0.977099571486212,16658.7378968577,36454,0.1241049,ok
7,169,0.106345191852482,-0.973282140920067,16805.8129601261,36748,0.1128541,ok
7,170,0.108294903125678,-0.96539198286205,17113.9273413483,37276,0.1247251,ok
7,171,0.109564866953342,-0.96032868430386,17314.6207077532,37762,0.125536,ok
7,172,0.109830189111849,-0.959278268605291,17356.5497737728,38180,0.1316819,ok
7,173,0.10983018911185,-0.959278268605288,17356.5497737729,38180,0.1252991,ok
7,174,0.109981762316321,-0.958679325587749,17380.5030045654,38466,0.1268247,ok
7,175,0.111131525075607,-0.954162725719052,17562.2009031208,39010,0.1344711,ok
7,176,0.111739217861345,-0.951794372887172,17658.2350642939,39500,0.1478746,ok
7,177,0.111739943342836,-0.951791553182582,17658.3497126953,39542,0.13336,ok
7,178,0.113687279964934,-0.94428812414314,17966.0888259668,40020,0.1381081,ok
7,179,0.114878031550151,-0.939763014729835,18154.2642204021,40710,0.1371053,ok
7,180,0.114878031550151,-0.939763014729835,18154.2642204021,40710,0.1381958,ok
7,181,0.115012932956086,-0.939253321423279,18175.582793971,40966,0.1389248,ok
7,182,0.115250873791901,-0.938355773256645,18213.1847683774,41306,0.1452718,ok
7,183,0.117847031604368,-0.928681352249366,18623.4575964315,41192,0.1433115,ok
7,184,0.119106427695253,-0.924064800756895,18822.4809352158,41420,0.1512533,ok
7,185,0.120960552468129,-0.917356238267209,19115.489707826,41594,0.1508615,ok
7,186,0.121518739646511,-0.91535674348533,19203.7004595602,42316,0.1474552,ok
7,187,0.121830962897046,-0.914242323308802,19253.0413414458,42670,0.1490944,ok
7,188,0.121831314928865,-0.914241068412244,19253.0969733067,42694,0.1476671,ok
7,189,0.122586975306784,-0.911555670542578,19372.5145675717,43198,0.1530343,ok
7,190,0.123171303462873,-0.909490462621279,19464.8563982412,43626,0.1562779,ok
7,191,0.124482264398159,-0.90489252023645,19672.0285692879,43916,0.1597273,ok
7,192,0.12448512173443,-0.904882551658679,19672.4801163498,44054,0.1895209,ok
7,193,0.12448512173443,-0.904882551658679,19672.4801163498,44054,0.1855399,ok
7,194,0.124485121734429,-0.904882551658681,19672.4801163498,44054,0.1620809,ok
7,195,0.12448512173443,-0.90488255165868,19672.4801163498,44054,0.1665959,ok
7,196,0.124740251335101,-0.903993385238089,19712.7984445675,44492,0.1711982,ok
7,197,0.124756218450597,-0.903937797837056,19715.3217401849,44698,0.1719007,ok
7,198,0.124806644140852,-0.9037622941656,19723.2905510361,45000,0.1762658,ok
7,199,0.125342790712447,-0.90190064011695,19808.0182086243,45346,0.16622,ok
7,200,0.125524927951576,-0.901270019228597,19836.8014974648,45912,0.171706,ok
8,9,2.75290051358418e-07,-6.5602094831879,1,9,0.0271934,ok
8,10,1.09520024384853e-06,-5.96050646817752,3.97835024710943,25,0.003647,ok
8,11,6.11812344770042e-06,-5.21338176433823,22.2242809629718,54,0.0029357,ok
8,12,1.57365387954936e-05,-4.80309078324226,57.1634852688707,93,0.0031961,ok
8,13,4.33205204856837e-05,-4.36330633407113,157.363189377599,158,0.0075722,ok
8,14,8.10788608962164e-05,-4.09109236148325,294.52158004306,191,0.0011389,ok
8,15,9.85129148089396e-05,-4.0065068307959,357.851343783866,268,0.001341,ok
8,16,0.000153798360287138,-3.81304829471693,558.677509514858,378,0.0014017,ok
8,17,0.000166101987460618,-3.77962517105243,603.370832476465,457,0.0015932,ok
8,18,0.000207488086864597,-3.6830068336868,753.70717481706,565,0.0017553,ok
8,19,0.000314619072912387,-3.50221495301113,1142.86394063243,756,0.0020764,ok
8,20,0.000363759981934039,-3.43918508037197,1321.36987929301,943,0.0026402,ok
8,21,0.000459527420798449,-3.33768856839943,1669.24819306369,1134,0.0031452,ok
8,22,0.000731598870148226,-3.13572697390198,2657.55651734653,1326,0.0033594,ok
8,23,0.000825224913193494,-3.08342766933299,2997.65614166376,1519,0.0036161,ok
8,24,0.000953537973360174,-3.02066200708321,3463.75747563322,1837,0.0050168,ok
8,25,0.00112533323641753,-2.9487188541683,4087.80931553673,2170,0.0057181,ok
8,26,0.00117329476476622,-2.9305928671431,4262.03111582347,2485,0.0061486,ok
8,27,0.00137213378696584,-2.86260354161154,4984.3202839879,2830,0.0071579,ok
8,28,0.00155825297346173,-2.80736203571349,5660.40423826628,3219,0.0075874,ok
8,29,0.00169053939860326,-2.77197470339771,6140.93894879707,3674,0.0097987,ok
8,30,0.00179873787127522,-2.74503212145339,6533.97339424129,3901,0.0092085,ok
8,31,0.00215699470644714,-2.66615092071276,7835.35291523779,4358,0.0104319,ok
8,32,0.00242224836392288,-2.61578132876061,8798.89539040839,4887,0.0119273,ok
8,33,0.00277161790164171,-2.55726664225885,10067.9915164575,5363,0.0128543,ok
8,34,0.0031061304342262,-2.50778031110736,11283.1190916599,5817,0.0141963,ok
8,35,0.00355207879551755,-2.44951740886221,12903.0409126295,6401,0.0161018,ok
8,36,0.0038851959027643,-2.41058707793269,14113.0995602377,6864,0.0184729,ok
8,37,0.00401078737105867,-2.39677036121048,14569.3146238574,7397,0.0194573,ok
8,38,0.00407952513474723,-2.38939038675359,14819.0067698299,7935,0.0208348,ok
8,39,0.00422251136820047,-2.37442917251123,15338.4088795236,8561,0.023346,ok
8,40,0.00435322818461634,-2.36118856768698,15813.2419356796,9142,0.0248249,ok
8,41,0.00452833941770914,-2.3440610284378,16449.3391438014,9759,0.0249692,ok
8,42,0.00458989625142221,-2.33819713100829,16672.9463297833,10247,0.0279065,ok
8,43,0.00479079556142718,-2.31959236148133,17402.7195599223,10974,0.0290807,ok
8,44,0.0049297409684356,-2.30717589997927,17907.4432370868,11593,0.0306522,ok
8,45,0.00523666148536677,-2.28094549938263,19022.34192455,12523,0.0340606,ok
8,46,0.00543177430626864,-2.26505828356895,19731.0955461905,13009,0.0356889,ok
8,47,0.00574311451525842,-2.24085252398542,20862.0489077576,13515,0.0373856,ok
8,48,0.00576615725899456,-2.23911351737926,20945.7524183728,14055,0.0381004,ok
8,49,0.00616448999088681,-2.21010284823383,22392.7089281583,15052,0.0488163,ok
8,50,0.00641944516082962,-2.1925025068226,23318.8418148527,15685,0.056775,ok
8,51,0.00645147391041729,-2.19034105466159,23435.1872818596,16431,0.050856,ok
8,52,0.00656653516046513,-2.18266372596765,23853.150987704,17068,0.0485982,ok
8,53,0.00705532762516096,-2.1514828142986,25628.7053976214,17924,0.0519126,ok
8,54,0.00726659541271158,-2.13866901964963,26396.1424572177,18787,0.0554791,ok
8,55,0.00727093312897545,-2.1384098495592,26411.8993516004,19059,0.0570271,ok
8,56,0.00772766732099891,-2.11195158273184,28071.0010509524,20095,0.05896,ok
8,57,0.00814684371243495,-2.08901061503564,29593.6728270214,21218,0.0646033,ok
8,58,0.00851297944541049,-2.06991841521042,30923.6726986798,22071,0.0711431,ok
8,59,0.00853235724581059,-2.06893096913492,30994.0631842948,22643,0.0679428,ok
8,60,0.00865332601927392,-2.06281693367034,31433.4861596854,23554,0.0740536,ok
8,61,0.00889237421537383,-2.05098226929151,32301.8364502982,24282,0.0860416,ok
8,62,0.00984462001571004,-2.00680104217341,35760.9000657008,24546,0.0981086,ok
8,63,0.0100733431859589,-1.99682636993782,36591.7443665398,25623,0.0992039,ok
8,64,0.0102311374652571,-1.99007608012722,37164.937180881,26490,0.1123566,ok
8,65,0.0106442644110659,-1.97288434580417,38665.634150387,27754,0.1289467,ok
8,66,0.0114045758753112,-1.94292086106133,41427.4900928505,28776,0.1399392,ok
8,67,0.0118962472711348,-1.92459001730274,43213.5023130432,29697,0.1288566,ok
8,68,0.0119697520111416,-1.92191484719663,43480.5106544057,31200,0.1566479,ok
8,69,0.0123974456347094,-1.90666778750126,45034.1215511939,31451,0.1400444,ok
8,70,0.0126431469359098,-1.89814481475633,45926.6394608967,32730,0.1603604,ok
8,71,0.0126623605233276,-1.89748532538549,45996.4334375513,33323,0.12349,ok
8,72,0.0130929368637843,-1.88296292635406,47560.5158965143,33815,0.1171359,ok
8,73,0.0137288991815403,-1.86236428421619,49870.6695494265,33807,0.135205,ok
8,74,0.0139920823152952,-1.85411764857131,50826.6907803288,35093,0.1489493,ok
8,75,0.0145713629848826,-1.83649982303247,52930.9465161572,35965,0.1440152,ok
8,76,0.0150470069330049,-1.82254987892416,54658.7385150879,37263,0.1503573,ok
8,77,0.0155158644089864,-1.80922402429538,56361.8784348485,38366,0.2022872,ok
8,78,0.0161279527452344,-1.79242075771188,58585.3090791006,38170,0.2388076,ok
8,79,0.016467666672526,-1.78336793228347,59819.3308885166,39473,0.2118708,ok
8,80,0.0166250702185932,-1.77923651171008,60391.1043517802,40758,0.1578861,ok
8,81,0.0168538226757874,-1.77330157973554,61222.0550383939,42440,0.2071797,ok
8,82,0.0170001486676434,-1.76954728066556,61753.5889283181,44010,0.2053069,ok
8,83,0.0176527481037306,-1.7531876759202,64124.1774507401,45002,0.1986466,ok
8,84,0.0180920065143331,-1.74251326455101,65719.7978098306,46778,0.1615526,ok
8,85,0.0181187917304172,-1.74187076705152,65817.0959720848,47561,0.1808031,ok
8,86,0.0198796672987453,-1.70159088812422,72213.5333283897,47715,0.2128466,ok
8,87,0.0205750033341378,-1.68666008573914,74739.3639276481,48794,0.2177894,ok
8,88,0.020604789041476,-1.68603182756462,74847.5614712618,49314,0.2039549,ok
8,89,0.0207521806980187,-1.6829362596577,75382.9664225681,50189,0.2129197,ok
8,90,0.0218048772613142,-1.66144635360803,79206.9206777291,50567,0.2258555,ok
8,91,0.0218575996391499,-1.66039753317819,79398.4364174934,51535,0.2281156,ok
8,92,0.0218651820015568,-1.66024690332059,79425.9795937525,51988,0.2605185,ok
8,93,0.0218651820015568,-1.66024690332059,79425.9795937525,51988,0.2414637,ok
8,94,0.0220253933896364,-1.65707632602953,80007.9526337843,53419,0.2573152,ok
8,95,0.0221565186838434,-1.6544984765776,80484.2694987055,54932,0.2519044,ok
8,96,0.023312187629836,-1.63241697010932,84682.2742587392,56102,0.2432435,ok
8,97,0.0233584991867566,-1.63155506463536,84850.5024845401,56869,0.2365745,ok
8,98,0.0236977889703917,-1.62529217224949,86082.9835784295,58266,0.2514858,ok
8,99,0.0246863519399462,-1.60754308379868,89673.9704836096,59748,0.2405903,ok
8,100,0.0251434952047344,-1.59957435104866,91334.5581529875,61249,0.2805075,ok
8,101,0.0253571959755417,-1.59589877285963,92110.8331028188,62958,0.3089189,ok
8,102,0.025566590681228,-1.59232718151797,92871.4661320658,64386,0.3435157,ok
8,103,0.0255729346351058,-1.59221943142997,92894.5107493576,64733,0.3367787,ok
8,104,0.0271699474160737,-1.56591120210221,98695.7112398492,65961,0.3187493,ok
8,105,0.0271699474160737,-1.56591120210221,98695.7112398492,65961,0.2892501,ok
8,106,0.0271912986431663,-1.56557005022446,98773.2702616418,66524,0.4651447,ok
8,107,0.0281635201406672,-1.55031306394318,102304.896241961,67800,0.3992826,ok
8,108,0.0281974542641926,-1.54979009908915,102428.163041317,68707,0.3864721,ok
8,109,0.0288903156711801,-1.53924771279399,104945.004472995,69801,0.3324087,ok
8,110,0.0291157629035833,-1.53587182583843,105763.948823837,71117,0.3432735,ok
8,111,0.0291162403445332,-1.53586470432592,105765.683143503,71249,0.3524616,ok
8,112,0.0300566366493398,-1.5220596187709,109181.703083803,71532,0.3304215,ok
8,113,0.0302695576880433,-1.51899392509713,109955.145631592,72443,0.3236191,ok
8,114,0.0305566667251386,-1.51489402253853,110998.078478887,74625,0.35922,ok
8,115,0.0306911646592972,-1.5129866307761,111486.646567327,75746,0.3869963,ok
8,116,0.0310219406439479,-1.50833103745099,112688.201011516,76872,0.3874178,ok
8,117,0.031253084145453,-1.50510711875958,113527.83724379,78375,0.3941151,ok
8,118,0.0323060075189949,-1.49071671018435,117352.615394494,78631,0.3925592,ok
8,119,0.0327543899522047,-1.48473048485541,118981.379060297,79352,0.4120558,ok
8,120,0.0340972075815199,-1.46728118645016,123859.207455073,80913,0.4095784,ok
8,121,0.034862797690274,-1.45763776430879,126640.238244149,82071,0.4267761,ok
8,122,0.0349020715746833,-1.45714879519687,126782.901897323,82956,0.4097811,ok
8,123,0.0361699484209074,-1.44165211055083,131388.505477865,84442,0.4387916,ok
8,124,0.0383736675064365,-1.4159666917662,139393.586208734,83879,0.4536808,ok
8,125,0.0386491063144361,-1.41286054384646,140394.126572036,85712,0.4549412,ok
8,126,0.0397292574654268,-1.40088955177528,144317.810503441,87204,0.4355424,ok
8,127,0.0402036423388216,-1.39573459925399,146041.028872772,88897,0.5143221,ok
8,128,0.040361670924608,-1.394030862794,146615.072812996,90043,0.5270833,ok
8,129,0.0403725808937207,-1.3939134866047,146654.703628054,90675,0.4995581,ok
8,130,0.0404395278791444,-1.39319392332533,146897.89071416,91842,0.5208429,ok
8,131,0.0404395278791448,-1.39319392332533,146897.890714161,91842,0.5477833,ok
8,132,0.0406203064745174,-1.39125680422787,147554.57479875,93521,0.5511888,ok
8,133,0.0409818977056751,-1.38740793505096,148868.066620824,95057,0.5359126,ok
8,134,0.041327878813632,-1.38375688465721,150124.854166359,96861,0.5200305,ok
8,135,0.0417034062919083,-1.37982847084488,151488.969856059,99261,0.5297608,ok
8,136,0.0418446202345423,-1.37836036927492,152001.934062129,101641,0.5297317,ok
8,137,0.0422467750071764,-1.37420643819464,153462.774258313,103738,0.5694448,ok
8,138,0.0423052555853251,-1.37360567683479,153675.206846633,105009,0.6059565,ok
8,139,0.042332112962701,-1.37333005363467,153772.76713711,106159,0.6083163,ok
8,140,0.0423607933893634,-1.37303591444284,153876.949712981,107318,0.5961795,ok
8,141,0.0427202039221302,-1.36936668289793,155182.520077741,109031,0.6329639,ok
8,142,0.0427314012983129,-1.36925286505441,155223.194908261,109628,0.6826211,ok
8,143,0.0427773554697894,-1.36878606736565,155390.124919897,110982,0.6999482,ok
8,144,0.0443914424691632,-1.35270074264709,161253.348060032,112625,0.6434299,ok
8,145,0.0452338038884494,-1.34453688918754,164313.253113374,114828,0.7000088,ok
8,146,0.0453385652728773,-1.34353222712814,164693.802224796,116027,0.6897085,ok
8,147,0.0457168534312767,-1.33992366857553,166067.946174179,117253,0.6767773,ok
8,148,0.0461803090133181,-1.33554316534847,167751.463539788,118636,0.6609494,ok
8,149,0.0464598227757685,-1.33292245117919,168766.806306703,120367,0.6888316,ok
8,150,0.0464969053808136,-1.3325759507823,168901.510066836,121279,0.7212589,ok
8,151,0.0465506591746129,-1.33207416486803,169096.77245839,123078,0.7261763,ok
8,152,0.0465506591746129,-1.33207416486803,169096.77245839,123078,0.7317376,ok
8,153,0.0466471265409762,-1.33117510359665,169447.193281399,124136,0.7569038,ok
8,154,0.0470272435685019,-1.327650476029,170827.980656933,126401,0.7480902,ok
8,155,0.0470276566700441,-1.32764666107157,170829.481261623,126535,0.7827523,ok
8,156,0.0471522338991416,-1.32649772716656,171282.012068613,128369,0.7830416,ok
8,157,0.0474502054241736,-1.32376190305983,172364.403254061,129536,0.8205094,ok
8,158,0.0475254450317174,-1.32307380767842,172637.713557766,130677,0.8314819,ok
8,159,0.0480885774835715,-1.31795806967547,174683.310371292,132756,0.8093881,ok
8,160,0.0482448122009166,-1.31654937980508,175250.838026484,134834,0.8518579,ok
8,161,0.0483823607956513,-1.31531294425215,175750.487737965,136663,0.8635418,ok
8,162,0.0486873571066668,-1.31258379959958,176858.396685311,137519,0.880847,ok
8,163,0.0490789752000009,-1.30910451419343,178280.962053735,139737,0.8775199,ok
8,164,0.0501063605462237,-1.30010714090338,182012.972495642,141946,0.9339201,ok
8,165,0.0504723115261051,-1.29694680503362,183342.301245721,143547,0.9457105,ok
8,166,0.0508151488827349,-1.2940067976489,184587.669013056,145150,1.0170829,ok
8,167,0.0512409492343687,-1.29038283358329,186134.402538415,146418,0.974439,ok
8,168,0.0512410338739104,-1.29038211621844,186134.709994283,146459,0.9274904,ok
8,169,0.0520780872260862,-1.28334497533102,189175.333322461,147435,0.9688772,ok
8,170,0.0522824726765574,-1.2816438808392,189917.770070402,149715,1.1540912,ok
8,171,0.0529205302983169,-1.27637581254805,192235.53498276,151211,1.103058,ok
8,172,0.0533735399392563,-1.27267399215422,193881.107130042,153256,1.0369835,ok
8,173,0.0535269357342247,-1.27142761803649,194438.322308039,154932,1.0258725,ok
8,174,0.0541745693207539,-1.26620453256677,196790.872221606,156384,1.031587,ok
8,175,0.0542016401087159,-1.26598757177548,196889.207732928,157089,1.0418876,ok
8,176,0.054241584437971,-1.2656676328833,197034.306798651,158067,1.0178933,ok
8,177,0.0548146357106729,-1.2611034677977,199115.934049161,160187,1.0403284,ok
8,178,0.0557013775183948,-1.25413406440903,202337.052296429,161717,1.0593952,ok
8,179,0.0558717557013714,-1.25280768125417,202955.956547185,164078,1.1581154,ok
8,180,0.0559108551955106,-1.25250386485364,203097.986722072,165344,1.2044161,ok
8,181,0.0568435315597019,-1.24531894817514,206485.963728829,167319,1.1727554,ok
8,182,0.056856637582028,-1.24521882742345,206533.57177809,167858,1.1555726,ok
8,183,0.057504964913856,-1.24029465719551,208888.641743855,170345,1.1742087,ok
8,184,0.057605209111068,-1.23953824251598,209252.782026866,172323,1.1793232,ok
8,185,0.0592656981669124,-1.22719659511925,215284.56213534,173031,1.141477,ok
8,186,0.0593120322240445,-1.22685719536359,215452.872093886,174755,1.202618,ok
8,187,0.0603476074591138,-1.21933994326177,219214.632571459,175515,1.2222526,ok
8,188,0.0603551182230166,-1.21928589504863,219241.91566384,176151,1.2024044,ok
8,189,0.0606504380323774,-1.21716605820454,220314.674406495,177999,1.2592993,ok
8,190,0.0609458172399049,-1.21505609499987,221387.648914909,179540,1.277164,ok
8,191,0.060972472046589,-1.21486619673749,221484.473360808,180348,1.2659267,ok
8,192,0.0610619763023141,-1.21422914364529,221809.600459602,181792,1.1855471,ok
8,193,0.0614525870246558,-1.21145982950848,223228.50652037,184145,1.2477871,ok
8,194,0.0615588033929517,-1.21070983076533,223614.340907671,185617,1.1861806,ok
8,195,0.0616522408553113,-1.21005113361148,223953.755506559,186848,1.1704314,ok
8,196,0.0617519436837731,-1.20934936814356,224315.929250106,188232,1.2693333,ok
8,197,0.0622584946598297,-1.20580138427723,226155.99202592,188801,1.2518855,ok
8,198,0.0637181981064201,-1.19573651415627,231458.411925904,187638,1.2712428,ok
8,199,0.0637839088030705,-1.19528886985963,231697.108153124,188654,1.2259119,ok
8,200,0.063788426334456,-1.19525811179675,231713.518231742,189118,1.2122532,ok
9,10,1.39781734577478e-08,-7.85454957458795,1,10,0.0287227,ok
9,11,1.10938603785996e-07,-6.95491730422114,7.9365593882014,30,0.0037555,ok
9,12,4.67079190350407e-07,-6.33060948128278,33.4148944253881,70,0.0030335,ok
9,13,8.39851158308734e-07,-6.0757976744772,60.0830402375083,134,0.003052,ok
9,14,1.34180006042629e-06,-5.87231219290224,95.9925175118324,222,0.0070951,ok
9,15,2.8136264417468e-06,-5.55073356328268,201.287131702265,340,0.0016182,ok
9,16,3.95155004215508e-06,-5.4032325138148,282.694305811809,502,0.0018963,ok
9,17,5.28106027310629e-06,-5.27727887585025,377.807607629815,714,0.0023383,ok
9,18,8.24701091894526e-06,-5.08370343043571,589.992028920924,1004,0.0031894,ok
9,19,1.24081691436025e-05,-4.9062922950113,887.681726164653,1242,0.0039617,ok
9,20,1.71334364209233e-05,-4.76615552267555,1225.72784439347,1622,0.0051273,ok
9,21,2.70605296555619e-05,-4.56766370721228,1935.91313896329,1976,0.0063495,ok
9,22,3.26599766597055e-05,-4.48598412996569,2336.49816683329,2364,0.0072106,ok
9,23,4.05666688567852e-05,-4.39183065304285,2902.14375858241,2940,0.0084484,ok
9,24,4.73766786296993e-05,-4.32443538901964,3389.33257430993,3576,0.0099888,ok
9,25,5.84112456324706e-05,-4.23350353223762,4178.74665878425,4068,0.0121572,ok
9,26,9.75516580421633e-05,-4.0107653446965,6978.85588106593,4720,0.0138286,ok
9,27,0.000125153148303269,-3.90255822097754,8953.46939867162,5218,0.0154955,ok
9,28,0.000142513464054861,-3.84614410345544,10195.4282142541,6210,0.0181825,ok
9,29,0.000151644340306836,-3.81917379385565,10848.6520621035,7082,0.0206491,ok
9,30,0.000179033000217088,-3.74706691040979,12808.0396740143,8222,0.023081,ok
9,31,0.000298891240053385,-3.52448681313812,21382.7107638098,8822,0.0267738,ok
9,32,0.000328619702600104,-3.48330640172266,23509.4881025357,10078,0.0311313,ok
9,33,0.000418347689943219,-3.37846262478436,29928.6377585575,11044,0.0342831,ok
9,34,0.000530952790789315,-3.27494409212222,37984.4185217931,11770,0.0357645,ok
9,35,0.000629166473853657,-3.20123442751137,45010.6357426064,13280,0.0407629,ok
9,36,0.000682190808567642,-3.16609413631421,48804.0022274524,14650,0.0459156,ok
9,37,0.000773251035043699,-3.11167948999473,55318.4604112277,15970,0.0512416,ok
9,38,0.000838178385248454,-3.07666354284405,59963.3698767608,17534,0.0577593,ok
9,39,0.000932971573600899,-3.03013158842536,66744.8845459683,18788,0.0647349,ok
9,40,0.00110645543460635,-2.9560660737334,79155.938216882,20628,0.0700246,ok
9,41,0.00115930468437092,-2.93580240928991,82936.7791060238,22506,0.0762252,ok
9,42,0.00121156171286185,-2.91665445946889,86675.252422934,24178,0.083688,ok
9,43,0.00127104024307266,-2.89584069880263,90930.3527327559,26348,0.0970463,ok
9,44,0.00127232695680933,-2.89540127131979,91022.40436887,26818,0.0976292,ok
9,45,0.00138311422975346,-2.85914195054654,98948.1375327209,29070,0.115565,ok
9,46,0.00158528534926696,-2.79989255397736,113411.480695875,31170,0.1401489,ok
9,47,0.00170002899155457,-2.76954367228948,121620.252938861,33702,0.1591893,ok
9,48,0.00175006597328094,-2.75694557914696,125199.903876633,36088,0.1711474,ok
9,49,0.00179657687804178,-2.74555419399233,128527.298897265,37954,0.1793496,ok
9,50,0.00191040026581755,-2.71887563012197,136670.236035642,40714,0.1789116,ok
9,51,0.00200334155612465,-2.69824500013511,143319.265723823,43710,0.1895673,ok
9,52,0.00223598515472421,-2.65053108416789,159962.613247215,45838,0.1987751,ok
9,53,0.00224477954621377,-2.64882630346422,160591.764939755,47622,0.207773,ok
9,54,0.00230372899214993,-2.6375686121136,164809.014504897,49824,0.2185684,ok
9,55,0.00247649596719767,-2.60616237489946,177168.782078963,52518,0.2723898,ok
9,56,0.00269655884328205,-2.56919009826332,192912.103389831,55096,0.3040367,ok
9,57,0.00279910775695113,-2.55298038222392,200248.463464276,58096,0.3075633,ok
9,58,0.00280610806600532,-2.55189560787428,200749.26631061,59354,0.318354,ok
9,59,0.00293432602304625,-2.53249163481998,209921.992448864,61776,0.3183583,ok
9,60,0.00294715396081821,-2.53059717579336,210839.70446687,64004,0.3270062,ok
9,61,0.00317260093155688,-2.49858455258363,226968.204475841,67372,0.3123151,ok
9,62,0.00341090942337024,-2.46712981312054,244016.819055829,69978,0.3706441,ok
9,63,0.00359537419114671,-2.44425590341927,257213.447952591,73042,0.3556566,ok
9,64,0.00374356162333155,-2.42671501349024,267814.792443899,76860,0.4090146,ok
9,65,0.00395793389437818,-2.40253146367852,283151.007271581,79696,0.4620831,ok
9,66,0.00403106588184059,-2.39458010388465,288382.877349847,82438,0.4276003,ok
9,67,0.00426315418927025,-2.37026895955595,304986.499284516,86392,0.4494757,ok
9,68,0.00429078559910082,-2.36746318564298,306963.253251269,90822,0.4745526,ok
9,69,0.00432608131292565,-2.36390532183104,309488.312332237,94082,0.510306,ok
9,70,0.00435558346559367,-2.36095365950483,311598.899438427,97466,0.5254733,ok
9,71,0.00452279561345551,-2.34459303771374,323561.274091116,102810,0.5643834,ok
9,72,0.00472795275756122,-2.32532687164308,338238.237767797,106590,0.6039719,ok
9,73,0.00484122472069937,-2.31504475774445,346341.725929575,110370,0.6346897,ok
9,74,0.00486315940803428,-2.31308149459078,347910.93576956,113186,0.6836502,ok
9,75,0.00499546601311163,-2.30142399142548,357376.164218561,118102,0.7983578,ok
9,76,0.00512545438914674,-2.29026762686705,366675.546317949,121850,0.7984862,ok
9,77,0.00516225035564965,-2.28716093713415,369307.933633368,126150,0.8143321,ok
9,78,0.00542628543019409,-2.26549736547712,388197.030648979,128968,0.8169517,ok
9,79,0.00555772767883669,-2.25510273688142,397600.422947688,132172,0.8428724,ok
9,80,0.00566439719421514,-2.246846301009,405231.571302005,136834,0.8957841,ok
9,81,0.00581302864364495,-2.23559753705629,415864.680833739,140978,1.0074529,ok
9,82,0.00614116986729512,-2.21174888968694,439339.938501849,145298,0.8430624,ok
9,83,0.00628659739824195,-2.20158435153474,449743.839368183,150794,0.9435443,ok
9,84,0.00696520753182115,-2.15706593902724,498291.679730191,147376,0.9956674,ok
9,85,0.00701585435182906,-2.15391943544212,501914.958562794,151234,1.0173231,ok
9,86,0.00718416899088669,-2.14362346045178,513956.205551637,155560,1.0333725,ok
9,87,0.00726403277534525,-2.13882220494409,519669.669095351,159402,1.0760391,ok
9,88,0.00747621132721553,-2.12631843108314,534848.945022327,164096,1.2351662,ok
9,89,0.00766394461674111,-2.11554764233382,548279.404308946,168342,0.9734562,ok
9,90,0.00767134294906496,-2.11512860159017,548808.681781873,170676,1.1538737,ok
9,91,0.00797047292088104,-2.09851590936478,570208.471441106,173516,1.2182158,ok
9,92,0.0082742303988296,-2.08227239019091,591939.313375979,177842,1.2485724,ok
9,93,0.00827978643066271,-2.08198086529011,592336.792477945,180142,1.2358476,ok
9,94,0.0083778478535162,-2.07686753093808,599352.116987253,186110,1.2783892,ok
9,95,0.00858755806426366,-2.06613031346613,614354.807530574,193462,1.3226688,ok
9,96,0.00878961163482902,-2.05603031361529,628809.74122961,199612,1.3806589,ok
9,97,0.0088679640613172,-2.052176075594,634415.082065093,203910,1.6212689,ok
9,98,0.00894633328682016,-2.04835492664954,640021.62470386,208486,1.3391338,ok
9,99,0.00910940315812732,-2.04051007677268,651687.660455962,213152,1.416386,ok
9,100,0.00929637745277163,-2.03168625131261,665063.821168911,221050,1.4794319,ok
9,101,0.00953912913760156,-2.02049127183655,682430.302244833,225484,1.4915086,ok
9,102,0.00978957988892716,-2.00923594515657,700347.575347978,233648,1.4940351,ok
9,103,0.00985360426937792,-2.0064048834125,704927.886262296,240520,1.6331319,ok
9,104,0.00993116287053534,-2.00299989564482,710476.436750087,245352,1.6349071,ok
9,105,0.0101170066805714,-1.99494796322787,723771.722475212,250180,1.6565236,ok
9,106,0.0102556579980775,-1.98903647027692,733690.852318979,255702,1.9717165,ok
9,107,0.010441269848722,-1.98124667999698,746969.543644813,264148,2.2191681,ok
9,108,0.0104962394553492,-1.97896627010346,750902.075087023,270420,1.9534719,ok
9,109,0.0105900169666543,-1.97510334409285,757610.928113392,277008,2.1437547,ok
9,110,0.0106180811325793,-1.97395396054535,759618.641496676,280988,1.9980052,ok
9,111,0.0106507634839262,-1.97261925936406,761956.740350983,284726,2.1626383,ok
9,112,0.0108796020763034,-1.96338698875788,778327.877328852,290602,2.1277263,ok
9,113,0.0109622984450432,-1.96009837857553,784243.984250104,297544,2.4506986,ok
9,114,0.0109708232217098,-1.95976078288728,784853.847669841,300678,2.6057496,ok
9,115,0.011126925412049,-1.95362482318064,796021.414792329,308500,2.4326816,ok
9,116,0.0113698149581105,-1.94424660332682,813397.758475264,314144,2.4213107,ok
9,117,0.0116516599900558,-1.93361219711312,833560.981717356,321090,2.5593782,ok
9,118,0.0117781873469788,-1.92892154195794,842612.762145286,329186,2.6509765,ok
9,119,0.0120169868092525,-1.92020441554163,859696.500803665,334228,2.8201824,ok
9,120,0.0121148213870942,-1.91668298442959,866695.596796961,340264,2.7834843,ok
9,121,0.0121285905386223,-1.91618966548666,867680.643346118,343594,2.8093051,ok
9,122,0.0122185851124705,-1.91297908160761,874118.864628767,350708,2.6827911,ok
9,123,0.0122661685563862,-1.91129107172048,877522.989213391,355060,3.0779824,ok
9,124,0.012440526912542,-1.90516122492147,889996.60435938,362742,2.8189323,ok
9,125,0.0128759731538298,-1.89021993748159,921148.474280298,366860,2.9768915,ok
9,126,0.0129833368556038,-1.88661367489061,928829.284802399,372454,2.9826842,ok
9,127,0.0130373930546432,-1.88480924105583,932696.470969664,379532,3.0695015,ok
9,128,0.0131677493852165,-1.88048844774946,942022.176575428,383344,3.1668079,ok
9,129,0.0134832532984734,-1.87020530667999,964593.359728258,382956,3.2929852,ok
9,130,0.0135226404382566,-1.86893849953329,967411.119852804,390190,3.2904495,ok
9,131,0.0138675376260796,-1.85800064709855,992085.10096096,396292,3.2298564,ok
9,132,0.0141220288513757,-1.85010290557453,1010291.4299971,402022,3.2687936,ok
9,133,0.0143499040889468,-1.84315100163245,1026593.64847078,408676,3.3579697,ok
9,134,0.014432922088929,-1.84064573275798,1032532.76492495,414250,3.4375124,ok
9,135,0.014626353593246,-1.83486393168168,1046370.87509734,420386,3.5049729,ok
9,136,0.0146376686504699,-1.83452808809062,1047180.35548174,424164,3.6768128,ok
9,137,0.0146820246502704,-1.83321405110863,1050353.58837477,430626,3.7312645,ok
9,138,0.0149193766560301,-1.8262493216691,1067333.77584183,435764,3.7689348,ok
9,139,0.0152457678834475,-1.81685069664163,1090683.83859531,438926,4.061788,ok
9,140,0.015558962406395,-1.80801936854185,1113089.80772241,446896,4.4022166,ok
9,141,0.015680307887945,-1.80464541405446,1121770.87624089,455862,4.3721669,ok
9,142,0.0160436920178164,-1.7946956835295,1147767.41512845,459510,4.6154325,ok
9,143,0.0165306388491962,-1.7817103621987,1182603.64268363,465820,4.8049893,ok
9,144,0.0165366568376105,-1.7815522858193,1183034.17020802,469526,4.7621884,ok
9,145,0.0173722755699074,-1.7601432902043,1242814.42224329,464920,4.2401961,ok
9,146,0.0175508058302678,-1.75570293847996,1255586.49585506,472582,4.3309109,ok
9,147,0.0175856910081299,-1.75484056194348,1258082.18515005,476728,4.3531733,ok
9,148,NaN,NaN,NaN,NaN,NaN,
9,149,NaN,NaN,NaN,NaN,NaN,
9,150,NaN,NaN,NaN,NaN,NaN,
9,151,NaN,NaN,NaN,NaN,NaN,
9,152,NaN,NaN,NaN,NaN,NaN,
9,153,NaN,NaN,NaN,NaN,NaN,
9,154,NaN,NaN,NaN,NaN,NaN,
9,155,NaN,NaN,NaN,NaN,NaN,
9,156,NaN,NaN,NaN,NaN,NaN,
9,157,NaN,NaN,NaN,NaN,NaN,
9,158,NaN,NaN,NaN,NaN,NaN,
9,159,NaN,NaN,NaN,NaN,NaN,
9,160,NaN,NaN,NaN,NaN,NaN,
9,161,NaN,NaN,NaN,NaN,NaN,
9,162,NaN,NaN,NaN,NaN,NaN,
9,163,NaN,NaN,NaN,NaN,NaN,
9,164,NaN,NaN,NaN,NaN,NaN,
9,165,NaN,NaN,NaN,NaN,NaN,
9,166,NaN,NaN,NaN,NaN,NaN,
9,167,NaN,NaN,NaN,NaN,NaN,
9,168,NaN,NaN,NaN,NaN,NaN,
9,169,NaN,NaN,NaN,NaN,NaN,
9,170,NaN,NaN,NaN,NaN,NaN,
9,171,NaN,NaN,NaN,NaN,NaN,
9,172,NaN,NaN,NaN,NaN,NaN,
9,173,NaN,NaN,NaN,NaN,NaN,
9,174,NaN,NaN,NaN,NaN,NaN,
9,175,NaN,NaN,NaN,NaN,NaN,
9,176,NaN,NaN,NaN,NaN,NaN,
9,177,NaN,NaN,NaN,NaN,NaN,
9,178,NaN,NaN,NaN,NaN,NaN,
9,179,NaN,NaN,NaN,NaN,NaN,
9,180,NaN,NaN,NaN,NaN,NaN,
9,181,NaN,NaN,NaN,NaN,NaN,
9,182,NaN,NaN,NaN,NaN,NaN,
9,183,NaN,NaN,NaN,NaN,NaN,
9,184,NaN,NaN,NaN,NaN,NaN,
9,185,NaN,NaN,NaN,NaN,NaN,
9,186,NaN,NaN,NaN,NaN,NaN,
9,187,NaN,NaN,NaN,NaN,NaN,
9,188,NaN,NaN,NaN,NaN,NaN,
9,189,NaN,NaN,NaN,NaN,NaN,
9,190,NaN,NaN,NaN,NaN,NaN,
9,191,NaN,NaN,NaN,NaN,NaN,
9,192,NaN,NaN,NaN,NaN,NaN,
9,193,NaN,NaN,NaN,NaN,NaN,
9,194,NaN,NaN,NaN,NaN,NaN,
9,195,NaN,NaN,NaN,NaN,NaN,
9,196,NaN,NaN,NaN,NaN,NaN,
9,197,NaN,NaN,NaN,NaN,NaN,
9,198,NaN,NaN,NaN,NaN,NaN,
9,199,NaN,NaN,NaN,NaN,NaN,
9,200,NaN,NaN,NaN,NaN,NaN,
10,11,4.31522720557577e-09,-8.36499633285026,1,11,0.0294196,ok
10,12,2.31610759775665e-08,-7.63524126876734,5.36729003461039,36,0.0041983,ok
10,13,4.11852464536321e-08,-7.38525833084256,9.54416638836907,85,0.0031355,ok
10,14,2.70422477293621e-07,-6.5679572130304,62.6670310532441,173,0.0033721,ok
10,15,4.71715826434248e-07,-6.32631955259094,109.314250203266,323,0.0079297,ok
10,16,9.89577135585458e-07,-6.00455034774007,229.32213958672,534,0.0026068,ok
10,17,2.36628469555077e-06,-5.62593300515671,548.35691907329,816,0.0029771,ok
10,18,3.3782535779481e-06,-5.47130775459618,782.868066270764,1195,0.0041345,ok
10,19,7.701851218096e-06,-5.11340487519446,1784.80780992118,1749,0.0064201,ok
10,20,9.5844453717421e-06,-5.01843301361128,2221.07548806651,2402,0.0078492,ok
10,21,1.24090565743373e-05,-4.90626123543391,2875.64384983099,3230,0.0110072,ok
10,22,1.53720597180923e-05,-4.81326793703702,3562.28281519681,3946,0.0124334,ok
10,23,2.42044927525076e-05,-4.61610401432841,5609.08883806457,4932,0.0171461,ok
10,24,3.39938988217277e-05,-4.46859902254085,7877.66140744657,6321,0.0219219,ok
10,25,4.11499614484994e-05,-4.38563056732199,9535.98952920229,7986,0.0261012,ok
10,26,4.77971293549679e-05,-4.32059818587186,11076.3876565314,9641,0.0364259,ok
10,27,6.38113214930149e-05,-4.19510226131427,14787.4766386723,11499,0.0418766,ok
10,28,6.67012018803848e-05,-4.17586634051649,15457.1703186797,13455,0.0508838,ok
10,29,6.85436901744757e-05,-4.16403251824185,15884.1439648669,14942,0.0546875,ok
10,30,8.03060973249047e-05,-4.09525147920413,18609.9348885129,16944,0.0650038,ok
10,31,9.25781609720377e-05,-4.03349145055287,21453.8323387506,18782,0.0728964,ok
10,32,0.000115933036093739,-3.93579279053498,26866.0329041168,20859,0.0863103,ok
10,33,0.00012747813637336,-3.89456429418389,29541.4656750041,23816,0.0959441,ok
10,34,0.000142219477616303,-3.84704092089174,32957.5873623847,28009,0.1265789,ok
10,35,0.000159446337679886,-3.79738545160875,36949.6969878811,31873,0.1475829,ok
10,36,0.000160032304325665,-3.7957923412549,37085.487438271,33753,0.1583573,ok
10,37,0.000188612814895451,-3.7244288033839,43708.6637412142,37150,0.165048,ok
10,38,0.00020624966357487,-3.68560675117899,47795.7831069408,41576,0.1875215,ok
10,39,0.00022741150807762,-3.64318756177604,52699.776221233,44144,0.1868892,ok
10,40,0.000238278223700621,-3.62291564610842,55218.0018221841,48637,0.2654719,ok
10,41,0.000269612942445908,-3.56925926385064,62479.4314648224,52267,0.2931117,ok
10,42,0.000270669993261526,-3.5675598878692,62724.3897868899,54373,0.2901276,ok
10,43,0.000287756001081009,-3.54097561049855,66683.8586643121,58700,0.331117,ok
10,44,0.000306525612660918,-3.51353323085987,71033.4816819962,64874,0.4028983,ok
10,45,0.000325496795072704,-3.48745328325275,75429.8162219881,71720,0.4621117,ok
10,46,0.000350870101826626,-3.45485363709927,81309.7631043069,78767,0.5225332,ok
10,47,0.000354872209231977,-3.44992800980929,82237.2015020301,83534,0.5237003,ok
10,48,0.000379942685020685,-3.42028191247956,88046.9710910598,89152,0.4907636,ok
10,49,0.00043798368696586,-3.35854206482157,101497.248256114,94878,0.5171521,ok
10,50,0.000444937557885423,-3.35170093321814,103108.720975459,101740,0.5409918,ok
10,51,0.000469973070433222,-3.32792702652666,108910.388270162,109597,0.6394843,ok
10,52,0.000484277828647893,-3.31490541349794,112225.337294442,118750,0.7384046,ok
10,53,0.000556149647799505,-3.25480833347387,128880.733575487,125875,0.980968,ok
10,54,0.000587716240129369,-3.23083230843292,136195.897024836,134257,0.8363723,ok
10,55,0.000612447064115674,-3.21293144289154,141926.956551516,143183,0.8875952,ok
10,56,0.000661392548247816,-3.17954070248716,153269.461082656,152713,0.9925772,ok
10,57,0.000667180256291133,-3.17575681415492,154610.690122888,158498,1.0922211,ok
10,58,0.000693101528710209,-3.15920314326851,160617.621203037,165966,1.1847427,ok
10,59,0.000711267177587415,-3.1479672319623,164827.283408942,175011,1.2521249,ok
10,60,0.000741443419487488,-3.12992198494838,171820.250514146,182583,1.3313401,ok
10,61,0.000787477844946571,-3.10376165589112,182488.153562125,186851,1.4104512,ok
10,62,0.000822408743232082,-3.0849122812315,190582.952890507,196544,1.4803036,ok
10,63,0.000846405119450781,-3.07242171848646,196143.813321609,206728,1.6351686,ok
10,64,0.000879804452299209,-3.05561384458229,203883.691491934,218962,1.6266903,ok
10,65,0.0010118745150174,-2.99487334205605,234489.278735994,227902,1.5769253,ok
10,66,0.00114066722564941,-2.94284103668899,264335.380574061,233105,2.1847221,ok
10,67,0.00118589284414685,-2.92595455152672,274815.852712121,246010,1.9475389,ok
10,68,0.00123066457015079,-2.90986030221361,285191.140934741,256422,2.4569867,ok
10,69,0.00124306742288812,-2.90550531496724,288065.347122844,266569,2.1401344,ok
10,70,0.00130333706155252,-2.88494325501482,302032.083007926,280746,2.4868585,ok
10,71,0.00134588844696505,-2.87099093481873,311892.835034504,291327,2.9716654,ok
10,72,0.00136482450299521,-2.86492318912198,316281.029474346,302356,3.0303726,ok
10,73,0.00138861382662731,-2.85741851472541,321793.908054959,312991,3.2570693,ok
10,74,0.00145191264024073,-2.83805951380312,336462.617394675,328100,3.1980605,ok
10,75,0.00150835642571481,-2.82149602223894,349542.759594637,342695,2.8491897,ok
10,76,0.00152741432095956,-2.81604314179119,353959.188750471,357361,2.9447716,ok
10,77,0.00160628030383502,-2.79417866591502,372235.395104925,368599,3.2604911,ok
10,78,0.00160967341489188,-2.79326222862507,373021.706206338,377988,3.2931668,ok
10,79,0.00163609425553796,-2.78619168019961,379144.405982596,391124,3.7250716,ok
10,80,0.00167489296144491,-2.77601294250129,388135.521411422,402339,3.8962524,ok
10,81,0.00171083118137622,-2.76679284295099,396463.754947973,419811,4.3876818,ok
10,82,0.00172882817237634,-2.7622481689569,400634.332797702,435625,4.0305596,ok
10,83,0.0017698406593918,-2.75206583186526,410138.464344347,450436,4.525811,ok
10,84,0.00179967149198685,-2.74480676280661,417051.387157891,462661,4.4134805,ok
10,85,0.00184812978678534,-2.73326753327528,428280.991646822,479394,4.6002591,ok
10,86,0.00191240893982338,-2.71841923480113,443176.882402003,492962,4.5283585,ok
10,87,0.00193661882074853,-2.71295585183445,448787.219881769,510242,4.9183796,ok
10,88,0.00196143005388717,-2.70742717453545,454536.91322505,525133,4.9395097,ok
10,89,0.00205755882313168,-2.68664773998139,476813.55467751,536296,4.7247913,ok
10,90,0.00216928499030144,-2.66368338870281,502704.698259797,556899,5.3276695,ok
10,91,0.00220065089591492,-2.65744884704361,509973.35506956,575211,5.5506818,ok
10,92,0.00224786184308216,-2.64823038466476,520913.902326547,589994,5.6335173,ok
10,93,0.0022977178069952,-2.63870331002122,532467.399173394,607577,5.9680236,ok
10,94,0.00230270738974654,-2.63776124531505,533623.672647219,619892,5.5118666,ok
10,95,0.0024012347138932,-2.61956538681238,556456.149236019,633679,5.8703881,ok
10,96,0.00240382926073748,-2.61909638265636,557057.403056658,641937,5.8502238,ok
10,97,0.00240999492861373,-2.61798387131617,558486.219566779,652250,5.852515,ok
10,98,0.00246128004485219,-2.60883896938755,570370.904612377,671182,6.0069327,ok
10,99,0.00250008029211326,-2.60204604338325,579362.377230767,694427,6.4341563,ok
10,100,0.00256136173566147,-2.59152908271559,593563.586258424,708973,6.7997877,ok
10,101,0.00258327408627884,-2.58782951258647,598641.499789617,727284,7.1879449,ok
10,102,NaN,NaN,NaN,NaN,NaN,
10,103,NaN,NaN,NaN,NaN,NaN,
10,104,NaN,NaN,NaN,NaN,NaN,
10,105,NaN,NaN,NaN,NaN,NaN,
10,106,NaN,NaN,NaN,NaN,NaN,
10,107,NaN,NaN,NaN,NaN,NaN,
10,108,NaN,NaN,NaN,NaN,NaN,
10,109,NaN,NaN,NaN,NaN,NaN,
10,110,NaN,NaN,NaN,NaN,NaN,
10,111,NaN,NaN,NaN,NaN,NaN,
10,112,NaN,NaN,NaN,NaN,NaN,
10,113,NaN,NaN,NaN,NaN,NaN,
10,114,NaN,NaN,NaN,NaN,NaN,
10,115,NaN,NaN,NaN,NaN,NaN,
10,116,NaN,NaN,NaN,NaN,NaN,
10,117,NaN,NaN,NaN,NaN,NaN,
10,118,NaN,NaN,NaN,NaN,NaN,
10,119,NaN,NaN,NaN,NaN,NaN,
10,120,NaN,NaN,NaN,NaN,NaN,
10,121,NaN,NaN,NaN,NaN,NaN,
10,122,NaN,NaN,NaN,NaN,NaN,
10,123,NaN,NaN,NaN,NaN,NaN,
10,124,NaN,NaN,NaN,NaN,NaN,
10,125,NaN,NaN,NaN,NaN,NaN,
10,126,NaN,NaN,NaN,NaN,NaN,
10,127,NaN,NaN,NaN,NaN,NaN,
10,128,NaN,NaN,NaN,NaN,NaN,
10,129,NaN,NaN,NaN,NaN,NaN,
10,130,NaN,NaN,NaN,NaN,NaN,
10,131,NaN,NaN,NaN,NaN,NaN,
10,132,NaN,NaN,NaN,NaN,NaN,
10,133,NaN,NaN,NaN,NaN,NaN,
10,134,NaN,NaN,NaN,NaN,NaN,
10,135,NaN,NaN,NaN,NaN,NaN,
10,136,NaN,NaN,NaN,NaN,NaN,
10,137,NaN,NaN,NaN,NaN,NaN,
10,138,NaN,NaN,NaN,NaN,NaN,
10,139,NaN,NaN,NaN,NaN,NaN,
10,140,NaN,NaN,NaN,NaN,NaN,
10,141,NaN,NaN,NaN,NaN,NaN,
10,142,NaN,NaN,NaN,NaN,NaN,
10,143,NaN,NaN,NaN,NaN,NaN,
10,144,NaN,NaN,NaN,NaN,NaN,
10,145,NaN,NaN,NaN,NaN,NaN,
10,146,NaN,NaN,NaN,NaN,NaN,
10,147,NaN,NaN,NaN,NaN,NaN,
10,148,NaN,NaN,NaN,NaN,NaN,
10,149,NaN,NaN,NaN,NaN,NaN,
10,150,NaN,NaN,NaN,NaN,NaN,
10,151,NaN,NaN,NaN,NaN,NaN,
10,152,NaN,NaN,NaN,NaN,NaN,
10,153,NaN,NaN,NaN,NaN,NaN,
10,154,NaN,NaN,NaN,NaN,NaN,
10,155,NaN,NaN,NaN,NaN,NaN,
10,156,NaN,NaN,NaN,NaN,NaN,
10,157,NaN,NaN,NaN,NaN,NaN,
10,158,NaN,NaN,NaN,NaN,NaN,
10,159,NaN,NaN,NaN,NaN,NaN,
10,160,NaN,NaN,NaN,NaN,NaN,
10,161,NaN,NaN,NaN,NaN,NaN,
10,162,NaN,NaN,NaN,NaN,NaN,
10,163,NaN,NaN,NaN,NaN,NaN,
10,164,NaN,NaN,NaN,NaN,NaN,
10,165,NaN,NaN,NaN,NaN,NaN,
10,166,NaN,NaN,NaN,NaN,NaN,
10,167,NaN,NaN,NaN,NaN,NaN,
10,168,NaN,NaN,NaN,NaN,NaN,
10,169,NaN,NaN,NaN,NaN,NaN,
10,170,NaN,NaN,NaN,NaN,NaN,
10,171,NaN,NaN,NaN,NaN,NaN,
10,172,NaN,NaN,NaN,NaN,NaN,
10,173,NaN,NaN,NaN,NaN,NaN,
10,174,NaN,NaN,NaN,NaN,NaN,
10,175,NaN,NaN,NaN,NaN,NaN,
10,176,NaN,NaN,NaN,NaN,NaN,
10,177,NaN,NaN,NaN,NaN,NaN,
10,178,NaN,NaN,NaN,NaN,NaN,
10,179,NaN,NaN,NaN,NaN,NaN,
10,180,NaN,NaN,NaN,NaN,NaN,
10,181,NaN,NaN,NaN,NaN,NaN,
10,182,NaN,NaN,NaN,NaN,NaN,
10,183,NaN,NaN,NaN,NaN,NaN,
10,184,NaN,NaN,NaN,NaN,NaN,
10,185,NaN,NaN,NaN,NaN,NaN,
10,186,NaN,NaN,NaN,NaN,NaN,
10,187,NaN,NaN,NaN,NaN,NaN,
10,188,NaN,NaN,NaN,NaN,NaN,
10,189,NaN,NaN,NaN,NaN,NaN,
10,190,NaN,NaN,NaN,NaN,NaN,
10,191,NaN,NaN,NaN,NaN,NaN,
10,192,NaN,NaN,NaN,NaN,NaN,
10,193,NaN,NaN,NaN,NaN,NaN,
10,194,NaN,NaN,NaN,NaN,NaN,
10,195,NaN,NaN,NaN,NaN,NaN,
10,196,NaN,NaN,NaN,NaN,NaN,
10,197,NaN,NaN,NaN,NaN,NaN,
10,198,NaN,NaN,NaN,NaN,NaN,
10,199,NaN,NaN,NaN,NaN,NaN,
10,200,NaN,NaN,NaN,NaN,NaN,
