PairId,InputA,InputB,GridA,GridB,x1,x2,x3,x4,HVI_draw
1,1,2,0,0,0.125,0.1,5.97146366710117,3.10956235475317,1.96525220232774
1,1,2,0,0.0416666666666667,0.125,0.5125,5.97146366710117,3.10956235475317,0.20453091598602
1,1,2,0,0.0833333333333333,0.125,0.925,5.97146366710117,3.10956235475317,2.26750692938807
1,1,2,0,0.125,0.125,1.3375,5.97146366710117,3.10956235475317,3.40237472174706
1,1,2,0,0.166666666666667,0.125,1.75,5.97146366710117,3.10956235475317,6.99530960286058
1,1,2,0,0.208333333333333,0.125,2.1625,5.97146366710117,3.10956235475317,8.16953858578571
1,1,2,0,0.25,0.125,2.575,5.97146366710117,3.10956235475317,5.06631199102684
1,1,2,0,0.291666666666667,0.125,2.9875,5.97146366710117,3.10956235475317,3.47265352695536
1,1,2,0,0.333333333333333,0.125,3.4,5.97146366710117,3.10956235475317,0.100125262937995
1,1,2,0,0.375,0.125,3.8125,5.97146366710117,3.10956235475317,0
1,1,2,0,0.416666666666667,0.125,4.225,5.97146366710117,3.10956235475317,1.53914876634267
1,1,2,0,0.458333333333333,0.125,4.6375,5.97146366710117,3.10956235475317,0.331284479285094
1,1,2,0,0.5,0.125,5.05,5.97146366710117,3.10956235475317,0.60383792965631
1,1,2,0,0.541666666666667,0.125,5.4625,5.97146366710117,3.10956235475317,0
1,1,2,0,0.583333333333333,0.125,5.875,5.97146366710117,3.10956235475317,0
1,1,2,0,0.625,0.125,6.2875,5.97146366710117,3.10956235475317,0
1,1,2,0,0.666666666666667,0.125,6.7,5.97146366710117,3.10956235475317,0
1,1,2,0,0.708333333333333,0.125,7.1125,5.97146366710117,3.10956235475317,0.0669646579928586
1,1,2,0,0.75,0.125,7.525,5.97146366710117,3.10956235475317,0.212585954447902
1,1,2,0,0.791666666666667,0.125,7.9375,5.97146366710117,3.10956235475317,0
1,1,2,0,0.833333333333333,0.125,8.35,5.97146366710117,3.10956235475317,0
1,1,2,0,0.875,0.125,8.7625,5.97146366710117,3.10956235475317,0.0697533718024346
1,1,2,0,0.916666666666667,0.125,9.175,5.97146366710117,3.10956235475317,0.64436578434489
1,1,2,0,0.958333333333333,0.125,9.5875,5.97146366710117,3.10956235475317,2.38647006689635
1,1,2,0,1,0.125,10,5.97146366710117,3.10956235475317,0
1,1,2,0.0416666666666667,0,0.328125,0.1,5.97146366710117,3.10956235475317,0
1,1,2,0.0416666666666667,0.0416666666666667,0.328125,0.5125,5.97146366710117,3.10956235475317,0.557569139339864
1,1,2,0.0416666666666667,0.0833333333333333,0.328125,0.925,5.97146366710117,3.10956235475317,0
1,1,2,0.0416666666666667,0.125,0.328125,1.3375,5.97146366710117,3.10956235475317,0
1,1,2,0.0416666666666667,0.166666666666667,0.328125,1.75,5.97146366710117,3.10956235475317,0.0202607582994966
1,1,2,0.0416666666666667,0.208333333333333,0.328125,2.1625,5.97146366710117,3.10956235475317,1.12620458975214
1,1,2,0.0416666666666667,0.25,0.328125,2.575,5.97146366710117,3.10956235475317,4.26248738752104
1,1,2,0.0416666666666667,0.291666666666667,0.328125,2.9875,5.97146366710117,3.10956235475317,2.95097073158823
1,1,2,0.0416666666666667,0.333333333333333,0.328125,3.4,5.97146366710117,3.10956235475317,2.2247995883702
1,1,2,0.0416666666666667,0.375,0.328125,3.8125,5.97146366710117,3.10956235475317,0.960933745856449
1,1,2,0.0416666666666667,0.416666666666667,0.328125,4.225,5.97146366710117,3.10956235475317,0
1,1,2,0.0416666666666667,0.458333333333333,0.328125,4.6375,5.97146366710117,3.10956235475317,1.26413338837897
1,1,2,0.0416666666666667,0.5,0.328125,5.05,5.97146366710117,3.10956235475317,0.678283632821014
1,1,2,0.0416666666666667,0.541666666666667,0.328125,5.4625,5.97146366710117,3.10956235475317,0.188158300559036
1,1,2,0.0416666666666667,0.583333333333333,0.328125,5.875,5.97146366710117,3.10956235475317,0.507256439991975
1,1,2,0.0416666666666667,0.625,0.328125,6.2875,5.97146366710117,3.10956235475317,0
1,1,2,0.0416666666666667,0.666666666666667,0.328125,6.7,5.97146366710117,3.10956235475317,0
1,1,2,0.0416666666666667,0.708333333333333,0.328125,7.1125,5.97146366710117,3.10956235475317,0.150161269392738
1,1,2,0.0416666666666667,0.75,0.328125,7.525,5.97146366710117,3.10956235475317,0.383926834566665
1,1,2,0.0416666666666667,0.791666666666667,0.328125,7.9375,5.97146366710117,3.10956235475317,2.48062282673136
1,1,2,0.0416666666666667,0.833333333333333,0.328125,8.35,5.97146366710117,3.10956235475317,0.767846940408292
1,1,2,0.0416666666666667,0.875,0.328125,8.7625,5.97146366710117,3.10956235475317,0.286876193540978
1,1,2,0.0416666666666667,0.916666666666667,0.328125,9.175,5.97146366710117,3.10956235475317,0.0417362229636372
1,1,2,0.0416666666666667,0.958333333333333,0.328125,9.5875,5.97146366710117,3.10956235475317,0
1,1,2,0.0416666666666667,1,0.328125,10,5.97146366710117,3.10956235475317,1.25879737697746
1,1,2,0.0833333333333333,0,0.53125,0.1,5.97146366710117,3.10956235475317,0
1,1,2,0.0833333333333333,0.0416666666666667,0.53125,0.5125,5.97146366710117,3.10956235475317,0
1,1,2,0.0833333333333333,0.0833333333333333,0.53125,0.925,5.97146366710117,3.10956235475317,1.54332242754511
1,1,2,0.0833333333333333,0.125,0.53125,1.3375,5.97146366710117,3.10956235475317,0.81369765218293
1,1,2,0.0833333333333333,0.166666666666667,0.53125,1.75,5.97146366710117,3.10956235475317,0
1,1,2,0.0833333333333333,0.208333333333333,0.53125,2.1625,5.97146366710117,3.10956235475317,0
1,1,2,0.0833333333333333,0.25,0.53125,2.575,5.97146366710117,3.10956235475317,0
1,1,2,0.0833333333333333,0.291666666666667,0.53125,2.9875,5.97146366710117,3.10956235475317,0
1,1,2,0.0833333333333333,0.333333333333333,0.53125,3.4,5.97146366710117,3.10956235475317,0
1,1,2,0.0833333333333333,0.375,0.53125,3.8125,5.97146366710117,3.10956235475317,0
1,1,2,0.0833333333333333,0.416666666666667,0.53125,4.225,5.97146366710117,3.10956235475317,0.604717704977626
1,1,2,0.0833333333333333,0.458333333333333,0.53125,4.6375,5.97146366710117,3.10956235475317,0
1,1,2,0.0833333333333333,0.5,0.53125,5.05,5.97146366710117,3.10956235475317,0
1,1,2,0.0833333333333333,0.541666666666667,0.53125,5.4625,5.97146366710117,3.10956235475317,0
1,1,2,0.0833333333333333,0.583333333333333,0.53125,5.875,5.97146366710117,3.10956235475317,0
1,1,2,0.0833333333333333,0.625,0.53125,6.2875,5.97146366710117,3.10956235475317,0.954458705301694
1,1,2,0.0833333333333333,0.666666666666667,0.53125,6.7,5.97146366710117,3.10956235475317,0.0626385182759977
1,1,2,0.0833333333333333,0.708333333333333,0.53125,7.1125,5.97146366710117,3.10956235475317,0
1,1,2,0.0833333333333333,0.75,0.53125,7.525,5.97146366710117,3.10956235475317,0
1,1,2,0.0833333333333333,0.791666666666667,0.53125,7.9375,5.97146366710117,3.10956235475317,0
1,1,2,0.0833333333333333,0.833333333333333,0.53125,8.35,5.97146366710117,3.10956235475317,1.1998672199044
1,1,2,0.0833333333333333,0.875,0.53125,8.7625,5.97146366710117,3.10956235475317,1.6617742946957
1,1,2,0.0833333333333333,0.916666666666667,0.53125,9.175,5.97146366710117,3.10956235475317,0.416011899663095
1,1,2,0.0833333333333333,0.958333333333333,0.53125,9.5875,5.97146366710117,3.10956235475317,1.20264229855101
1,1,2,0.0833333333333333,1,0.53125,10,5.97146366710117,3.10956235475317,0
1,1,2,0.125,0,0.734375,0.1,5.97146366710117,3.10956235475317,0
1,1,2,0.125,0.0416666666666667,0.734375,0.5125,5.97146366710117,3.10956235475317,0.197230161372148
1,1,2,0.125,0.0833333333333333,0.734375,0.925,5.97146366710117,3.10956235475317,0
1,1,2,0.125,0.125,0.734375,1.3375,5.97146366710117,3.10956235475317,0.588599807829411
1,1,2,0.125,0.166666666666667,0.734375,1.75,5.97146366710117,3.10956235475317,0.989311733339218
1,1,2,0.125,0.208333333333333,0.734375,2.1625,5.97146366710117,3.10956235475317,0
1,1,2,0.125,0.25,0.734375,2.575,5.97146366710117,3.10956235475317,0
1,1,2,0.125,0.291666666666667,0.734375,2.9875,5.97146366710117,3.10956235475317,0
1,1,2,0.125,0.333333333333333,0.734375,3.4,5.97146366710117,3.10956235475317,0
1,1,2,0.125,0.375,0.734375,3.8125,5.97146366710117,3.10956235475317,0
1,1,2,0.125,0.416666666666667,0.734375,4.225,5.97146366710117,3.10956235475317,0
1,1,2,0.125,0.458333333333333,0.734375,4.6375,5.97146366710117,3.10956235475317,1.487137672895
1,1,2,0.125,0.5,0.734375,5.05,5.97146366710117,3.10956235475317,0
1,1,2,0.125,0.541666666666667,0.734375,5.4625,5.97146366710117,3.10956235475317,0
1,1,2,0.125,0.583333333333333,0.734375,5.875,5.97146366710117,3.10956235475317,0
1,1,2,0.125,0.625,0.734375,6.2875,5.97146366710117,3.10956235475317,0
1,1,2,0.125,0.666666666666667,0.734375,6.7,5.97146366710117,3.10956235475317,0.255203555239841
1,1,2,0.125,0.708333333333333,0.734375,7.1125,5.97146366710117,3.10956235475317,1.90829588556291
1,1,2,0.125,0.75,0.734375,7.525,5.97146366710117,3.10956235475317,0.334888911019783
1,1,2,0.125,0.791666666666667,0.734375,7.9375,5.97146366710117,3.10956235475317,0.607036173293943
1,1,2,0.125,0.833333333333333,0.734375,8.35,5.97146366710117,3.10956235475317,0
1,1,2,0.125,0.875,0.734375,8.7625,5.97146366710117,3.10956235475317,0
1,1,2,0.125,0.916666666666667,0.734375,9.175,5.97146366710117,3.10956235475317,0.982582559386425
1,1,2,0.125,0.958333333333333,0.734375,9.5875,5.97146366710117,3.10956235475317,0
1,1,2,0.125,1,0.734375,10,5.97146366710117,3.10956235475317,0.60054207639699
1,1,2,0.166666666666667,0,0.9375,0.1,5.97146366710117,3.10956235475317,0.473478544406125
1,1,2,0.166666666666667,0.0416666666666667,0.9375,0.5125,5.97146366710117,3.10956235475317,0.356575132179029
1,1,2,0.166666666666667,0.0833333333333333,0.9375,0.925,5.97146366710117,3.10956235475317,1.60871678660817
1,1,2,0.166666666666667,0.125,0.9375,1.3375,5.97146366710117,3.10956235475317,0
1,1,2,0.166666666666667,0.166666666666667,0.9375,1.75,5.97146366710117,3.10956235475317,0
1,1,2,0.166666666666667,0.208333333333333,0.9375,2.1625,5.97146366710117,3.10956235475317,0
1,1,2,0.166666666666667,0.25,0.9375,2.575,5.97146366710117,3.10956235475317,0
1,1,2,0.166666666666667,0.291666666666667,0.9375,2.9875,5.97146366710117,3.10956235475317,0.0089166431197382
1,1,2,0.166666666666667,0.333333333333333,0.9375,3.4,5.97146366710117,3.10956235475317,0
1,1,2,0.166666666666667,0.375,0.9375,3.8125,5.97146366710117,3.10956235475317,0
1,1,2,0.166666666666667,0.416666666666667,0.9375,4.225,5.97146366710117,3.10956235475317,0
1,1,2,0.166666666666667,0.458333333333333,0.9375,4.6375,5.97146366710117,3.10956235475317,0
1,1,2,0.166666666666667,0.5,0.9375,5.05,5.97146366710117,3.10956235475317,0.927568113669214
1,1,2,0.166666666666667,0.541666666666667,0.9375,5.4625,5.97146366710117,3.10956235475317,1.7656071263429
1,1,2,0.166666666666667,0.583333333333333,0.9375,5.875,5.97146366710117,3.10956235475317,0
1,1,2,0.166666666666667,0.625,0.9375,6.2875,5.97146366710117,3.10956235475317,0
1,1,2,0.166666666666667,0.666666666666667,0.9375,6.7,5.97146366710117,3.10956235475317,0
1,1,2,0.166666666666667,0.708333333333333,0.9375,7.1125,5.97146366710117,3.10956235475317,0
1,1,2,0.166666666666667,0.75,0.9375,7.525,5.97146366710117,3.10956235475317,1.10182905534659
1,1,2,0.166666666666667,0.791666666666667,0.9375,7.9375,5.97146366710117,3.10956235475317,0.279600701957932
1,1,2,0.166666666666667,0.833333333333333,0.9375,8.35,5.97146366710117,3.10956235475317,0.549553850627997
1,1,2,0.166666666666667,0.875,0.9375,8.7625,5.97146366710117,3.10956235475317,0.157087682521187
1,1,2,0.166666666666667,0.916666666666667,0.9375,9.175,5.97146366710117,3.10956235475317,0
1,1,2,0.166666666666667,0.958333333333333,0.9375,9.5875,5.97146366710117,3.10956235475317,0.731443090223626
1,1,2,0.166666666666667,1,0.9375,10,5.97146366710117,3.10956235475317,1.12652513657699
1,1,2,0.208333333333333,0,1.140625,0.1,5.97146366710117,3.10956235475317,0
1,1,2,0.208333333333333,0.0416666666666667,1.140625,0.5125,5.97146366710117,3.10956235475317,0
1,1,2,0.208333333333333,0.0833333333333333,1.140625,0.925,5.97146366710117,3.10956235475317,0
1,1,2,0.208333333333333,0.125,1.140625,1.3375,5.97146366710117,3.10956235475317,1.3964639935823
1,1,2,0.208333333333333,0.166666666666667,1.140625,1.75,5.97146366710117,3.10956235475317,2.05784945938323
1,1,2,0.208333333333333,0.208333333333333,1.140625,2.1625,5.97146366710117,3.10956235475317,0
1,1,2,0.208333333333333,0.25,1.140625,2.575,5.97146366710117,3.10956235475317,1.08439721448145
1,1,2,0.208333333333333,0.291666666666667,1.140625,2.9875,5.97146366710117,3.10956235475317,0.679000808660896
1,1,2,0.208333333333333,0.333333333333333,1.140625,3.4,5.97146366710117,3.10956235475317,0.218715740713207
1,1,2,0.208333333333333,0.375,1.140625,3.8125,5.97146366710117,3.10956235475317,1.21675384410787
1,1,2,0.208333333333333,0.416666666666667,1.140625,4.225,5.97146366710117,3.10956235475317,0
1,1,2,0.208333333333333,0.458333333333333,1.140625,4.6375,5.97146366710117,3.10956235475317,0.636432006910825
1,1,2,0.208333333333333,0.5,1.140625,5.05,5.97146366710117,3.10956235475317,0.926160394391837
1,1,2,0.208333333333333,0.541666666666667,1.140625,5.4625,5.97146366710117,3.10956235475317,0
1,1,2,0.208333333333333,0.583333333333333,1.140625,5.875,5.97146366710117,3.10956235475317,1.08814552369017
1,1,2,0.208333333333333,0.625,1.140625,6.2875,5.97146366710117,3.10956235475317,0
1,1,2,0.208333333333333,0.666666666666667,1.140625,6.7,5.97146366710117,3.10956235475317,0
1,1,2,0.208333333333333,0.708333333333333,1.140625,7.1125,5.97146366710117,3.10956235475317,0
1,1,2,0.208333333333333,0.75,1.140625,7.525,5.97146366710117,3.10956235475317,0
1,1,2,0.208333333333333,0.791666666666667,1.140625,7.9375,5.97146366710117,3.10956235475317,0
1,1,2,0.208333333333333,0.833333333333333,1.140625,8.35,5.97146366710117,3.10956235475317,0
1,1,2,0.208333333333333,0.875,1.140625,8.7625,5.97146366710117,3.10956235475317,0
1,1,2,0.208333333333333,0.916666666666667,1.140625,9.175,5.97146366710117,3.10956235475317,0
1,1,2,0.208333333333333,0.958333333333333,1.140625,9.5875,5.97146366710117,3.10956235475317,0
1,1,2,0.208333333333333,1,1.140625,10,5.97146366710117,3.10956235475317,0
1,1,2,0.25,0,1.34375,0.1,5.97146366710117,3.10956235475317,0
1,1,2,0.25,0.0416666666666667,1.34375,0.5125,5.97146366710117,3.10956235475317,0
1,1,2,0.25,0.0833333333333333,1.34375,0.925,5.97146366710117,3.10956235475317,0
1,1,2,0.25,0.125,1.34375,1.3375,5.97146366710117,3.10956235475317,0.178443153289267
1,1,2,0.25,0.166666666666667,1.34375,1.75,5.97146366710117,3.10956235475317,0.818967617921049
1,1,2,0.25,0.208333333333333,1.34375,2.1625,5.97146366710117,3.10956235475317,3.04301627679797
1,1,2,0.25,0.25,1.34375,2.575,5.97146366710117,3.10956235475317,1.37669427342984
1,1,2,0.25,0.291666666666667,1.34375,2.9875,5.97146366710117,3.10956235475317,0.685987557169283
1,1,2,0.25,0.333333333333333,1.34375,3.4,5.97146366710117,3.10956235475317,0.573032747754145
1,1,2,0.25,0.375,1.34375,3.8125,5.97146366710117,3.10956235475317,0
1,1,2,0.25,0.416666666666667,1.34375,4.225,5.97146366710117,3.10956235475317,0.4580564727247
1,1,2,0.25,0.458333333333333,1.34375,4.6375,5.97146366710117,3.10956235475317,0.290575156326706
1,1,2,0.25,0.5,1.34375,5.05,5.97146366710117,3.10956235475317,0
1,1,2,0.25,0.541666666666667,1.34375,5.4625,5.97146366710117,3.10956235475317,0.625034463025463
1,1,2,0.25,0.583333333333333,1.34375,5.875,5.97146366710117,3.10956235475317,0
1,1,2,0.25,0.625,1.34375,6.2875,5.97146366710117,3.10956235475317,0.474926001303347
1,1,2,0.25,0.666666666666667,1.34375,6.7,5.97146366710117,3.10956235475317,1.22305184643486
1,1,2,0.25,0.708333333333333,1.34375,7.1125,5.97146366710117,3.10956235475317,0.288496073896606
1,1,2,0.25,0.75,1.34375,7.525,5.97146366710117,3.10956235475317,1.48327391909571
1,1,2,0.25,0.791666666666667,1.34375,7.9375,5.97146366710117,3.10956235475317,0
1,1,2,0.25,0.833333333333333,1.34375,8.35,5.97146366710117,3.10956235475317,0
1,1,2,0.25,0.875,1.34375,8.7625,5.97146366710117,3.10956235475317,0
1,1,2,0.25,0.916666666666667,1.34375,9.175,5.97146366710117,3.10956235475317,0
1,1,2,0.25,0.958333333333333,1.34375,9.5875,5.97146366710117,3.10956235475317,0
1,1,2,0.25,1,1.34375,10,5.97146366710117,3.10956235475317,0
1,1,2,0.291666666666667,0,1.546875,0.1,5.97146366710117,3.10956235475317,0
1,1,2,0.291666666666667,0.0416666666666667,1.546875,0.5125,5.97146366710117,3.10956235475317,0
1,1,2,0.291666666666667,0.0833333333333333,1.546875,0.925,5.97146366710117,3.10956235475317,0
1,1,2,0.291666666666667,0.125,1.546875,1.3375,5.97146366710117,3.10956235475317,0
1,1,2,0.291666666666667,0.166666666666667,1.546875,1.75,5.97146366710117,3.10956235475317,1.41938906419715
1,1,2,0.291666666666667,0.208333333333333,1.546875,2.1625,5.97146366710117,3.10956235475317,0.780751248779883
1,1,2,0.291666666666667,0.25,1.546875,2.575,5.97146366710117,3.10956235475317,2.04186369789248
1,1,2,0.291666666666667,0.291666666666667,1.546875,2.9875,5.97146366710117,3.10956235475317,1.39677429271612
1,1,2,0.291666666666667,0.333333333333333,1.546875,3.4,5.97146366710117,3.10956235475317,0
1,1,2,0.291666666666667,0.375,1.546875,3.8125,5.97146366710117,3.10956235475317,0
1,1,2,0.291666666666667,0.416666666666667,1.546875,4.225,5.97146366710117,3.10956235475317,0
1,1,2,0.291666666666667,0.458333333333333,1.546875,4.6375,5.97146366710117,3.10956235475317,0
1,1,2,0.291666666666667,0.5,1.546875,5.05,5.97146366710117,3.10956235475317,0
1,1,2,0.291666666666667,0.541666666666667,1.546875,5.4625,5.97146366710117,3.10956235475317,0
1,1,2,0.291666666666667,0.583333333333333,1.546875,5.875,5.97146366710117,3.10956235475317,0.726318668175717
1,1,2,0.291666666666667,0.625,1.546875,6.2875,5.97146366710117,3.10956235475317,1.15485282768535
1,1,2,0.291666666666667,0.666666666666667,1.546875,6.7,5.97146366710117,3.10956235475317,1.53521153079118
1,1,2,0.291666666666667,0.708333333333333,1.546875,7.1125,5.97146366710117,3.10956235475317,3.16924923766679
1,1,2,0.291666666666667,0.75,1.546875,7.525,5.97146366710117,3.10956235475317,1.48701197123807
1,1,2,0.291666666666667,0.791666666666667,1.546875,7.9375,5.97146366710117,3.10956235475317,1.28832324730563
1,1,2,0.291666666666667,0.833333333333333,1.546875,8.35,5.97146366710117,3.10956235475317,0.367638130138758
1,1,2,0.291666666666667,0.875,1.546875,8.7625,5.97146366710117,3.10956235475317,0
1,1,2,0.291666666666667,0.916666666666667,1.546875,9.175,5.97146366710117,3.10956235475317,0
1,1,2,0.291666666666667,0.958333333333333,1.546875,9.5875,5.97146366710117,3.10956235475317,0
1,1,2,0.291666666666667,1,1.546875,10,5.97146366710117,3.10956235475317,0.531144790263163
1,1,2,0.333333333333333,0,1.75,0.1,5.97146366710117,3.10956235475317,1.01777103737285
1,1,2,0.333333333333333,0.0416666666666667,1.75,0.5125,5.97146366710117,3.10956235475317,0
1,1,2,0.333333333333333,0.0833333333333333,1.75,0.925,5.97146366710117,3.10956235475317,0.289116931226791
1,1,2,0.333333333333333,0.125,1.75,1.3375,5.97146366710117,3.10956235475317,0.777683055189954
1,1,2,0.333333333333333,0.166666666666667,1.75,1.75,5.97146366710117,3.10956235475317,0
1,1,2,0.333333333333333,0.208333333333333,1.75,2.1625,5.97146366710117,3.10956235475317,1.39764089813314
1,1,2,0.333333333333333,0.25,1.75,2.575,5.97146366710117,3.10956235475317,1.18646953582271
1,1,2,0.333333333333333,0.291666666666667,1.75,2.9875,5.97146366710117,3.10956235475317,1.02469155738664
1,1,2,0.333333333333333,0.333333333333333,1.75,3.4,5.97146366710117,3.10956235475317,1.61125168382114
1,1,2,0.333333333333333,0.375,1.75,3.8125,5.97146366710117,3.10956235475317,0
1,1,2,0.333333333333333,0.416666666666667,1.75,4.225,5.97146366710117,3.10956235475317,0
1,1,2,0.333333333333333,0.458333333333333,1.75,4.6375,5.97146366710117,3.10956235475317,0
1,1,2,0.333333333333333,0.5,1.75,5.05,5.97146366710117,3.10956235475317,0
1,1,2,0.333333333333333,0.541666666666667,1.75,5.4625,5.97146366710117,3.10956235475317,0.997585830810417
1,1,2,0.333333333333333,0.583333333333333,1.75,5.875,5.97146366710117,3.10956235475317,0.565459407707921
1,1,2,0.333333333333333,0.625,1.75,6.2875,5.97146366710117,3.10956235475317,1.29497703796196
1,1,2,0.333333333333333,0.666666666666667,1.75,6.7,5.97146366710117,3.10956235475317,2.21019346178898
1,1,2,0.333333333333333,0.708333333333333,1.75,7.1125,5.97146366710117,3.10956235475317,0.706896782802904
1,1,2,0.333333333333333,0.75,1.75,7.525,5.97146366710117,3.10956235475317,1.43963316695467
1,1,2,0.333333333333333,0.791666666666667,1.75,7.9375,5.97146366710117,3.10956235475317,0.389658172879526
1,1,2,0.333333333333333,0.833333333333333,1.75,8.35,5.97146366710117,3.10956235475317,0
1,1,2,0.333333333333333,0.875,1.75,8.7625,5.97146366710117,3.10956235475317,0.360288319579753
1,1,2,0.333333333333333,0.916666666666667,1.75,9.175,5.97146366710117,3.10956235475317,0
1,1,2,0.333333333333333,0.958333333333333,1.75,9.5875,5.97146366710117,3.10956235475317,0.459774757298092
1,1,2,0.333333333333333,1,1.75,10,5.97146366710117,3.10956235475317,1.36241925575642
1,1,2,0.375,0,1.953125,0.1,5.97146366710117,3.10956235475317,0
1,1,2,0.375,0.0416666666666667,1.953125,0.5125,5.97146366710117,3.10956235475317,0.609432489130018
1,1,2,0.375,0.0833333333333333,1.953125,0.925,5.97146366710117,3.10956235475317,0.466247932075009
1,1,2,0.375,0.125,1.953125,1.3375,5.97146366710117,3.10956235475317,0
1,1,2,0.375,0.166666666666667,1.953125,1.75,5.97146366710117,3.10956235475317,0
1,1,2,0.375,0.208333333333333,1.953125,2.1625,5.97146366710117,3.10956235475317,0
1,1,2,0.375,0.25,1.953125,2.575,5.97146366710117,3.10956235475317,0
1,1,2,0.375,0.291666666666667,1.953125,2.9875,5.97146366710117,3.10956235475317,0.63149678588052
1,1,2,0.375,0.333333333333333,1.953125,3.4,5.97146366710117,3.10956235475317,0
1,1,2,0.375,0.375,1.953125,3.8125,5.97146366710117,3.10956235475317,0.745279023669272
1,1,2,0.375,0.416666666666667,1.953125,4.225,5.97146366710117,3.10956235475317,0
1,1,2,0.375,0.458333333333333,1.953125,4.6375,5.97146366710117,3.10956235475317,0
1,1,2,0.375,0.5,1.953125,5.05,5.97146366710117,3.10956235475317,0.926686322817941
1,1,2,0.375,0.541666666666667,1.953125,5.4625,5.97146366710117,3.10956235475317,0.526098472605846
1,1,2,0.375,0.583333333333333,1.953125,5.875,5.97146366710117,3.10956235475317,1.97444063982766
1,1,2,0.375,0.625,1.953125,6.2875,5.97146366710117,3.10956235475317,1.67650336626696
1,1,2,0.375,0.666666666666667,1.953125,6.7,5.97146366710117,3.10956235475317,0
1,1,2,0.375,0.708333333333333,1.953125,7.1125,5.97146366710117,3.10956235475317,0.0130055363602102
1,1,2,0.375,0.75,1.953125,7.525,5.97146366710117,3.10956235475317,0
1,1,2,0.375,0.791666666666667,1.953125,7.9375,5.97146366710117,3.10956235475317,0
1,1,2,0.375,0.833333333333333,1.953125,8.35,5.97146366710117,3.10956235475317,0.948615499630751
1,1,2,0.375,0.875,1.953125,8.7625,5.97146366710117,3.10956235475317,0.703573879176554
1,1,2,0.375,0.916666666666667,1.953125,9.175,5.97146366710117,3.10956235475317,2.01807023740367
1,1,2,0.375,0.958333333333333,1.953125,9.5875,5.97146366710117,3.10956235475317,1.24672008735181
1,1,2,0.375,1,1.953125,10,5.97146366710117,3.10956235475317,0.524992144444945
1,1,2,0.416666666666667,0,2.15625,0.1,5.97146366710117,3.10956235475317,0.793113748506463
1,1,2,0.416666666666667,0.0416666666666667,2.15625,0.5125,5.97146366710117,3.10956235475317,0.100847708870382
1,1,2,0.416666666666667,0.0833333333333333,2.15625,0.925,5.97146366710117,3.10956235475317,0.459565795872653
1,1,2,0.416666666666667,0.125,2.15625,1.3375,5.97146366710117,3.10956235475317,1.49540436913479
1,1,2,0.416666666666667,0.166666666666667,2.15625,1.75,5.97146366710117,3.10956235475317,0
1,1,2,0.416666666666667,0.208333333333333,2.15625,2.1625,5.97146366710117,3.10956235475317,0
1,1,2,0.416666666666667,0.25,2.15625,2.575,5.97146366710117,3.10956235475317,0
1,1,2,0.416666666666667,0.291666666666667,2.15625,2.9875,5.97146366710117,3.10956235475317,0
1,1,2,0.416666666666667,0.333333333333333,2.15625,3.4,5.97146366710117,3.10956235475317,0
1,1,2,0.416666666666667,0.375,2.15625,3.8125,5.97146366710117,3.10956235475317,0
1,1,2,0.416666666666667,0.416666666666667,2.15625,4.225,5.97146366710117,3.10956235475317,0
1,1,2,0.416666666666667,0.458333333333333,2.15625,4.6375,5.97146366710117,3.10956235475317,1.10946704543104
1,1,2,0.416666666666667,0.5,2.15625,5.05,5.97146366710117,3.10956235475317,0
1,1,2,0.416666666666667,0.541666666666667,2.15625,5.4625,5.97146366710117,3.10956235475317,0.779104852959307
1,1,2,0.416666666666667,0.583333333333333,2.15625,5.875,5.97146366710117,3.10956235475317,0
1,1,2,0.416666666666667,0.625,2.15625,6.2875,5.97146366710117,3.10956235475317,0
1,1,2,0.416666666666667,0.666666666666667,2.15625,6.7,5.97146366710117,3.10956235475317,0.397382712286486
1,1,2,0.416666666666667,0.708333333333333,2.15625,7.1125,5.97146366710117,3.10956235475317,0
1,1,2,0.416666666666667,0.75,2.15625,7.525,5.97146366710117,3.10956235475317,0
1,1,2,0.416666666666667,0.791666666666667,2.15625,7.9375,5.97146366710117,3.10956235475317,0.26723963124046
1,1,2,0.416666666666667,0.833333333333333,2.15625,8.35,5.97146366710117,3.10956235475317,0.46661459955562
1,1,2,0.416666666666667,0.875,2.15625,8.7625,5.97146366710117,3.10956235475317,3.14839035829138
1,1,2,0.416666666666667,0.916666666666667,2.15625,9.175,5.97146366710117,3.10956235475317,3.32523622623424
1,1,2,0.416666666666667,0.958333333333333,2.15625,9.5875,5.97146366710117,3.10956235475317,3.28219173516338
1,1,2,0.416666666666667,1,2.15625,10,5.97146366710117,3.10956235475317,2.41613501538178
1,1,2,0.458333333333333,0,2.359375,0.1,5.97146366710117,3.10956235475317,0.233309487470909
1,1,2,0.458333333333333,0.0416666666666667,2.359375,0.5125,5.97146366710117,3.10956235475317,0.791600784281404
1,1,2,0.458333333333333,0.0833333333333333,2.359375,0.925,5.97146366710117,3.10956235475317,0.589152131531164
1,1,2,0.458333333333333,0.125,2.359375,1.3375,5.97146366710117,3.10956235475317,0
1,1,2,0.458333333333333,0.166666666666667,2.359375,1.75,5.97146366710117,3.10956235475317,0.588315363981935
1,1,2,0.458333333333333,0.208333333333333,2.359375,2.1625,5.97146366710117,3.10956235475317,0.243482573738602
1,1,2,0.458333333333333,0.25,2.359375,2.575,5.97146366710117,3.10956235475317,0.150520712083469
1,1,2,0.458333333333333,0.291666666666667,2.359375,2.9875,5.97146366710117,3.10956235475317,0.272765924395116
1,1,2,0.458333333333333,0.333333333333333,2.359375,3.4,5.97146366710117,3.10956235475317,0
1,1,2,0.458333333333333,0.375,2.359375,3.8125,5.97146366710117,3.10956235475317,0
1,1,2,0.458333333333333,0.416666666666667,2.359375,4.225,5.97146366710117,3.10956235475317,0
1,1,2,0.458333333333333,0.458333333333333,2.359375,4.6375,5.97146366710117,3.10956235475317,0
1,1,2,0.458333333333333,0.5,2.359375,5.05,5.97146366710117,3.10956235475317,1.77553813920928
1,1,2,0.458333333333333,0.541666666666667,2.359375,5.4625,5.97146366710117,3.10956235475317,0.640965349391013
1,1,2,0.458333333333333,0.583333333333333,2.359375,5.875,5.97146366710117,3.10956235475317,0
1,1,2,0.458333333333333,0.625,2.359375,6.2875,5.97146366710117,3.10956235475317,0
1,1,2,0.458333333333333,0.666666666666667,2.359375,6.7,5.97146366710117,3.10956235475317,0
1,1,2,0.458333333333333,0.708333333333333,2.359375,7.1125,5.97146366710117,3.10956235475317,0.411556077803108
1,1,2,0.458333333333333,0.75,2.359375,7.525,5.97146366710117,3.10956235475317,0.597026931937174
1,1,2,0.458333333333333,0.791666666666667,2.359375,7.9375,5.97146366710117,3.10956235475317,0.15111237402974
1,1,2,0.458333333333333,0.833333333333333,2.359375,8.35,5.97146366710117,3.10956235475317,0.31055298046075
1,1,2,0.458333333333333,0.875,2.359375,8.7625,5.97146366710117,3.10956235475317,0
1,1,2,0.458333333333333,0.916666666666667,2.359375,9.175,5.97146366710117,3.10956235475317,0
1,1,2,0.458333333333333,0.958333333333333,2.359375,9.5875,5.97146366710117,3.10956235475317,0.286771493252119
1,1,2,0.458333333333333,1,2.359375,10,5.97146366710117,3.10956235475317,0
1,1,2,0.5,0,2.5625,0.1,5.97146366710117,3.10956235475317,0
1,1,2,0.5,0.0416666666666667,2.5625,0.5125,5.97146366710117,3.10956235475317,0.0699342284898259
1,1,2,0.5,0.0833333333333333,2.5625,0.925,5.97146366710117,3.10956235475317,0.0481777232935839
1,1,2,0.5,0.125,2.5625,1.3375,5.97146366710117,3.10956235475317,0.951220126018915
1,1,2,0.5,0.166666666666667,2.5625,1.75,5.97146366710117,3.10956235475317,0
1,1,2,0.5,0.208333333333333,2.5625,2.1625,5.97146366710117,3.10956235475317,0
1,1,2,0.5,0.25,2.5625,2.575,5.97146366710117,3.10956235475317,0.0410741845910267
1,1,2,0.5,0.291666666666667,2.5625,2.9875,5.97146366710117,3.10956235475317,0.306752491821299
1,1,2,0.5,0.333333333333333,2.5625,3.4,5.97146366710117,3.10956235475317,2.36735244484456
1,1,2,0.5,0.375,2.5625,3.8125,5.97146366710117,3.10956235475317,0.908774456600537
1,1,2,0.5,0.416666666666667,2.5625,4.225,5.97146366710117,3.10956235475317,0
1,1,2,0.5,0.458333333333333,2.5625,4.6375,5.97146366710117,3.10956235475317,0
1,1,2,0.5,0.5,2.5625,5.05,5.97146366710117,3.10956235475317,0
1,1,2,0.5,0.541666666666667,2.5625,5.4625,5.97146366710117,3.10956235475317,1.06629161449397
1,1,2,0.5,0.583333333333333,2.5625,5.875,5.97146366710117,3.10956235475317,1.90654799307297
1,1,2,0.5,0.625,2.5625,6.2875,5.97146366710117,3.10956235475317,1.15653722956663
1,1,2,0.5,0.666666666666667,2.5625,6.7,5.97146366710117,3.10956235475317,1.54915702040592
1,1,2,0.5,0.708333333333333,2.5625,7.1125,5.97146366710117,3.10956235475317,0
1,1,2,0.5,0.75,2.5625,7.525,5.97146366710117,3.10956235475317,0
1,1,2,0.5,0.791666666666667,2.5625,7.9375,5.97146366710117,3.10956235475317,0
1,1,2,0.5,0.833333333333333,2.5625,8.35,5.97146366710117,3.10956235475317,0
1,1,2,0.5,0.875,2.5625,8.7625,5.97146366710117,3.10956235475317,0
1,1,2,0.5,0.916666666666667,2.5625,9.175,5.97146366710117,3.10956235475317,0
1,1,2,0.5,0.958333333333333,2.5625,9.5875,5.97146366710117,3.10956235475317,0
1,1,2,0.5,1,2.5625,10,5.97146366710117,3.10956235475317,0
1,1,2,0.541666666666667,0,2.765625,0.1,5.97146366710117,3.10956235475317,0
1,1,2,0.541666666666667,0.0416666666666667,2.765625,0.5125,5.97146366710117,3.10956235475317,0
1,1,2,0.541666666666667,0.0833333333333333,2.765625,0.925,5.97146366710117,3.10956235475317,0
1,1,2,0.541666666666667,0.125,2.765625,1.3375,5.97146366710117,3.10956235475317,0
1,1,2,0.541666666666667,0.166666666666667,2.765625,1.75,5.97146366710117,3.10956235475317,0.968108736102044
1,1,2,0.541666666666667,0.208333333333333,2.765625,2.1625,5.97146366710117,3.10956235475317,0.157412890914731
1,1,2,0.541666666666667,0.25,2.765625,2.575,5.97146366710117,3.10956235475317,0
1,1,2,0.541666666666667,0.291666666666667,2.765625,2.9875,5.97146366710117,3.10956235475317,0
1,1,2,0.541666666666667,0.333333333333333,2.765625,3.4,5.97146366710117,3.10956235475317,0
1,1,2,0.541666666666667,0.375,2.765625,3.8125,5.97146366710117,3.10956235475317,2.04318698011789
1,1,2,0.541666666666667,0.416666666666667,2.765625,4.225,5.97146366710117,3.10956235475317,2.90140776062366
1,1,2,0.541666666666667,0.458333333333333,2.765625,4.6375,5.97146366710117,3.10956235475317,0.699630511923438
1,1,2,0.541666666666667,0.5,2.765625,5.05,5.97146366710117,3.10956235475317,0
1,1,2,0.541666666666667,0.541666666666667,2.765625,5.4625,5.97146366710117,3.10956235475317,0
1,1,2,0.541666666666667,0.583333333333333,2.765625,5.875,5.97146366710117,3.10956235475317,0
1,1,2,0.541666666666667,0.625,2.765625,6.2875,5.97146366710117,3.10956235475317,0
1,1,2,0.541666666666667,0.666666666666667,2.765625,6.7,5.97146366710117,3.10956235475317,0
1,1,2,0.541666666666667,0.708333333333333,2.765625,7.1125,5.97146366710117,3.10956235475317,0
1,1,2,0.541666666666667,0.75,2.765625,7.525,5.97146366710117,3.10956235475317,0
1,1,2,0.541666666666667,0.791666666666667,2.765625,7.9375,5.97146366710117,3.10956235475317,0
1,1,2,0.541666666666667,0.833333333333333,2.765625,8.35,5.97146366710117,3.10956235475317,0
1,1,2,0.541666666666667,0.875,2.765625,8.7625,5.97146366710117,3.10956235475317,0
1,1,2,0.541666666666667,0.916666666666667,2.765625,9.175,5.97146366710117,3.10956235475317,0
1,1,2,0.541666666666667,0.958333333333333,2.765625,9.5875,5.97146366710117,3.10956235475317,0
1,1,2,0.541666666666667,1,2.765625,10,5.97146366710117,3.10956235475317,0
1,1,2,0.583333333333333,0,2.96875,0.1,5.97146366710117,3.10956235475317,1.10910836049779
1,1,2,0.583333333333333,0.0416666666666667,2.96875,0.5125,5.97146366710117,3.10956235475317,1.09001644791442
1,1,2,0.583333333333333,0.0833333333333333,2.96875,0.925,5.97146366710117,3.10956235475317,0
1,1,2,0.583333333333333,0.125,2.96875,1.3375,5.97146366710117,3.10956235475317,0.0603701515196777
1,1,2,0.583333333333333,0.166666666666667,2.96875,1.75,5.97146366710117,3.10956235475317,0
1,1,2,0.583333333333333,0.208333333333333,2.96875,2.1625,5.97146366710117,3.10956235475317,0.863987481614405
1,1,2,0.583333333333333,0.25,2.96875,2.575,5.97146366710117,3.10956235475317,2.05901154994287
1,1,2,0.583333333333333,0.291666666666667,2.96875,2.9875,5.97146366710117,3.10956235475317,0
1,1,2,0.583333333333333,0.333333333333333,2.96875,3.4,5.97146366710117,3.10956235475317,0.0381831723729563
1,1,2,0.583333333333333,0.375,2.96875,3.8125,5.97146366710117,3.10956235475317,0
1,1,2,0.583333333333333,0.416666666666667,2.96875,4.225,5.97146366710117,3.10956235475317,0
1,1,2,0.583333333333333,0.458333333333333,2.96875,4.6375,5.97146366710117,3.10956235475317,0.971374161525558
1,1,2,0.583333333333333,0.5,2.96875,5.05,5.97146366710117,3.10956235475317,0
1,1,2,0.583333333333333,0.541666666666667,2.96875,5.4625,5.97146366710117,3.10956235475317,0
1,1,2,0.583333333333333,0.583333333333333,2.96875,5.875,5.97146366710117,3.10956235475317,0
1,1,2,0.583333333333333,0.625,2.96875,6.2875,5.97146366710117,3.10956235475317,0
1,1,2,0.583333333333333,0.666666666666667,2.96875,6.7,5.97146366710117,3.10956235475317,0
1,1,2,0.583333333333333,0.708333333333333,2.96875,7.1125,5.97146366710117,3.10956235475317,0
1,1,2,0.583333333333333,0.75,2.96875,7.525,5.97146366710117,3.10956235475317,0
1,1,2,0.583333333333333,0.791666666666667,2.96875,7.9375,5.97146366710117,3.10956235475317,0
1,1,2,0.583333333333333,0.833333333333333,2.96875,8.35,5.97146366710117,3.10956235475317,0
1,1,2,0.583333333333333,0.875,2.96875,8.7625,5.97146366710117,3.10956235475317,0
1,1,2,0.583333333333333,0.916666666666667,2.96875,9.175,5.97146366710117,3.10956235475317,0
1,1,2,0.583333333333333,0.958333333333333,2.96875,9.5875,5.97146366710117,3.10956235475317,0
1,1,2,0.583333333333333,1,2.96875,10,5.97146366710117,3.10956235475317,0
1,1,2,0.625,0,3.171875,0.1,5.97146366710117,3.10956235475317,0.995970289394719
1,1,2,0.625,0.0416666666666667,3.171875,0.5125,5.97146366710117,3.10956235475317,2.52351617643353
1,1,2,0.625,0.0833333333333333,3.171875,0.925,5.97146366710117,3.10956235475317,4.88633338486756
1,1,2,0.625,0.125,3.171875,1.3375,5.97146366710117,3.10956235475317,2.69449259676485
1,1,2,0.625,0.166666666666667,3.171875,1.75,5.97146366710117,3.10956235475317,1.63442691036382
1,1,2,0.625,0.208333333333333,3.171875,2.1625,5.97146366710117,3.10956235475317,0.343067520876214
1,1,2,0.625,0.25,3.171875,2.575,5.97146366710117,3.10956235475317,0
1,1,2,0.625,0.291666666666667,3.171875,2.9875,5.97146366710117,3.10956235475317,0.343248051088848
1,1,2,0.625,0.333333333333333,3.171875,3.4,5.97146366710117,3.10956235475317,0
1,1,2,0.625,0.375,3.171875,3.8125,5.97146366710117,3.10956235475317,0
1,1,2,0.625,0.416666666666667,3.171875,4.225,5.97146366710117,3.10956235475317,0.00539274509750479
1,1,2,0.625,0.458333333333333,3.171875,4.6375,5.97146366710117,3.10956235475317,0
1,1,2,0.625,0.5,3.171875,5.05,5.97146366710117,3.10956235475317,0
1,1,2,0.625,0.541666666666667,3.171875,5.4625,5.97146366710117,3.10956235475317,0
1,1,2,0.625,0.583333333333333,3.171875,5.875,5.97146366710117,3.10956235475317,0
1,1,2,0.625,0.625,3.171875,6.2875,5.97146366710117,3.10956235475317,0
1,1,2,0.625,0.666666666666667,3.171875,6.7,5.97146366710117,3.10956235475317,0
1,1,2,0.625,0.708333333333333,3.171875,7.1125,5.97146366710117,3.10956235475317,0
1,1,2,0.625,0.75,3.171875,7.525,5.97146366710117,3.10956235475317,0
1,1,2,0.625,0.791666666666667,3.171875,7.9375,5.97146366710117,3.10956235475317,0
1,1,2,0.625,0.833333333333333,3.171875,8.35,5.97146366710117,3.10956235475317,0
1,1,2,0.625,0.875,3.171875,8.7625,5.97146366710117,3.10956235475317,0
1,1,2,0.625,0.916666666666667,3.171875,9.175,5.97146366710117,3.10956235475317,0
1,1,2,0.625,0.958333333333333,3.171875,9.5875,5.97146366710117,3.10956235475317,0
1,1,2,0.625,1,3.171875,10,5.97146366710117,3.10956235475317,0
1,1,2,0.666666666666667,0,3.375,0.1,5.97146366710117,3.10956235475317,3.22120964511847
1,1,2,0.666666666666667,0.0416666666666667,3.375,0.5125,5.97146366710117,3.10956235475317,2.40132882253207
1,1,2,0.666666666666667,0.0833333333333333,3.375,0.925,5.97146366710117,3.10956235475317,1.27041332329524
1,1,2,0.666666666666667,0.125,3.375,1.3375,5.97146366710117,3.10956235475317,3.62424791869779
1,1,2,0.666666666666667,0.166666666666667,3.375,1.75,5.97146366710117,3.10956235475317,3.1740340758625
1,1,2,0.666666666666667,0.208333333333333,3.375,2.1625,5.97146366710117,3.10956235475317,1.09035280390826
1,1,2,0.666666666666667,0.25,3.375,2.575,5.97146366710117,3.10956235475317,0
1,1,2,0.666666666666667,0.291666666666667,3.375,2.9875,5.97146366710117,3.10956235475317,0
1,1,2,0.666666666666667,0.333333333333333,3.375,3.4,5.97146366710117,3.10956235475317,0
1,1,2,0.666666666666667,0.375,3.375,3.8125,5.97146366710117,3.10956235475317,0
1,1,2,0.666666666666667,0.416666666666667,3.375,4.225,5.97146366710117,3.10956235475317,0
1,1,2,0.666666666666667,0.458333333333333,3.375,4.6375,5.97146366710117,3.10956235475317,0
1,1,2,0.666666666666667,0.5,3.375,5.05,5.97146366710117,3.10956235475317,0
1,1,2,0.666666666666667,0.541666666666667,3.375,5.4625,5.97146366710117,3.10956235475317,0
1,1,2,0.666666666666667,0.583333333333333,3.375,5.875,5.97146366710117,3.10956235475317,0
1,1,2,0.666666666666667,0.625,3.375,6.2875,5.97146366710117,3.10956235475317,0
1,1,2,0.666666666666667,0.666666666666667,3.375,6.7,5.97146366710117,3.10956235475317,0
1,1,2,0.666666666666667,0.708333333333333,3.375,7.1125,5.97146366710117,3.10956235475317,0
1,1,2,0.666666666666667,0.75,3.375,7.525,5.97146366710117,3.10956235475317,0
1,1,2,0.666666666666667,0.791666666666667,3.375,7.9375,5.97146366710117,3.10956235475317,0
1,1,2,0.666666666666667,0.833333333333333,3.375,8.35,5.97146366710117,3.10956235475317,0
1,1,2,0.666666666666667,0.875,3.375,8.7625,5.97146366710117,3.10956235475317,0
1,1,2,0.666666666666667,0.916666666666667,3.375,9.175,5.97146366710117,3.10956235475317,0
1,1,2,0.666666666666667,0.958333333333333,3.375,9.5875,5.97146366710117,3.10956235475317,0
1,1,2,0.666666666666667,1,3.375,10,5.97146366710117,3.10956235475317,0
1,1,2,0.708333333333333,0,3.578125,0.1,5.97146366710117,3.10956235475317,8.36726046612863
1,1,2,0.708333333333333,0.0416666666666667,3.578125,0.5125,5.97146366710117,3.10956235475317,3.48133097832684
1,1,2,0.708333333333333,0.0833333333333333,3.578125,0.925,5.97146366710117,3.10956235475317,1.78025562770693
1,1,2,0.708333333333333,0.125,3.578125,1.3375,5.97146366710117,3.10956235475317,0
1,1,2,0.708333333333333,0.166666666666667,3.578125,1.75,5.97146366710117,3.10956235475317,0.178918754311973
1,1,2,0.708333333333333,0.208333333333333,3.578125,2.1625,5.97146366710117,3.10956235475317,1.84820894078102
1,1,2,0.708333333333333,0.25,3.578125,2.575,5.97146366710117,3.10956235475317,0.522207823289295
1,1,2,0.708333333333333,0.291666666666667,3.578125,2.9875,5.97146366710117,3.10956235475317,0.129907640227153
1,1,2,0.708333333333333,0.333333333333333,3.578125,3.4,5.97146366710117,3.10956235475317,0
1,1,2,0.708333333333333,0.375,3.578125,3.8125,5.97146366710117,3.10956235475317,0
1,1,2,0.708333333333333,0.416666666666667,3.578125,4.225,5.97146366710117,3.10956235475317,0
1,1,2,0.708333333333333,0.458333333333333,3.578125,4.6375,5.97146366710117,3.10956235475317,0
1,1,2,0.708333333333333,0.5,3.578125,5.05,5.97146366710117,3.10956235475317,0
1,1,2,0.708333333333333,0.541666666666667,3.578125,5.4625,5.97146366710117,3.10956235475317,0
1,1,2,0.708333333333333,0.583333333333333,3.578125,5.875,5.97146366710117,3.10956235475317,0
1,1,2,0.708333333333333,0.625,3.578125,6.2875,5.97146366710117,3.10956235475317,0
1,1,2,0.708333333333333,0.666666666666667,3.578125,6.7,5.97146366710117,3.10956235475317,0
1,1,2,0.708333333333333,0.708333333333333,3.578125,7.1125,5.97146366710117,3.10956235475317,0
1,1,2,0.708333333333333,0.75,3.578125,7.525,5.97146366710117,3.10956235475317,0
1,1,2,0.708333333333333,0.791666666666667,3.578125,7.9375,5.97146366710117,3.10956235475317,0
1,1,2,0.708333333333333,0.833333333333333,3.578125,8.35,5.97146366710117,3.10956235475317,0
1,1,2,0.708333333333333,0.875,3.578125,8.7625,5.97146366710117,3.10956235475317,0
1,1,2,0.708333333333333,0.916666666666667,3.578125,9.175,5.97146366710117,3.10956235475317,0
1,1,2,0.708333333333333,0.958333333333333,3.578125,9.5875,5.97146366710117,3.10956235475317,0
1,1,2,0.708333333333333,1,3.578125,10,5.97146366710117,3.10956235475317,0
1,1,2,0.75,0,3.78125,0.1,5.97146366710117,3.10956235475317,6.00695606517242
1,1,2,0.75,0.0416666666666667,3.78125,0.5125,5.97146366710117,3.10956235475317,5.32790022661906
1,1,2,0.75,0.0833333333333333,3.78125,0.925,5.97146366710117,3.10956235475317,1.66626236213458
1,1,2,0.75,0.125,3.78125,1.3375,5.97146366710117,3.10956235475317,0.452816130564682
1,1,2,0.75,0.166666666666667,3.78125,1.75,5.97146366710117,3.10956235475317,0
1,1,2,0.75,0.208333333333333,3.78125,2.1625,5.97146366710117,3.10956235475317,0
1,1,2,0.75,0.25,3.78125,2.575,5.97146366710117,3.10956235475317,0.108208434264498
1,1,2,0.75,0.291666666666667,3.78125,2.9875,5.97146366710117,3.10956235475317,0
1,1,2,0.75,0.333333333333333,3.78125,3.4,5.97146366710117,3.10956235475317,0
1,1,2,0.75,0.375,3.78125,3.8125,5.97146366710117,3.10956235475317,0
1,1,2,0.75,0.416666666666667,3.78125,4.225,5.97146366710117,3.10956235475317,0
1,1,2,0.75,0.458333333333333,3.78125,4.6375,5.97146366710117,3.10956235475317,0
1,1,2,0.75,0.5,3.78125,5.05,5.97146366710117,3.10956235475317,0
1,1,2,0.75,0.541666666666667,3.78125,5.4625,5.97146366710117,3.10956235475317,0
1,1,2,0.75,0.583333333333333,3.78125,5.875,5.97146366710117,3.10956235475317,0
1,1,2,0.75,0.625,3.78125,6.2875,5.97146366710117,3.10956235475317,0
1,1,2,0.75,0.666666666666667,3.78125,6.7,5.97146366710117,3.10956235475317,0
1,1,2,0.75,0.708333333333333,3.78125,7.1125,5.97146366710117,3.10956235475317,0
1,1,2,0.75,0.75,3.78125,7.525,5.97146366710117,3.10956235475317,0
1,1,2,0.75,0.791666666666667,3.78125,7.9375,5.97146366710117,3.10956235475317,0
1,1,2,0.75,0.833333333333333,3.78125,8.35,5.97146366710117,3.10956235475317,0
1,1,2,0.75,0.875,3.78125,8.7625,5.97146366710117,3.10956235475317,0
1,1,2,0.75,0.916666666666667,3.78125,9.175,5.97146366710117,3.10956235475317,0
1,1,2,0.75,0.958333333333333,3.78125,9.5875,5.97146366710117,3.10956235475317,0
1,1,2,0.75,1,3.78125,10,5.97146366710117,3.10956235475317,0
1,1,2,0.791666666666667,0,3.984375,0.1,5.97146366710117,3.10956235475317,3.75338044066557
1,1,2,0.791666666666667,0.0416666666666667,3.984375,0.5125,5.97146366710117,3.10956235475317,0.475683272908343
1,1,2,0.791666666666667,0.0833333333333333,3.984375,0.925,5.97146366710117,3.10956235475317,0.974741466752655
1,1,2,0.791666666666667,0.125,3.984375,1.3375,5.97146366710117,3.10956235475317,0
1,1,2,0.791666666666667,0.166666666666667,3.984375,1.75,5.97146366710117,3.10956235475317,0
1,1,2,0.791666666666667,0.208333333333333,3.984375,2.1625,5.97146366710117,3.10956235475317,0
1,1,2,0.791666666666667,0.25,3.984375,2.575,5.97146366710117,3.10956235475317,0
1,1,2,0.791666666666667,0.291666666666667,3.984375,2.9875,5.97146366710117,3.10956235475317,0
1,1,2,0.791666666666667,0.333333333333333,3.984375,3.4,5.97146366710117,3.10956235475317,0
1,1,2,0.791666666666667,0.375,3.984375,3.8125,5.97146366710117,3.10956235475317,0
1,1,2,0.791666666666667,0.416666666666667,3.984375,4.225,5.97146366710117,3.10956235475317,0
1,1,2,0.791666666666667,0.458333333333333,3.984375,4.6375,5.97146366710117,3.10956235475317,0
1,1,2,0.791666666666667,0.5,3.984375,5.05,5.97146366710117,3.10956235475317,0
1,1,2,0.791666666666667,0.541666666666667,3.984375,5.4625,5.97146366710117,3.10956235475317,0
1,1,2,0.791666666666667,0.583333333333333,3.984375,5.875,5.97146366710117,3.10956235475317,0
1,1,2,0.791666666666667,0.625,3.984375,6.2875,5.97146366710117,3.10956235475317,0
1,1,2,0.791666666666667,0.666666666666667,3.984375,6.7,5.97146366710117,3.10956235475317,0
1,1,2,0.791666666666667,0.708333333333333,3.984375,7.1125,5.97146366710117,3.10956235475317,0
1,1,2,0.791666666666667,0.75,3.984375,7.525,5.97146366710117,3.10956235475317,0
1,1,2,0.791666666666667,0.791666666666667,3.984375,7.9375,5.97146366710117,3.10956235475317,0
1,1,2,0.791666666666667,0.833333333333333,3.984375,8.35,5.97146366710117,3.10956235475317,0
1,1,2,0.791666666666667,0.875,3.984375,8.7625,5.97146366710117,3.10956235475317,0
1,1,2,0.791666666666667,0.916666666666667,3.984375,9.175,5.97146366710117,3.10956235475317,0
1,1,2,0.791666666666667,0.958333333333333,3.984375,9.5875,5.97146366710117,3.10956235475317,0
1,1,2,0.791666666666667,1,3.984375,10,5.97146366710117,3.10956235475317,0
1,1,2,0.833333333333333,0,4.1875,0.1,5.97146366710117,3.10956235475317,0.724935765895042
1,1,2,0.833333333333333,0.0416666666666667,4.1875,0.5125,5.97146366710117,3.10956235475317,0.755367959893049
1,1,2,0.833333333333333,0.0833333333333333,4.1875,0.925,5.97146366710117,3.10956235475317,0
1,1,2,0.833333333333333,0.125,4.1875,1.3375,5.97146366710117,3.10956235475317,0
1,1,2,0.833333333333333,0.166666666666667,4.1875,1.75,5.97146366710117,3.10956235475317,0
1,1,2,0.833333333333333,0.208333333333333,4.1875,2.1625,5.97146366710117,3.10956235475317,0
1,1,2,0.833333333333333,0.25,4.1875,2.575,5.97146366710117,3.10956235475317,0
1,1,2,0.833333333333333,0.291666666666667,4.1875,2.9875,5.97146366710117,3.10956235475317,0
1,1,2,0.833333333333333,0.333333333333333,4.1875,3.4,5.97146366710117,3.10956235475317,0
1,1,2,0.833333333333333,0.375,4.1875,3.8125,5.97146366710117,3.10956235475317,0
1,1,2,0.833333333333333,0.416666666666667,4.1875,4.225,5.97146366710117,3.10956235475317,0
1,1,2,0.833333333333333,0.458333333333333,4.1875,4.6375,5.97146366710117,3.10956235475317,0
1,1,2,0.833333333333333,0.5,4.1875,5.05,5.97146366710117,3.10956235475317,0
1,1,2,0.833333333333333,0.541666666666667,4.1875,5.4625,5.97146366710117,3.10956235475317,0
1,1,2,0.833333333333333,0.583333333333333,4.1875,5.875,5.97146366710117,3.10956235475317,0
1,1,2,0.833333333333333,0.625,4.1875,6.2875,5.97146366710117,3.10956235475317,0
1,1,2,0.833333333333333,0.666666666666667,4.1875,6.7,5.97146366710117,3.10956235475317,0
1,1,2,0.833333333333333,0.708333333333333,4.1875,7.1125,5.97146366710117,3.10956235475317,0
1,1,2,0.833333333333333,0.75,4.1875,7.525,5.97146366710117,3.10956235475317,0
1,1,2,0.833333333333333,0.791666666666667,4.1875,7.9375,5.97146366710117,3.10956235475317,0
1,1,2,0.833333333333333,0.833333333333333,4.1875,8.35,5.97146366710117,3.10956235475317,0
1,1,2,0.833333333333333,0.875,4.1875,8.7625,5.97146366710117,3.10956235475317,0
1,1,2,0.833333333333333,0.916666666666667,4.1875,9.175,5.97146366710117,3.10956235475317,0
1,1,2,0.833333333333333,0.958333333333333,4.1875,9.5875,5.97146366710117,3.10956235475317,0
1,1,2,0.833333333333333,1,4.1875,10,5.97146366710117,3.10956235475317,0
1,1,2,0.875,0,4.390625,0.1,5.97146366710117,3.10956235475317,1.87283856178055
1,1,2,0.875,0.0416666666666667,4.390625,0.5125,5.97146366710117,3.10956235475317,0
1,1,2,0.875,0.0833333333333333,4.390625,0.925,5.97146366710117,3.10956235475317,0
1,1,2,0.875,0.125,4.390625,1.3375,5.97146366710117,3.10956235475317,0
1,1,2,0.875,0.166666666666667,4.390625,1.75,5.97146366710117,3.10956235475317,0
1,1,2,0.875,0.208333333333333,4.390625,2.1625,5.97146366710117,3.10956235475317,0.794783379780126
1,1,2,0.875,0.25,4.390625,2.575,5.97146366710117,3.10956235475317,0
1,1,2,0.875,0.291666666666667,4.390625,2.9875,5.97146366710117,3.10956235475317,0
1,1,2,0.875,0.333333333333333,4.390625,3.4,5.97146366710117,3.10956235475317,0
1,1,2,0.875,0.375,4.390625,3.8125,5.97146366710117,3.10956235475317,0
1,1,2,0.875,0.416666666666667,4.390625,4.225,5.97146366710117,3.10956235475317,0
1,1,2,0.875,0.458333333333333,4.390625,4.6375,5.97146366710117,3.10956235475317,0
1,1,2,0.875,0.5,4.390625,5.05,5.97146366710117,3.10956235475317,0
1,1,2,0.875,0.541666666666667,4.390625,5.4625,5.97146366710117,3.10956235475317,0
1,1,2,0.875,0.583333333333333,4.390625,5.875,5.97146366710117,3.10956235475317,0
1,1,2,0.875,0.625,4.390625,6.2875,5.97146366710117,3.10956235475317,0
1,1,2,0.875,0.666666666666667,4.390625,6.7,5.97146366710117,3.10956235475317,0
1,1,2,0.875,0.708333333333333,4.390625,7.1125,5.97146366710117,3.10956235475317,0
1,1,2,0.875,0.75,4.390625,7.525,5.97146366710117,3.10956235475317,0.0094860037287428
1,1,2,0.875,0.791666666666667,4.390625,7.9375,5.97146366710117,3.10956235475317,0
1,1,2,0.875,0.833333333333333,4.390625,8.35,5.97146366710117,3.10956235475317,0
1,1,2,0.875,0.875,4.390625,8.7625,5.97146366710117,3.10956235475317,0
1,1,2,0.875,0.916666666666667,4.390625,9.175,5.97146366710117,3.10956235475317,0
1,1,2,0.875,0.958333333333333,4.390625,9.5875,5.97146366710117,3.10956235475317,0
1,1,2,0.875,1,4.390625,10,5.97146366710117,3.10956235475317,0
1,1,2,0.916666666666667,0,4.59375,0.1,5.97146366710117,3.10956235475317,0.861225116894402
1,1,2,0.916666666666667,0.0416666666666667,4.59375,0.5125,5.97146366710117,3.10956235475317,0.737553897885517
1,1,2,0.916666666666667,0.0833333333333333,4.59375,0.925,5.97146366710117,3.10956235475317,0
1,1,2,0.916666666666667,0.125,4.59375,1.3375,5.97146366710117,3.10956235475317,0
1,1,2,0.916666666666667,0.166666666666667,4.59375,1.75,5.97146366710117,3.10956235475317,0.339594227419681
1,1,2,0.916666666666667,0.208333333333333,4.59375,2.1625,5.97146366710117,3.10956235475317,0
1,1,2,0.916666666666667,0.25,4.59375,2.575,5.97146366710117,3.10956235475317,0.959677988449754
1,1,2,0.916666666666667,0.291666666666667,4.59375,2.9875,5.97146366710117,3.10956235475317,0.833568023412237
1,1,2,0.916666666666667,0.333333333333333,4.59375,3.4,5.97146366710117,3.10956235475317,0
1,1,2,0.916666666666667,0.375,4.59375,3.8125,5.97146366710117,3.10956235475317,0.138637778786602
1,1,2,0.916666666666667,0.416666666666667,4.59375,4.225,5.97146366710117,3.10956235475317,0
1,1,2,0.916666666666667,0.458333333333333,4.59375,4.6375,5.97146366710117,3.10956235475317,0
1,1,2,0.916666666666667,0.5,4.59375,5.05,5.97146366710117,3.10956235475317,0.578713680805382
1,1,2,0.916666666666667,0.541666666666667,4.59375,5.4625,5.97146366710117,3.10956235475317,0.460955704323323
1,1,2,0.916666666666667,0.583333333333333,4.59375,5.875,5.97146366710117,3.10956235475317,0.726712892379369
1,1,2,0.916666666666667,0.625,4.59375,6.2875,5.97146366710117,3.10956235475317,0.365497679008296
1,1,2,0.916666666666667,0.666666666666667,4.59375,6.7,5.97146366710117,3.10956235475317,0.125154665121161
1,1,2,0.916666666666667,0.708333333333333,4.59375,7.1125,5.97146366710117,3.10956235475317,0.112938264545589
1,1,2,0.916666666666667,0.75,4.59375,7.525,5.97146366710117,3.10956235475317,0.00916976654294362
1,1,2,0.916666666666667,0.791666666666667,4.59375,7.9375,5.97146366710117,3.10956235475317,0
1,1,2,0.916666666666667,0.833333333333333,4.59375,8.35,5.97146366710117,3.10956235475317,0
1,1,2,0.916666666666667,0.875,4.59375,8.7625,5.97146366710117,3.10956235475317,0
1,1,2,0.916666666666667,0.916666666666667,4.59375,9.175,5.97146366710117,3.10956235475317,0
1,1,2,0.916666666666667,0.958333333333333,4.59375,9.5875,5.97146366710117,3.10956235475317,0
1,1,2,0.916666666666667,1,4.59375,10,5.97146366710117,3.10956235475317,0
1,1,2,0.958333333333333,0,4.796875,0.1,5.97146366710117,3.10956235475317,3.4334526326956
1,1,2,0.958333333333333,0.0416666666666667,4.796875,0.5125,5.97146366710117,3.10956235475317,0
1,1,2,0.958333333333333,0.0833333333333333,4.796875,0.925,5.97146366710117,3.10956235475317,0
1,1,2,0.958333333333333,0.125,4.796875,1.3375,5.97146366710117,3.10956235475317,0
1,1,2,0.958333333333333,0.166666666666667,4.796875,1.75,5.97146366710117,3.10956235475317,0
1,1,2,0.958333333333333,0.208333333333333,4.796875,2.1625,5.97146366710117,3.10956235475317,0
1,1,2,0.958333333333333,0.25,4.796875,2.575,5.97146366710117,3.10956235475317,0
1,1,2,0.958333333333333,0.291666666666667,4.796875,2.9875,5.97146366710117,3.10956235475317,0
1,1,2,0.958333333333333,0.333333333333333,4.796875,3.4,5.97146366710117,3.10956235475317,0
1,1,2,0.958333333333333,0.375,4.796875,3.8125,5.97146366710117,3.10956235475317,0
1,1,2,0.958333333333333,0.416666666666667,4.796875,4.225,5.97146366710117,3.10956235475317,0
1,1,2,0.958333333333333,0.458333333333333,4.796875,4.6375,5.97146366710117,3.10956235475317,0.140361644420404
1,1,2,0.958333333333333,0.5,4.796875,5.05,5.97146366710117,3.10956235475317,0.150421849886804
1,1,2,0.958333333333333,0.541666666666667,4.796875,5.4625,5.97146366710117,3.10956235475317,0.776710514745664
1,1,2,0.958333333333333,0.583333333333333,4.796875,5.875,5.97146366710117,3.10956235475317,0.673646298059155
1,1,2,0.958333333333333,0.625,4.796875,6.2875,5.97146366710117,3.10956235475317,0.598746190469526
1,1,2,0.958333333333333,0.666666666666667,4.796875,6.7,5.97146366710117,3.10956235475317,0.319700812800243
1,1,2,0.958333333333333,0.708333333333333,4.796875,7.1125,5.97146366710117,3.10956235475317,0
1,1,2,0.958333333333333,0.75,4.796875,7.525,5.97146366710117,3.10956235475317,0
1,1,2,0.958333333333333,0.791666666666667,4.796875,7.9375,5.97146366710117,3.10956235475317,0
1,1,2,0.958333333333333,0.833333333333333,4.796875,8.35,5.97146366710117,3.10956235475317,0
1,1,2,0.958333333333333,0.875,4.796875,8.7625,5.97146366710117,3.10956235475317,0
1,1,2,0.958333333333333,0.916666666666667,4.796875,9.175,5.97146366710117,3.10956235475317,0
1,1,2,0.958333333333333,0.958333333333333,4.796875,9.5875,5.97146366710117,3.10956235475317,0
1,1,2,0.958333333333333,1,4.796875,10,5.97146366710117,3.10956235475317,0
1,1,2,1,0,5,0.1,5.97146366710117,3.10956235475317,4.56841904403247
1,1,2,1,0.0416666666666667,5,0.5125,5.97146366710117,3.10956235475317,1.84991786612364
1,1,2,1,0.0833333333333333,5,0.925,5.97146366710117,3.10956235475317,0
1,1,2,1,0.125,5,1.3375,5.97146366710117,3.10956235475317,0
1,1,2,1,0.166666666666667,5,1.75,5.97146366710117,3.10956235475317,0
1,1,2,1,0.208333333333333,5,2.1625,5.97146366710117,3.10956235475317,0
1,1,2,1,0.25,5,2.575,5.97146366710117,3.10956235475317,0
1,1,2,1,0.291666666666667,5,2.9875,5.97146366710117,3.10956235475317,0
1,1,2,1,0.333333333333333,5,3.4,5.97146366710117,3.10956235475317,0
1,1,2,1,0.375,5,3.8125,5.97146366710117,3.10956235475317,0
1,1,2,1,0.416666666666667,5,4.225,5.97146366710117,3.10956235475317,0
1,1,2,1,0.458333333333333,5,4.6375,5.97146366710117,3.10956235475317,0
1,1,2,1,0.5,5,5.05,5.97146366710117,3.10956235475317,0.421865873456392
1,1,2,1,0.541666666666667,5,5.4625,5.97146366710117,3.10956235475317,0.210181186736043
1,1,2,1,0.583333333333333,5,5.875,5.97146366710117,3.10956235475317,0.329627702921989
1,1,2,1,0.625,5,6.2875,5.97146366710117,3.10956235475317,0.231374485234733
1,1,2,1,0.666666666666667,5,6.7,5.97146366710117,3.10956235475317,0.0259491189919212
1,1,2,1,0.708333333333333,5,7.1125,5.97146366710117,3.10956235475317,0
1,1,2,1,0.75,5,7.525,5.97146366710117,3.10956235475317,0
1,1,2,1,0.791666666666667,5,7.9375,5.97146366710117,3.10956235475317,0
1,1,2,1,0.833333333333333,5,8.35,5.97146366710117,3.10956235475317,0
1,1,2,1,0.875,5,8.7625,5.97146366710117,3.10956235475317,0
1,1,2,1,0.916666666666667,5,9.175,5.97146366710117,3.10956235475317,0
1,1,2,1,0.958333333333333,5,9.5875,5.97146366710117,3.10956235475317,0
1,1,2,1,1,5,10,5.97146366710117,3.10956235475317,0
2,1,3,0,0,0.125,5.90398975492891,0.1,3.10956235475317,0
2,1,3,0,0.0416666666666667,0.125,5.90398975492891,0.5125,3.10956235475317,0
2,1,3,0,0.0833333333333333,0.125,5.90398975492891,0.925,3.10956235475317,0
2,1,3,0,0.125,0.125,5.90398975492891,1.3375,3.10956235475317,0
2,1,3,0,0.166666666666667,0.125,5.90398975492891,1.75,3.10956235475317,0
2,1,3,0,0.208333333333333,0.125,5.90398975492891,2.1625,3.10956235475317,0
2,1,3,0,0.25,0.125,5.90398975492891,2.575,3.10956235475317,0
2,1,3,0,0.291666666666667,0.125,5.90398975492891,2.9875,3.10956235475317,0
2,1,3,0,0.333333333333333,0.125,5.90398975492891,3.4,3.10956235475317,0
2,1,3,0,0.375,0.125,5.90398975492891,3.8125,3.10956235475317,0
2,1,3,0,0.416666666666667,0.125,5.90398975492891,4.225,3.10956235475317,0
2,1,3,0,0.458333333333333,0.125,5.90398975492891,4.6375,3.10956235475317,0
2,1,3,0,0.5,0.125,5.90398975492891,5.05,3.10956235475317,0
2,1,3,0,0.541666666666667,0.125,5.90398975492891,5.4625,3.10956235475317,0
2,1,3,0,0.583333333333333,0.125,5.90398975492891,5.875,3.10956235475317,0
2,1,3,0,0.625,0.125,5.90398975492891,6.2875,3.10956235475317,0
2,1,3,0,0.666666666666667,0.125,5.90398975492891,6.7,3.10956235475317,0
2,1,3,0,0.708333333333333,0.125,5.90398975492891,7.1125,3.10956235475317,0
2,1,3,0,0.75,0.125,5.90398975492891,7.525,3.10956235475317,0
2,1,3,0,0.791666666666667,0.125,5.90398975492891,7.9375,3.10956235475317,0
2,1,3,0,0.833333333333333,0.125,5.90398975492891,8.35,3.10956235475317,0
2,1,3,0,0.875,0.125,5.90398975492891,8.7625,3.10956235475317,0
2,1,3,0,0.916666666666667,0.125,5.90398975492891,9.175,3.10956235475317,0
2,1,3,0,0.958333333333333,0.125,5.90398975492891,9.5875,3.10956235475317,0
2,1,3,0,1,0.125,5.90398975492891,10,3.10956235475317,0
2,1,3,0.0416666666666667,0,0.328125,5.90398975492891,0.1,3.10956235475317,0
2,1,3,0.0416666666666667,0.0416666666666667,0.328125,5.90398975492891,0.5125,3.10956235475317,0
2,1,3,0.0416666666666667,0.0833333333333333,0.328125,5.90398975492891,0.925,3.10956235475317,0
2,1,3,0.0416666666666667,0.125,0.328125,5.90398975492891,1.3375,3.10956235475317,0
2,1,3,0.0416666666666667,0.166666666666667,0.328125,5.90398975492891,1.75,3.10956235475317,0
2,1,3,0.0416666666666667,0.208333333333333,0.328125,5.90398975492891,2.1625,3.10956235475317,0
2,1,3,0.0416666666666667,0.25,0.328125,5.90398975492891,2.575,3.10956235475317,0
2,1,3,0.0416666666666667,0.291666666666667,0.328125,5.90398975492891,2.9875,3.10956235475317,0
2,1,3,0.0416666666666667,0.333333333333333,0.328125,5.90398975492891,3.4,3.10956235475317,0
2,1,3,0.0416666666666667,0.375,0.328125,5.90398975492891,3.8125,3.10956235475317,0
2,1,3,0.0416666666666667,0.416666666666667,0.328125,5.90398975492891,4.225,3.10956235475317,0
2,1,3,0.0416666666666667,0.458333333333333,0.328125,5.90398975492891,4.6375,3.10956235475317,0
2,1,3,0.0416666666666667,0.5,0.328125,5.90398975492891,5.05,3.10956235475317,0
2,1,3,0.0416666666666667,0.541666666666667,0.328125,5.90398975492891,5.4625,3.10956235475317,0.0572305631550571
2,1,3,0.0416666666666667,0.583333333333333,0.328125,5.90398975492891,5.875,3.10956235475317,0.3437348731124
2,1,3,0.0416666666666667,0.625,0.328125,5.90398975492891,6.2875,3.10956235475317,0.572904962272505
2,1,3,0.0416666666666667,0.666666666666667,0.328125,5.90398975492891,6.7,3.10956235475317,0.734867729209559
2,1,3,0.0416666666666667,0.708333333333333,0.328125,5.90398975492891,7.1125,3.10956235475317,0.826255773083797
2,1,3,0.0416666666666667,0.75,0.328125,5.90398975492891,7.525,3.10956235475317,0.850346560967417
2,1,3,0.0416666666666667,0.791666666666667,0.328125,5.90398975492891,7.9375,3.10956235475317,0.816582832336694
2,1,3,0.0416666666666667,0.833333333333333,0.328125,5.90398975492891,8.35,3.10956235475317,0.739529907532431
2,1,3,0.0416666666666667,0.875,0.328125,5.90398975492891,8.7625,3.10956235475317,0.637378003221691
2,1,3,0.0416666666666667,0.916666666666667,0.328125,5.90398975492891,9.175,3.10956235475317,0.530146252322319
2,1,3,0.0416666666666667,0.958333333333333,0.328125,5.90398975492891,9.5875,3.10956235475317,0.437773021651074
2,1,3,0.0416666666666667,1,0.328125,5.90398975492891,10,3.10956235475317,0.378282523932316
2,1,3,0.0833333333333333,0,0.53125,5.90398975492891,0.1,3.10956235475317,0.00351269704874834
2,1,3,0.0833333333333333,0.0416666666666667,0.53125,5.90398975492891,0.5125,3.10956235475317,0.00286113627605237
2,1,3,0.0833333333333333,0.0833333333333333,0.53125,5.90398975492891,0.925,3.10956235475317,0.036549551475763
2,1,3,0.0833333333333333,0.125,0.53125,5.90398975492891,1.3375,3.10956235475317,0.167182958177307
2,1,3,0.0833333333333333,0.166666666666667,0.53125,5.90398975492891,1.75,3.10956235475317,0.233240645769213
2,1,3,0.0833333333333333,0.208333333333333,0.53125,5.90398975492891,2.1625,3.10956235475317,0.225735891655173
2,1,3,0.0833333333333333,0.25,0.53125,5.90398975492891,2.575,3.10956235475317,0.142697657034848
2,1,3,0.0833333333333333,0.291666666666667,0.53125,5.90398975492891,2.9875,3.10956235475317,0
2,1,3,0.0833333333333333,0.333333333333333,0.53125,5.90398975492891,3.4,3.10956235475317,0
2,1,3,0.0833333333333333,0.375,0.53125,5.90398975492891,3.8125,3.10956235475317,0
2,1,3,0.0833333333333333,0.416666666666667,0.53125,5.90398975492891,4.225,3.10956235475317,0
2,1,3,0.0833333333333333,0.458333333333333,0.53125,5.90398975492891,4.6375,3.10956235475317,0
2,1,3,0.0833333333333333,0.5,0.53125,5.90398975492891,5.05,3.10956235475317,0
2,1,3,0.0833333333333333,0.541666666666667,0.53125,5.90398975492891,5.4625,3.10956235475317,0
2,1,3,0.0833333333333333,0.583333333333333,0.53125,5.90398975492891,5.875,3.10956235475317,0
2,1,3,0.0833333333333333,0.625,0.53125,5.90398975492891,6.2875,3.10956235475317,0
2,1,3,0.0833333333333333,0.666666666666667,0.53125,5.90398975492891,6.7,3.10956235475317,0
2,1,3,0.0833333333333333,0.708333333333333,0.53125,5.90398975492891,7.1125,3.10956235475317,0
2,1,3,0.0833333333333333,0.75,0.53125,5.90398975492891,7.525,3.10956235475317,0
2,1,3,0.0833333333333333,0.791666666666667,0.53125,5.90398975492891,7.9375,3.10956235475317,0
2,1,3,0.0833333333333333,0.833333333333333,0.53125,5.90398975492891,8.35,3.10956235475317,0
2,1,3,0.0833333333333333,0.875,0.53125,5.90398975492891,8.7625,3.10956235475317,0
2,1,3,0.0833333333333333,0.916666666666667,0.53125,5.90398975492891,9.175,3.10956235475317,0
2,1,3,0.0833333333333333,0.958333333333333,0.53125,5.90398975492891,9.5875,3.10956235475317,0
2,1,3,0.0833333333333333,1,0.53125,5.90398975492891,10,3.10956235475317,0
2,1,3,0.125,0,0.734375,5.90398975492891,0.1,3.10956235475317,0
2,1,3,0.125,0.0416666666666667,0.734375,5.90398975492891,0.5125,3.10956235475317,0
2,1,3,0.125,0.0833333333333333,0.734375,5.90398975492891,0.925,3.10956235475317,0
2,1,3,0.125,0.125,0.734375,5.90398975492891,1.3375,3.10956235475317,0
2,1,3,0.125,0.166666666666667,0.734375,5.90398975492891,1.75,3.10956235475317,0
2,1,3,0.125,0.208333333333333,0.734375,5.90398975492891,2.1625,3.10956235475317,0
2,1,3,0.125,0.25,0.734375,5.90398975492891,2.575,3.10956235475317,0
2,1,3,0.125,0.291666666666667,0.734375,5.90398975492891,2.9875,3.10956235475317,0
2,1,3,0.125,0.333333333333333,0.734375,5.90398975492891,3.4,3.10956235475317,0
2,1,3,0.125,0.375,0.734375,5.90398975492891,3.8125,3.10956235475317,0
2,1,3,0.125,0.416666666666667,0.734375,5.90398975492891,4.225,3.10956235475317,0
2,1,3,0.125,0.458333333333333,0.734375,5.90398975492891,4.6375,3.10956235475317,0
2,1,3,0.125,0.5,0.734375,5.90398975492891,5.05,3.10956235475317,0
2,1,3,0.125,0.541666666666667,0.734375,5.90398975492891,5.4625,3.10956235475317,0
2,1,3,0.125,0.583333333333333,0.734375,5.90398975492891,5.875,3.10956235475317,0
2,1,3,0.125,0.625,0.734375,5.90398975492891,6.2875,3.10956235475317,0
2,1,3,0.125,0.666666666666667,0.734375,5.90398975492891,6.7,3.10956235475317,0
2,1,3,0.125,0.708333333333333,0.734375,5.90398975492891,7.1125,3.10956235475317,0
2,1,3,0.125,0.75,0.734375,5.90398975492891,7.525,3.10956235475317,0
2,1,3,0.125,0.791666666666667,0.734375,5.90398975492891,7.9375,3.10956235475317,0
2,1,3,0.125,0.833333333333333,0.734375,5.90398975492891,8.35,3.10956235475317,0
2,1,3,0.125,0.875,0.734375,5.90398975492891,8.7625,3.10956235475317,0
2,1,3,0.125,0.916666666666667,0.734375,5.90398975492891,9.175,3.10956235475317,0
2,1,3,0.125,0.958333333333333,0.734375,5.90398975492891,9.5875,3.10956235475317,0
2,1,3,0.125,1,0.734375,5.90398975492891,10,3.10956235475317,0
2,1,3,0.166666666666667,0,0.9375,5.90398975492891,0.1,3.10956235475317,2.23073095267931
2,1,3,0.166666666666667,0.0416666666666667,0.9375,5.90398975492891,0.5125,3.10956235475317,2.28285789751807
2,1,3,0.166666666666667,0.0833333333333333,0.9375,5.90398975492891,0.925,3.10956235475317,2.2792433892174
2,1,3,0.166666666666667,0.125,0.9375,5.90398975492891,1.3375,3.10956235475317,2.20716596926813
2,1,3,0.166666666666667,0.166666666666667,0.9375,5.90398975492891,1.75,3.10956235475317,2.0604536340168
2,1,3,0.166666666666667,0.208333333333333,0.9375,5.90398975492891,2.1625,3.10956235475317,1.83997537211555
2,1,3,0.166666666666667,0.25,0.9375,5.90398975492891,2.575,3.10956235475317,1.55348555972827
2,1,3,0.166666666666667,0.291666666666667,0.9375,5.90398975492891,2.9875,3.10956235475317,1.21485143716838
2,1,3,0.166666666666667,0.333333333333333,0.9375,5.90398975492891,3.4,3.10956235475317,0.842752463066333
2,1,3,0.166666666666667,0.375,0.9375,5.90398975492891,3.8125,3.10956235475317,0.458960542466765
2,1,3,0.166666666666667,0.416666666666667,0.9375,5.90398975492891,4.225,3.10956235475317,0.0863715141074005
2,1,3,0.166666666666667,0.458333333333333,0.9375,5.90398975492891,4.6375,3.10956235475317,0
2,1,3,0.166666666666667,0.5,0.9375,5.90398975492891,5.05,3.10956235475317,0
2,1,3,0.166666666666667,0.541666666666667,0.9375,5.90398975492891,5.4625,3.10956235475317,0
2,1,3,0.166666666666667,0.583333333333333,0.9375,5.90398975492891,5.875,3.10956235475317,0
2,1,3,0.166666666666667,0.625,0.9375,5.90398975492891,6.2875,3.10956235475317,0
2,1,3,0.166666666666667,0.666666666666667,0.9375,5.90398975492891,6.7,3.10956235475317,0
2,1,3,0.166666666666667,0.708333333333333,0.9375,5.90398975492891,7.1125,3.10956235475317,0
2,1,3,0.166666666666667,0.75,0.9375,5.90398975492891,7.525,3.10956235475317,0
2,1,3,0.166666666666667,0.791666666666667,0.9375,5.90398975492891,7.9375,3.10956235475317,0
2,1,3,0.166666666666667,0.833333333333333,0.9375,5.90398975492891,8.35,3.10956235475317,0
2,1,3,0.166666666666667,0.875,0.9375,5.90398975492891,8.7625,3.10956235475317,0
2,1,3,0.166666666666667,0.916666666666667,0.9375,5.90398975492891,9.175,3.10956235475317,0
2,1,3,0.166666666666667,0.958333333333333,0.9375,5.90398975492891,9.5875,3.10956235475317,0
2,1,3,0.166666666666667,1,0.9375,5.90398975492891,10,3.10956235475317,0
2,1,3,0.208333333333333,0,1.140625,5.90398975492891,0.1,3.10956235475317,1.28061260422695
2,1,3,0.208333333333333,0.0416666666666667,1.140625,5.90398975492891,0.5125,3.10956235475317,0.966566951911356
2,1,3,0.208333333333333,0.0833333333333333,1.140625,5.90398975492891,0.925,3.10956235475317,0.724603429023386
2,1,3,0.208333333333333,0.125,1.140625,5.90398975492891,1.3375,3.10956235475317,0.563362398626681
2,1,3,0.208333333333333,0.166666666666667,1.140625,5.90398975492891,1.75,3.10956235475317,0.484591701937146
2,1,3,0.208333333333333,0.208333333333333,1.140625,5.90398975492891,2.1625,3.10956235475317,0.483101494525745
2,1,3,0.208333333333333,0.25,1.140625,5.90398975492891,2.575,3.10956235475317,0.547333926032249
2,1,3,0.208333333333333,0.291666666666667,1.140625,5.90398975492891,2.9875,3.10956235475317,0.660502687754023
2,1,3,0.208333333333333,0.333333333333333,1.140625,5.90398975492891,3.4,3.10956235475317,0.80218564018392
2,1,3,0.208333333333333,0.375,1.140625,5.90398975492891,3.8125,3.10956235475317,0.950219535191241
2,1,3,0.208333333333333,0.416666666666667,1.140625,5.90398975492891,4.225,3.10956235475317,1.08272385840468
2,1,3,0.208333333333333,0.458333333333333,1.140625,5.90398975492891,4.6375,3.10956235475317,1.1800713963502
2,1,3,0.208333333333333,0.5,1.140625,5.90398975492891,5.05,3.10956235475317,1.22663203258459
2,1,3,0.208333333333333,0.541666666666667,1.140625,5.90398975492891,5.4625,3.10956235475317,1.21213467723905
2,1,3,0.208333333333333,0.583333333333333,1.140625,5.90398975492891,5.875,3.10956235475317,1.13252563938496
2,1,3,0.208333333333333,0.625,1.140625,5.90398975492891,6.2875,3.10956235475317,0.990248905941958
2,1,3,0.208333333333333,0.666666666666667,1.140625,5.90398975492891,6.7,3.10956235475317,0.793924618507236
2,1,3,0.208333333333333,0.708333333333333,1.140625,5.90398975492891,7.1125,3.10956235475317,0.557461853606121
2,1,3,0.208333333333333,0.75,1.140625,5.90398975492891,7.525,3.10956235475317,0.298692716112047
2,1,3,0.208333333333333,0.791666666666667,1.140625,5.90398975492891,7.9375,3.10956235475317,0.0376600529988579
2,1,3,0.208333333333333,0.833333333333333,1.140625,5.90398975492891,8.35,3.10956235475317,0
2,1,3,0.208333333333333,0.875,1.140625,5.90398975492891,8.7625,3.10956235475317,0
2,1,3,0.208333333333333,0.916666666666667,1.140625,5.90398975492891,9.175,3.10956235475317,0
2,1,3,0.208333333333333,0.958333333333333,1.140625,5.90398975492891,9.5875,3.10956235475317,0
2,1,3,0.208333333333333,1,1.140625,5.90398975492891,10,3.10956235475317,0
2,1,3,0.25,0,1.34375,5.90398975492891,0.1,3.10956235475317,1.60539933244252
2,1,3,0.25,0.0416666666666667,1.34375,5.90398975492891,0.5125,3.10956235475317,1.61265585366336
2,1,3,0.25,0.0833333333333333,1.34375,5.90398975492891,0.925,3.10956235475317,1.55328547844379
2,1,3,0.25,0.125,1.34375,5.90398975492891,1.3375,3.10956235475317,1.4236384275663
2,1,3,0.25,0.166666666666667,1.34375,5.90398975492891,1.75,3.10956235475317,1.22693811044977
2,1,3,0.25,0.208333333333333,1.34375,5.90398975492891,2.1625,3.10956235475317,0.972907260264366
2,1,3,0.25,0.25,1.34375,5.90398975492891,2.575,3.10956235475317,0.676809198047552
2,1,3,0.25,0.291666666666667,1.34375,5.90398975492891,2.9875,3.10956235475317,0.358002168460466
2,1,3,0.25,0.333333333333333,1.34375,5.90398975492891,3.4,3.10956235475317,0.0381458492443692
2,1,3,0.25,0.375,1.34375,5.90398975492891,3.8125,3.10956235475317,0
2,1,3,0.25,0.416666666666667,1.34375,5.90398975492891,4.225,3.10956235475317,0
2,1,3,0.25,0.458333333333333,1.34375,5.90398975492891,4.6375,3.10956235475317,0
2,1,3,0.25,0.5,1.34375,5.90398975492891,5.05,3.10956235475317,0
2,1,3,0.25,0.541666666666667,1.34375,5.90398975492891,5.4625,3.10956235475317,0
2,1,3,0.25,0.583333333333333,1.34375,5.90398975492891,5.875,3.10956235475317,0
2,1,3,0.25,0.625,1.34375,5.90398975492891,6.2875,3.10956235475317,0
2,1,3,0.25,0.666666666666667,1.34375,5.90398975492891,6.7,3.10956235475317,0
2,1,3,0.25,0.708333333333333,1.34375,5.90398975492891,7.1125,3.10956235475317,0
2,1,3,0.25,0.75,1.34375,5.90398975492891,7.525,3.10956235475317,0
2,1,3,0.25,0.791666666666667,1.34375,5.90398975492891,7.9375,3.10956235475317,0
2,1,3,0.25,0.833333333333333,1.34375,5.90398975492891,8.35,3.10956235475317,0.157421273293776
2,1,3,0.25,0.875,1.34375,5.90398975492891,8.7625,3.10956235475317,0.310508881661061
2,1,3,0.25,0.916666666666667,1.34375,5.90398975492891,9.175,3.10956235475317,0.414286694663116
2,1,3,0.25,0.958333333333333,1.34375,5.90398975492891,9.5875,3.10956235475317,0.461054627822407
2,1,3,0.25,1,1.34375,5.90398975492891,10,3.10956235475317,0.448798095179491
2,1,3,0.291666666666667,0,1.546875,5.90398975492891,0.1,3.10956235475317,0
2,1,3,0.291666666666667,0.0416666666666667,1.546875,5.90398975492891,0.5125,3.10956235475317,0
2,1,3,0.291666666666667,0.0833333333333333,1.546875,5.90398975492891,0.925,3.10956235475317,0
2,1,3,0.291666666666667,0.125,1.546875,5.90398975492891,1.3375,3.10956235475317,0
2,1,3,0.291666666666667,0.166666666666667,1.546875,5.90398975492891,1.75,3.10956235475317,0
2,1,3,0.291666666666667,0.208333333333333,1.546875,5.90398975492891,2.1625,3.10956235475317,0
2,1,3,0.291666666666667,0.25,1.546875,5.90398975492891,2.575,3.10956235475317,0
2,1,3,0.291666666666667,0.291666666666667,1.546875,5.90398975492891,2.9875,3.10956235475317,0.0980426641054649
2,1,3,0.291666666666667,0.333333333333333,1.546875,5.90398975492891,3.4,3.10956235475317,0.352142956141362
2,1,3,0.291666666666667,0.375,1.546875,5.90398975492891,3.8125,3.10956235475317,0.581614623963396
2,1,3,0.291666666666667,0.416666666666667,1.546875,5.90398975492891,4.225,3.10956235475317,0.76835254711263
2,1,3,0.291666666666667,0.458333333333333,1.546875,5.90398975492891,4.6375,3.10956235475317,0.898666781359339
2,1,3,0.291666666666667,0.5,1.546875,5.90398975492891,5.05,3.10956235475317,0.964428536306225
2,1,3,0.291666666666667,0.541666666666667,1.546875,5.90398975492891,5.4625,3.10956235475317,0.963699802917777
2,1,3,0.291666666666667,0.583333333333333,1.546875,5.90398975492891,5.875,3.10956235475317,0.900794323854498
2,1,3,0.291666666666667,0.625,1.546875,5.90398975492891,6.2875,3.10956235475317,0.785769596358164
2,1,3,0.291666666666667,0.666666666666667,1.546875,5.90398975492891,6.7,3.10956235475317,0.633401037894876
2,1,3,0.291666666666667,0.708333333333333,1.546875,5.90398975492891,7.1125,3.10956235475317,0.461736117755092
2,1,3,0.291666666666667,0.75,1.546875,5.90398975492891,7.525,3.10956235475317,0.290367239664371
2,1,3,0.291666666666667,0.791666666666667,1.546875,5.90398975492891,7.9375,3.10956235475317,0.138586915671462
2,1,3,0.291666666666667,0.833333333333333,1.546875,5.90398975492891,8.35,3.10956235475317,0.0236034456803375
2,1,3,0.291666666666667,0.875,1.546875,5.90398975492891,8.7625,3.10956235475317,0
2,1,3,0.291666666666667,0.916666666666667,1.546875,5.90398975492891,9.175,3.10956235475317,0
2,1,3,0.291666666666667,0.958333333333333,1.546875,5.90398975492891,9.5875,3.10956235475317,0.0104009650211149
2,1,3,0.291666666666667,1,1.546875,5.90398975492891,10,3.10956235475317,0.12729903216704
2,1,3,0.333333333333333,0,1.75,5.90398975492891,0.1,3.10956235475317,1.93822290371082
2,1,3,0.333333333333333,0.0416666666666667,1.75,5.90398975492891,0.5125,3.10956235475317,1.93321520258501
2,1,3,0.333333333333333,0.0833333333333333,1.75,5.90398975492891,0.925,3.10956235475317,1.85797139978131
2,1,3,0.333333333333333,0.125,1.75,5.90398975492891,1.3375,3.10956235475317,1.71784575285974
2,1,3,0.333333333333333,0.166666666666667,1.75,5.90398975492891,1.75,3.10956235475317,1.52419645219552
2,1,3,0.333333333333333,0.208333333333333,1.75,5.90398975492891,2.1625,3.10956235475317,1.29326987210162
2,1,3,0.333333333333333,0.25,1.75,5.90398975492891,2.575,3.10956235475317,1.04465854380113
2,1,3,0.333333333333333,0.291666666666667,1.75,5.90398975492891,2.9875,3.10956235475317,0.799482539954345
2,1,3,0.333333333333333,0.333333333333333,1.75,5.90398975492891,3.4,3.10956235475317,0.578463338712144
2,1,3,0.333333333333333,0.375,1.75,5.90398975492891,3.8125,3.10956235475317,0.400063153010104
2,1,3,0.333333333333333,0.416666666666667,1.75,5.90398975492891,4.225,3.10956235475317,0.278853013581437
2,1,3,0.333333333333333,0.458333333333333,1.75,5.90398975492891,4.6375,3.10956235475317,0.224251812863462
2,1,3,0.333333333333333,0.5,1.75,5.90398975492891,5.05,3.10956235475317,0.239745571852642
2,1,3,0.333333333333333,0.541666666666667,1.75,5.90398975492891,5.4625,3.10956235475317,0.322652905634222
2,1,3,0.333333333333333,0.583333333333333,1.75,5.90398975492891,5.875,3.10956235475317,0.464451907975785
2,1,3,0.333333333333333,0.625,1.75,5.90398975492891,6.2875,3.10956235475317,0.651634119375976
2,1,3,0.333333333333333,0.666666666666667,1.75,5.90398975492891,6.7,3.10956235475317,0.867001484867089
2,1,3,0.333333333333333,0.708333333333333,1.75,5.90398975492891,7.1125,3.10956235475317,1.09128512720317
2,1,3,0.333333333333333,0.75,1.75,5.90398975492891,7.525,3.10956235475317,1.30493407568796
2,1,3,0.333333333333333,0.791666666666667,1.75,5.90398975492891,7.9375,3.10956235475317,1.48990550177649
2,1,3,0.333333333333333,0.833333333333333,1.75,5.90398975492891,8.35,3.10956235475317,1.6312854117638
2,1,3,0.333333333333333,0.875,1.75,5.90398975492891,8.7625,3.10956235475317,1.71858368883927
2,1,3,0.333333333333333,0.916666666666667,1.75,5.90398975492891,9.175,3.10956235475317,1.74658108718543
2,1,3,0.333333333333333,0.958333333333333,1.75,5.90398975492891,9.5875,3.10956235475317,1.71565427924248
2,1,3,0.333333333333333,1,1.75,5.90398975492891,10,3.10956235475317,1.6315622495285
2,1,3,0.375,0,1.953125,5.90398975492891,0.1,3.10956235475317,1.96953288710203
2,1,3,0.375,0.0416666666666667,1.953125,5.90398975492891,0.5125,3.10956235475317,1.9103041283438
2,1,3,0.375,0.0833333333333333,1.953125,5.90398975492891,0.925,3.10956235475317,1.92179248855325
2,1,3,0.375,0.125,1.953125,5.90398975492891,1.3375,3.10956235475317,1.99456441318124
2,1,3,0.375,0.166666666666667,1.953125,5.90398975492891,1.75,3.10956235475317,2.11401748604327
2,1,3,0.375,0.208333333333333,1.953125,5.90398975492891,2.1625,3.10956235475317,2.26176499537313
2,1,3,0.375,0.25,1.953125,5.90398975492891,2.575,3.10956235475317,2.41734057613112
2,1,3,0.375,0.291666666666667,1.953125,5.90398975492891,2.9875,3.10956235475317,2.56006254271373
2,1,3,0.375,0.333333333333333,1.953125,5.90398975492891,3.4,3.10956235475317,2.67088938783066
2,1,3,0.375,0.375,1.953125,5.90398975492891,3.8125,3.10956235475317,2.73410312264051
2,1,3,0.375,0.416666666666667,1.953125,5.90398975492891,4.225,3.10956235475317,2.73867278149532
2,1,3,0.375,0.458333333333333,1.953125,5.90398975492891,4.6375,3.10956235475317,2.67917763623393
2,1,3,0.375,0.5,1.953125,5.90398975492891,5.05,3.10956235475317,2.556208571342
2,1,3,0.375,0.541666666666667,1.953125,5.90398975492891,5.4625,3.10956235475317,2.37621424053813
2,1,3,0.375,0.583333333333333,1.953125,5.90398975492891,5.875,3.10956235475317,2.15081389381508
2,1,3,0.375,0.625,1.953125,5.90398975492891,6.2875,3.10956235475317,1.89564927367968
2,1,3,0.375,0.666666666666667,1.953125,5.90398975492891,6.7,3.10956235475317,1.62889066301085
2,1,3,0.375,0.708333333333333,1.953125,5.90398975492891,7.1125,3.10956235475317,1.36953907566274
2,1,3,0.375,0.75,1.953125,5.90398975492891,7.525,3.10956235475317,1.13567930604401
2,1,3,0.375,0.791666666666667,1.953125,5.90398975492891,7.9375,3.10956235475317,0.942842846152311
2,1,3,0.375,0.833333333333333,1.953125,5.90398975492891,8.35,3.10956235475317,0.802634443182074
2,1,3,0.375,0.875,1.953125,5.90398975492891,8.7625,3.10956235475317,0.721754729562636
2,1,3,0.375,0.916666666666667,1.953125,5.90398975492891,9.175,3.10956235475317,0.701511149562643
2,1,3,0.375,0.958333333333333,1.953125,5.90398975492891,9.5875,3.10956235475317,0.737855607612507
2,1,3,0.375,1,1.953125,5.90398975492891,10,3.10956235475317,0.821930368424064
2,1,3,0.416666666666667,0,2.15625,5.90398975492891,0.1,3.10956235475317,0.560574759308292
2,1,3,0.416666666666667,0.0416666666666667,2.15625,5.90398975492891,0.5125,3.10956235475317,0.472538749564458
2,1,3,0.416666666666667,0.0833333333333333,2.15625,5.90398975492891,0.925,3.10956235475317,0.329209942297261
2,1,3,0.416666666666667,0.125,2.15625,5.90398975492891,1.3375,3.10956235475317,0.143151485957742
2,1,3,0.416666666666667,0.166666666666667,2.15625,5.90398975492891,1.75,3.10956235475317,0
2,1,3,0.416666666666667,0.208333333333333,2.15625,5.90398975492891,2.1625,3.10956235475317,0
2,1,3,0.416666666666667,0.25,2.15625,5.90398975492891,2.575,3.10956235475317,0
2,1,3,0.416666666666667,0.291666666666667,2.15625,5.90398975492891,2.9875,3.10956235475317,0
2,1,3,0.416666666666667,0.333333333333333,2.15625,5.90398975492891,3.4,3.10956235475317,0
2,1,3,0.416666666666667,0.375,2.15625,5.90398975492891,3.8125,3.10956235475317,0
2,1,3,0.416666666666667,0.416666666666667,2.15625,5.90398975492891,4.225,3.10956235475317,0
2,1,3,0.416666666666667,0.458333333333333,2.15625,5.90398975492891,4.6375,3.10956235475317,0
2,1,3,0.416666666666667,0.5,2.15625,5.90398975492891,5.05,3.10956235475317,0
2,1,3,0.416666666666667,0.541666666666667,2.15625,5.90398975492891,5.4625,3.10956235475317,0
2,1,3,0.416666666666667,0.583333333333333,2.15625,5.90398975492891,5.875,3.10956235475317,0
2,1,3,0.416666666666667,0.625,2.15625,5.90398975492891,6.2875,3.10956235475317,0
2,1,3,0.416666666666667,0.666666666666667,2.15625,5.90398975492891,6.7,3.10956235475317,0.239518757768728
2,1,3,0.416666666666667,0.708333333333333,2.15625,5.90398975492891,7.1125,3.10956235475317,0.468745072997623
2,1,3,0.416666666666667,0.75,2.15625,5.90398975492891,7.525,3.10956235475317,0.665418428379313
2,1,3,0.416666666666667,0.791666666666667,2.15625,5.90398975492891,7.9375,3.10956235475317,0.816687701952798
2,1,3,0.416666666666667,0.833333333333333,2.15625,5.90398975492891,8.35,3.10956235475317,0.914234813947171
2,1,3,0.416666666666667,0.875,2.15625,5.90398975492891,8.7625,3.10956235475317,0.954907998288344
2,1,3,0.416666666666667,0.916666666666667,2.15625,5.90398975492891,9.175,3.10956235475317,0.940848002085724
2,1,3,0.416666666666667,0.958333333333333,2.15625,5.90398975492891,9.5875,3.10956235475317,0.879107358682985
2,1,3,0.416666666666667,1,2.15625,5.90398975492891,10,3.10956235475317,0.780817021704915
2,1,3,0.458333333333333,0,2.359375,5.90398975492891,0.1,3.10956235475317,0
2,1,3,0.458333333333333,0.0416666666666667,2.359375,5.90398975492891,0.5125,3.10956235475317,0
2,1,3,0.458333333333333,0.0833333333333333,2.359375,5.90398975492891,0.925,3.10956235475317,0
2,1,3,0.458333333333333,0.125,2.359375,5.90398975492891,1.3375,3.10956235475317,0
2,1,3,0.458333333333333,0.166666666666667,2.359375,5.90398975492891,1.75,3.10956235475317,0
2,1,3,0.458333333333333,0.208333333333333,2.359375,5.90398975492891,2.1625,3.10956235475317,0
2,1,3,0.458333333333333,0.25,2.359375,5.90398975492891,2.575,3.10956235475317,0
2,1,3,0.458333333333333,0.291666666666667,2.359375,5.90398975492891,2.9875,3.10956235475317,0
2,1,3,0.458333333333333,0.333333333333333,2.359375,5.90398975492891,3.4,3.10956235475317,0.0684016842772192
2,1,3,0.458333333333333,0.375,2.359375,5.90398975492891,3.8125,3.10956235475317,0.186488177778653
2,1,3,0.458333333333333,0.416666666666667,2.359375,5.90398975492891,4.225,3.10956235475317,0.245576487065547
2,1,3,0.458333333333333,0.458333333333333,2.359375,5.90398975492891,4.6375,3.10956235475317,0.248180585062743
2,1,3,0.458333333333333,0.5,2.359375,5.90398975492891,5.05,3.10956235475317,0.20211695568419
2,1,3,0.458333333333333,0.541666666666667,2.359375,5.90398975492891,5.4625,3.10956235475317,0.119666478141532
2,1,3,0.458333333333333,0.583333333333333,2.359375,5.90398975492891,5.875,3.10956235475317,0.0163121199277896
2,1,3,0.458333333333333,0.625,2.359375,5.90398975492891,6.2875,3.10956235475317,0
2,1,3,0.458333333333333,0.666666666666667,2.359375,5.90398975492891,6.7,3.10956235475317,0
2,1,3,0.458333333333333,0.708333333333333,2.359375,5.90398975492891,7.1125,3.10956235475317,0
2,1,3,0.458333333333333,0.75,2.359375,5.90398975492891,7.525,3.10956235475317,0
2,1,3,0.458333333333333,0.791666666666667,2.359375,5.90398975492891,7.9375,3.10956235475317,0
2,1,3,0.458333333333333,0.833333333333333,2.359375,5.90398975492891,8.35,3.10956235475317,0
2,1,3,0.458333333333333,0.875,2.359375,5.90398975492891,8.7625,3.10956235475317,0
2,1,3,0.458333333333333,0.916666666666667,2.359375,5.90398975492891,9.175,3.10956235475317,0.157365378579596
2,1,3,0.458333333333333,0.958333333333333,2.359375,5.90398975492891,9.5875,3.10956235475317,0.376965940701061
2,1,3,0.458333333333333,1,2.359375,5.90398975492891,10,3.10956235475317,0.620118643910095
2,1,3,0.5,0,2.5625,5.90398975492891,0.1,3.10956235475317,1.63193523259472
2,1,3,0.5,0.0416666666666667,2.5625,5.90398975492891,0.5125,3.10956235475317,1.53524185072433
2,1,3,0.5,0.0833333333333333,2.5625,5.90398975492891,0.925,3.10956235475317,1.40096174042698
2,1,3,0.5,0.125,2.5625,5.90398975492891,1.3375,3.10956235475317,1.24577543118004
2,1,3,0.5,0.166666666666667,2.5625,5.90398975492891,1.75,3.10956235475317,1.08811571874788
2,1,3,0.5,0.208333333333333,2.5625,5.90398975492891,2.1625,3.10956235475317,0.946452074608677
2,1,3,0.5,0.25,2.5625,5.90398975492891,2.575,3.10956235475317,0.83760396467233
2,1,3,0.5,0.291666666666667,2.5625,5.90398975492891,2.9875,3.10956235475317,0.77523749833043
2,1,3,0.5,0.333333333333333,2.5625,5.90398975492891,3.4,3.10956235475317,0.768672782516924
2,1,3,0.5,0.375,2.5625,5.90398975492891,3.8125,3.10956235475317,0.822094965960981
2,1,3,0.5,0.416666666666667,2.5625,5.90398975492891,4.225,3.10956235475317,0.934233053665499
2,1,3,0.5,0.458333333333333,2.5625,5.90398975492891,4.6375,3.10956235475317,1.09854147457527
2,1,3,0.5,0.5,2.5625,5.90398975492891,5.05,3.10956235475317,1.30387190518272
2,1,3,0.5,0.541666666666667,2.5625,5.90398975492891,5.4625,3.10956235475317,1.5355654850091
2,1,3,0.5,0.583333333333333,2.5625,5.90398975492891,5.875,3.10956235475317,1.77684682264623
2,1,3,0.5,0.625,2.5625,5.90398975492891,6.2875,3.10956235475317,2.01037892552293
2,1,3,0.5,0.666666666666667,2.5625,5.90398975492891,6.7,3.10956235475317,2.21983475550407
2,1,3,0.5,0.708333333333333,2.5625,5.90398975492891,7.1125,3.10956235475317,2.39134344265643
2,1,3,0.5,0.75,2.5625,5.90398975492891,7.525,3.10956235475317,2.51467997788386
2,1,3,0.5,0.791666666666667,2.5625,5.90398975492891,7.9375,3.10956235475317,2.5840919620721
2,1,3,0.5,0.833333333333333,2.5625,5.90398975492891,8.35,3.10956235475317,2.59869181247576
2,1,3,0.5,0.875,2.5625,5.90398975492891,8.7625,3.10956235475317,2.56238460362743
2,1,3,0.5,0.916666666666667,2.5625,5.90398975492891,9.175,3.10956235475317,2.48334942510056
2,1,3,0.5,0.958333333333333,2.5625,5.90398975492891,9.5875,3.10956235475317,2.37313745492466
2,1,3,0.5,1,2.5625,5.90398975492891,10,3.10956235475317,2.24548783910958
2,1,3,0.541666666666667,0,2.765625,5.90398975492891,0.1,3.10956235475317,0
2,1,3,0.541666666666667,0.0416666666666667,2.765625,5.90398975492891,0.5125,3.10956235475317,0
2,1,3,0.541666666666667,0.0833333333333333,2.765625,5.90398975492891,0.925,3.10956235475317,0
2,1,3,0.541666666666667,0.125,2.765625,5.90398975492891,1.3375,3.10956235475317,0
2,1,3,0.541666666666667,0.166666666666667,2.765625,5.90398975492891,1.75,3.10956235475317,0
2,1,3,0.541666666666667,0.208333333333333,2.765625,5.90398975492891,2.1625,3.10956235475317,0
2,1,3,0.541666666666667,0.25,2.765625,5.90398975492891,2.575,3.10956235475317,0
2,1,3,0.541666666666667,0.291666666666667,2.765625,5.90398975492891,2.9875,3.10956235475317,0
2,1,3,0.541666666666667,0.333333333333333,2.765625,5.90398975492891,3.4,3.10956235475317,0
2,1,3,0.541666666666667,0.375,2.765625,5.90398975492891,3.8125,3.10956235475317,0
2,1,3,0.541666666666667,0.416666666666667,2.765625,5.90398975492891,4.225,3.10956235475317,0
2,1,3,0.541666666666667,0.458333333333333,2.765625,5.90398975492891,4.6375,3.10956235475317,0
2,1,3,0.541666666666667,0.5,2.765625,5.90398975492891,5.05,3.10956235475317,0
2,1,3,0.541666666666667,0.541666666666667,2.765625,5.90398975492891,5.4625,3.10956235475317,0
2,1,3,0.541666666666667,0.583333333333333,2.765625,5.90398975492891,5.875,3.10956235475317,0
2,1,3,0.541666666666667,0.625,2.765625,5.90398975492891,6.2875,3.10956235475317,0
2,1,3,0.541666666666667,0.666666666666667,2.765625,5.90398975492891,6.7,3.10956235475317,0
2,1,3,0.541666666666667,0.708333333333333,2.765625,5.90398975492891,7.1125,3.10956235475317,0
2,1,3,0.541666666666667,0.75,2.765625,5.90398975492891,7.525,3.10956235475317,0
2,1,3,0.541666666666667,0.791666666666667,2.765625,5.90398975492891,7.9375,3.10956235475317,0
2,1,3,0.541666666666667,0.833333333333333,2.765625,5.90398975492891,8.35,3.10956235475317,0
2,1,3,0.541666666666667,0.875,2.765625,5.90398975492891,8.7625,3.10956235475317,0
2,1,3,0.541666666666667,0.916666666666667,2.765625,5.90398975492891,9.175,3.10956235475317,0
2,1,3,0.541666666666667,0.958333333333333,2.765625,5.90398975492891,9.5875,3.10956235475317,0
2,1,3,0.541666666666667,1,2.765625,5.90398975492891,10,3.10956235475317,0
2,1,3,0.583333333333333,0,2.96875,5.90398975492891,0.1,3.10956235475317,0
2,1,3,0.583333333333333,0.0416666666666667,2.96875,5.90398975492891,0.5125,3.10956235475317,0
2,1,3,0.583333333333333,0.0833333333333333,2.96875,5.90398975492891,0.925,3.10956235475317,0
2,1,3,0.583333333333333,0.125,2.96875,5.90398975492891,1.3375,3.10956235475317,0
2,1,3,0.583333333333333,0.166666666666667,2.96875,5.90398975492891,1.75,3.10956235475317,0
2,1,3,0.583333333333333,0.208333333333333,2.96875,5.90398975492891,2.1625,3.10956235475317,0
2,1,3,0.583333333333333,0.25,2.96875,5.90398975492891,2.575,3.10956235475317,0
2,1,3,0.583333333333333,0.291666666666667,2.96875,5.90398975492891,2.9875,3.10956235475317,0
2,1,3,0.583333333333333,0.333333333333333,2.96875,5.90398975492891,3.4,3.10956235475317,0
2,1,3,0.583333333333333,0.375,2.96875,5.90398975492891,3.8125,3.10956235475317,0
2,1,3,0.583333333333333,0.416666666666667,2.96875,5.90398975492891,4.225,3.10956235475317,0
2,1,3,0.583333333333333,0.458333333333333,2.96875,5.90398975492891,4.6375,3.10956235475317,0
2,1,3,0.583333333333333,0.5,2.96875,5.90398975492891,5.05,3.10956235475317,0
2,1,3,0.583333333333333,0.541666666666667,2.96875,5.90398975492891,5.4625,3.10956235475317,0
2,1,3,0.583333333333333,0.583333333333333,2.96875,5.90398975492891,5.875,3.10956235475317,0
2,1,3,0.583333333333333,0.625,2.96875,5.90398975492891,6.2875,3.10956235475317,0
2,1,3,0.583333333333333,0.666666666666667,2.96875,5.90398975492891,6.7,3.10956235475317,0
2,1,3,0.583333333333333,0.708333333333333,2.96875,5.90398975492891,7.1125,3.10956235475317,0
2,1,3,0.583333333333333,0.75,2.96875,5.90398975492891,7.525,3.10956235475317,0
2,1,3,0.583333333333333,0.791666666666667,2.96875,5.90398975492891,7.9375,3.10956235475317,0
2,1,3,0.583333333333333,0.833333333333333,2.96875,5.90398975492891,8.35,3.10956235475317,0
2,1,3,0.583333333333333,0.875,2.96875,5.90398975492891,8.7625,3.10956235475317,0
2,1,3,0.583333333333333,0.916666666666667,2.96875,5.90398975492891,9.175,3.10956235475317,0
2,1,3,0.583333333333333,0.958333333333333,2.96875,5.90398975492891,9.5875,3.10956235475317,0
2,1,3,0.583333333333333,1,2.96875,5.90398975492891,10,3.10956235475317,0
2,1,3,0.625,0,3.171875,5.90398975492891,0.1,3.10956235475317,0
2,1,3,0.625,0.0416666666666667,3.171875,5.90398975492891,0.5125,3.10956235475317,0
2,1,3,0.625,0.0833333333333333,3.171875,5.90398975492891,0.925,3.10956235475317,0
2,1,3,0.625,0.125,3.171875,5.90398975492891,1.3375,3.10956235475317,0
2,1,3,0.625,0.166666666666667,3.171875,5.90398975492891,1.75,3.10956235475317,0
2,1,3,0.625,0.208333333333333,3.171875,5.90398975492891,2.1625,3.10956235475317,0
2,1,3,0.625,0.25,3.171875,5.90398975492891,2.575,3.10956235475317,0
2,1,3,0.625,0.291666666666667,3.171875,5.90398975492891,2.9875,3.10956235475317,0
2,1,3,0.625,0.333333333333333,3.171875,5.90398975492891,3.4,3.10956235475317,0
2,1,3,0.625,0.375,3.171875,5.90398975492891,3.8125,3.10956235475317,0
2,1,3,0.625,0.416666666666667,3.171875,5.90398975492891,4.225,3.10956235475317,0
2,1,3,0.625,0.458333333333333,3.171875,5.90398975492891,4.6375,3.10956235475317,0
2,1,3,0.625,0.5,3.171875,5.90398975492891,5.05,3.10956235475317,0
2,1,3,0.625,0.541666666666667,3.171875,5.90398975492891,5.4625,3.10956235475317,0
2,1,3,0.625,0.583333333333333,3.171875,5.90398975492891,5.875,3.10956235475317,0
2,1,3,0.625,0.625,3.171875,5.90398975492891,6.2875,3.10956235475317,0
2,1,3,0.625,0.666666666666667,3.171875,5.90398975492891,6.7,3.10956235475317,0
2,1,3,0.625,0.708333333333333,3.171875,5.90398975492891,7.1125,3.10956235475317,0
2,1,3,0.625,0.75,3.171875,5.90398975492891,7.525,3.10956235475317,0
2,1,3,0.625,0.791666666666667,3.171875,5.90398975492891,7.9375,3.10956235475317,0
2,1,3,0.625,0.833333333333333,3.171875,5.90398975492891,8.35,3.10956235475317,0
2,1,3,0.625,0.875,3.171875,5.90398975492891,8.7625,3.10956235475317,0
2,1,3,0.625,0.916666666666667,3.171875,5.90398975492891,9.175,3.10956235475317,0
2,1,3,0.625,0.958333333333333,3.171875,5.90398975492891,9.5875,3.10956235475317,0
2,1,3,0.625,1,3.171875,5.90398975492891,10,3.10956235475317,0
2,1,3,0.666666666666667,0,3.375,5.90398975492891,0.1,3.10956235475317,0
2,1,3,0.666666666666667,0.0416666666666667,3.375,5.90398975492891,0.5125,3.10956235475317,0
2,1,3,0.666666666666667,0.0833333333333333,3.375,5.90398975492891,0.925,3.10956235475317,0
2,1,3,0.666666666666667,0.125,3.375,5.90398975492891,1.3375,3.10956235475317,0
2,1,3,0.666666666666667,0.166666666666667,3.375,5.90398975492891,1.75,3.10956235475317,0
2,1,3,0.666666666666667,0.208333333333333,3.375,5.90398975492891,2.1625,3.10956235475317,0
2,1,3,0.666666666666667,0.25,3.375,5.90398975492891,2.575,3.10956235475317,0
2,1,3,0.666666666666667,0.291666666666667,3.375,5.90398975492891,2.9875,3.10956235475317,0
2,1,3,0.666666666666667,0.333333333333333,3.375,5.90398975492891,3.4,3.10956235475317,0
2,1,3,0.666666666666667,0.375,3.375,5.90398975492891,3.8125,3.10956235475317,0
2,1,3,0.666666666666667,0.416666666666667,3.375,5.90398975492891,4.225,3.10956235475317,0
2,1,3,0.666666666666667,0.458333333333333,3.375,5.90398975492891,4.6375,3.10956235475317,0
2,1,3,0.666666666666667,0.5,3.375,5.90398975492891,5.05,3.10956235475317,0
2,1,3,0.666666666666667,0.541666666666667,3.375,5.90398975492891,5.4625,3.10956235475317,0
2,1,3,0.666666666666667,0.583333333333333,3.375,5.90398975492891,5.875,3.10956235475317,0
2,1,3,0.666666666666667,0.625,3.375,5.90398975492891,6.2875,3.10956235475317,0
2,1,3,0.666666666666667,0.666666666666667,3.375,5.90398975492891,6.7,3.10956235475317,0
2,1,3,0.666666666666667,0.708333333333333,3.375,5.90398975492891,7.1125,3.10956235475317,0
2,1,3,0.666666666666667,0.75,3.375,5.90398975492891,7.525,3.10956235475317,0
2,1,3,0.666666666666667,0.791666666666667,3.375,5.90398975492891,7.9375,3.10956235475317,0
2,1,3,0.666666666666667,0.833333333333333,3.375,5.90398975492891,8.35,3.10956235475317,0
2,1,3,0.666666666666667,0.875,3.375,5.90398975492891,8.7625,3.10956235475317,0
2,1,3,0.666666666666667,0.916666666666667,3.375,5.90398975492891,9.175,3.10956235475317,0
2,1,3,0.666666666666667,0.958333333333333,3.375,5.90398975492891,9.5875,3.10956235475317,0
2,1,3,0.666666666666667,1,3.375,5.90398975492891,10,3.10956235475317,0
2,1,3,0.708333333333333,0,3.578125,5.90398975492891,0.1,3.10956235475317,0
2,1,3,0.708333333333333,0.0416666666666667,3.578125,5.90398975492891,0.5125,3.10956235475317,0
2,1,3,0.708333333333333,0.0833333333333333,3.578125,5.90398975492891,0.925,3.10956235475317,0
2,1,3,0.708333333333333,0.125,3.578125,5.90398975492891,1.3375,3.10956235475317,0
2,1,3,0.708333333333333,0.166666666666667,3.578125,5.90398975492891,1.75,3.10956235475317,0
2,1,3,0.708333333333333,0.208333333333333,3.578125,5.90398975492891,2.1625,3.10956235475317,0
2,1,3,0.708333333333333,0.25,3.578125,5.90398975492891,2.575,3.10956235475317,0
2,1,3,0.708333333333333,0.291666666666667,3.578125,5.90398975492891,2.9875,3.10956235475317,0
2,1,3,0.708333333333333,0.333333333333333,3.578125,5.90398975492891,3.4,3.10956235475317,0
2,1,3,0.708333333333333,0.375,3.578125,5.90398975492891,3.8125,3.10956235475317,0
2,1,3,0.708333333333333,0.416666666666667,3.578125,5.90398975492891,4.225,3.10956235475317,0
2,1,3,0.708333333333333,0.458333333333333,3.578125,5.90398975492891,4.6375,3.10956235475317,0
2,1,3,0.708333333333333,0.5,3.578125,5.90398975492891,5.05,3.10956235475317,0
2,1,3,0.708333333333333,0.541666666666667,3.578125,5.90398975492891,5.4625,3.10956235475317,0
2,1,3,0.708333333333333,0.583333333333333,3.578125,5.90398975492891,5.875,3.10956235475317,0
2,1,3,0.708333333333333,0.625,3.578125,5.90398975492891,6.2875,3.10956235475317,0
2,1,3,0.708333333333333,0.666666666666667,3.578125,5.90398975492891,6.7,3.10956235475317,0
2,1,3,0.708333333333333,0.708333333333333,3.578125,5.90398975492891,7.1125,3.10956235475317,0
2,1,3,0.708333333333333,0.75,3.578125,5.90398975492891,7.525,3.10956235475317,0
2,1,3,0.708333333333333,0.791666666666667,3.578125,5.90398975492891,7.9375,3.10956235475317,0
2,1,3,0.708333333333333,0.833333333333333,3.578125,5.90398975492891,8.35,3.10956235475317,0
2,1,3,0.708333333333333,0.875,3.578125,5.90398975492891,8.7625,3.10956235475317,0
2,1,3,0.708333333333333,0.916666666666667,3.578125,5.90398975492891,9.175,3.10956235475317,0
2,1,3,0.708333333333333,0.958333333333333,3.578125,5.90398975492891,9.5875,3.10956235475317,0
2,1,3,0.708333333333333,1,3.578125,5.90398975492891,10,3.10956235475317,0
2,1,3,0.75,0,3.78125,5.90398975492891,0.1,3.10956235475317,0
2,1,3,0.75,0.0416666666666667,3.78125,5.90398975492891,0.5125,3.10956235475317,0
2,1,3,0.75,0.0833333333333333,3.78125,5.90398975492891,0.925,3.10956235475317,0
2,1,3,0.75,0.125,3.78125,5.90398975492891,1.3375,3.10956235475317,0
2,1,3,0.75,0.166666666666667,3.78125,5.90398975492891,1.75,3.10956235475317,0
2,1,3,0.75,0.208333333333333,3.78125,5.90398975492891,2.1625,3.10956235475317,0
2,1,3,0.75,0.25,3.78125,5.90398975492891,2.575,3.10956235475317,0
2,1,3,0.75,0.291666666666667,3.78125,5.90398975492891,2.9875,3.10956235475317,0
2,1,3,0.75,0.333333333333333,3.78125,5.90398975492891,3.4,3.10956235475317,0
2,1,3,0.75,0.375,3.78125,5.90398975492891,3.8125,3.10956235475317,0
2,1,3,0.75,0.416666666666667,3.78125,5.90398975492891,4.225,3.10956235475317,0
2,1,3,0.75,0.458333333333333,3.78125,5.90398975492891,4.6375,3.10956235475317,0
2,1,3,0.75,0.5,3.78125,5.90398975492891,5.05,3.10956235475317,0
2,1,3,0.75,0.541666666666667,3.78125,5.90398975492891,5.4625,3.10956235475317,0
2,1,3,0.75,0.583333333333333,3.78125,5.90398975492891,5.875,3.10956235475317,0
2,1,3,0.75,0.625,3.78125,5.90398975492891,6.2875,3.10956235475317,0
2,1,3,0.75,0.666666666666667,3.78125,5.90398975492891,6.7,3.10956235475317,0
2,1,3,0.75,0.708333333333333,3.78125,5.90398975492891,7.1125,3.10956235475317,0
2,1,3,0.75,0.75,3.78125,5.90398975492891,7.525,3.10956235475317,0
2,1,3,0.75,0.791666666666667,3.78125,5.90398975492891,7.9375,3.10956235475317,0
2,1,3,0.75,0.833333333333333,3.78125,5.90398975492891,8.35,3.10956235475317,0
2,1,3,0.75,0.875,3.78125,5.90398975492891,8.7625,3.10956235475317,0
2,1,3,0.75,0.916666666666667,3.78125,5.90398975492891,9.175,3.10956235475317,0
2,1,3,0.75,0.958333333333333,3.78125,5.90398975492891,9.5875,3.10956235475317,0
2,1,3,0.75,1,3.78125,5.90398975492891,10,3.10956235475317,0
2,1,3,0.791666666666667,0,3.984375,5.90398975492891,0.1,3.10956235475317,0
2,1,3,0.791666666666667,0.0416666666666667,3.984375,5.90398975492891,0.5125,3.10956235475317,0
2,1,3,0.791666666666667,0.0833333333333333,3.984375,5.90398975492891,0.925,3.10956235475317,0
2,1,3,0.791666666666667,0.125,3.984375,5.90398975492891,1.3375,3.10956235475317,0
2,1,3,0.791666666666667,0.166666666666667,3.984375,5.90398975492891,1.75,3.10956235475317,0
2,1,3,0.791666666666667,0.208333333333333,3.984375,5.90398975492891,2.1625,3.10956235475317,0
2,1,3,0.791666666666667,0.25,3.984375,5.90398975492891,2.575,3.10956235475317,0
2,1,3,0.791666666666667,0.291666666666667,3.984375,5.90398975492891,2.9875,3.10956235475317,0
2,1,3,0.791666666666667,0.333333333333333,3.984375,5.90398975492891,3.4,3.10956235475317,0
2,1,3,0.791666666666667,0.375,3.984375,5.90398975492891,3.8125,3.10956235475317,0
2,1,3,0.791666666666667,0.416666666666667,3.984375,5.90398975492891,4.225,3.10956235475317,0
2,1,3,0.791666666666667,0.458333333333333,3.984375,5.90398975492891,4.6375,3.10956235475317,0
2,1,3,0.791666666666667,0.5,3.984375,5.90398975492891,5.05,3.10956235475317,0
2,1,3,0.791666666666667,0.541666666666667,3.984375,5.90398975492891,5.4625,3.10956235475317,0
2,1,3,0.791666666666667,0.583333333333333,3.984375,5.90398975492891,5.875,3.10956235475317,0
2,1,3,0.791666666666667,0.625,3.984375,5.90398975492891,6.2875,3.10956235475317,0
2,1,3,0.791666666666667,0.666666666666667,3.984375,5.90398975492891,6.7,3.10956235475317,0
2,1,3,0.791666666666667,0.708333333333333,3.984375,5.90398975492891,7.1125,3.10956235475317,0
2,1,3,0.791666666666667,0.75,3.984375,5.90398975492891,7.525,3.10956235475317,0
2,1,3,0.791666666666667,0.791666666666667,3.984375,5.90398975492891,7.9375,3.10956235475317,0
2,1,3,0.791666666666667,0.833333333333333,3.984375,5.90398975492891,8.35,3.10956235475317,0
2,1,3,0.791666666666667,0.875,3.984375,5.90398975492891,8.7625,3.10956235475317,0
2,1,3,0.791666666666667,0.916666666666667,3.984375,5.90398975492891,9.175,3.10956235475317,0
2,1,3,0.791666666666667,0.958333333333333,3.984375,5.90398975492891,9.5875,3.10956235475317,0
2,1,3,0.791666666666667,1,3.984375,5.90398975492891,10,3.10956235475317,0
2,1,3,0.833333333333333,0,4.1875,5.90398975492891,0.1,3.10956235475317,0
2,1,3,0.833333333333333,0.0416666666666667,4.1875,5.90398975492891,0.5125,3.10956235475317,0
2,1,3,0.833333333333333,0.0833333333333333,4.1875,5.90398975492891,0.925,3.10956235475317,0
2,1,3,0.833333333333333,0.125,4.1875,5.90398975492891,1.3375,3.10956235475317,0
2,1,3,0.833333333333333,0.166666666666667,4.1875,5.90398975492891,1.75,3.10956235475317,0
2,1,3,0.833333333333333,0.208333333333333,4.1875,5.90398975492891,2.1625,3.10956235475317,0
2,1,3,0.833333333333333,0.25,4.1875,5.90398975492891,2.575,3.10956235475317,0
2,1,3,0.833333333333333,0.291666666666667,4.1875,5.90398975492891,2.9875,3.10956235475317,0
2,1,3,0.833333333333333,0.333333333333333,4.1875,5.90398975492891,3.4,3.10956235475317,0
2,1,3,0.833333333333333,0.375,4.1875,5.90398975492891,3.8125,3.10956235475317,0
2,1,3,0.833333333333333,0.416666666666667,4.1875,5.90398975492891,4.225,3.10956235475317,0
2,1,3,0.833333333333333,0.458333333333333,4.1875,5.90398975492891,4.6375,3.10956235475317,0
2,1,3,0.833333333333333,0.5,4.1875,5.90398975492891,5.05,3.10956235475317,0
2,1,3,0.833333333333333,0.541666666666667,4.1875,5.90398975492891,5.4625,3.10956235475317,0
2,1,3,0.833333333333333,0.583333333333333,4.1875,5.90398975492891,5.875,3.10956235475317,0
2,1,3,0.833333333333333,0.625,4.1875,5.90398975492891,6.2875,3.10956235475317,0
2,1,3,0.833333333333333,0.666666666666667,4.1875,5.90398975492891,6.7,3.10956235475317,0
2,1,3,0.833333333333333,0.708333333333333,4.1875,5.90398975492891,7.1125,3.10956235475317,0
2,1,3,0.833333333333333,0.75,4.1875,5.90398975492891,7.525,3.10956235475317,0
2,1,3,0.833333333333333,0.791666666666667,4.1875,5.90398975492891,7.9375,3.10956235475317,0
2,1,3,0.833333333333333,0.833333333333333,4.1875,5.90398975492891,8.35,3.10956235475317,0
2,1,3,0.833333333333333,0.875,4.1875,5.90398975492891,8.7625,3.10956235475317,0
2,1,3,0.833333333333333,0.916666666666667,4.1875,5.90398975492891,9.175,3.10956235475317,0
2,1,3,0.833333333333333,0.958333333333333,4.1875,5.90398975492891,9.5875,3.10956235475317,0
2,1,3,0.833333333333333,1,4.1875,5.90398975492891,10,3.10956235475317,0
2,1,3,0.875,0,4.390625,5.90398975492891,0.1,3.10956235475317,0
2,1,3,0.875,0.0416666666666667,4.390625,5.90398975492891,0.5125,3.10956235475317,0
2,1,3,0.875,0.0833333333333333,4.390625,5.90398975492891,0.925,3.10956235475317,0
2,1,3,0.875,0.125,4.390625,5.90398975492891,1.3375,3.10956235475317,0
2,1,3,0.875,0.166666666666667,4.390625,5.90398975492891,1.75,3.10956235475317,0
2,1,3,0.875,0.208333333333333,4.390625,5.90398975492891,2.1625,3.10956235475317,0
2,1,3,0.875,0.25,4.390625,5.90398975492891,2.575,3.10956235475317,0
2,1,3,0.875,0.291666666666667,4.390625,5.90398975492891,2.9875,3.10956235475317,0
2,1,3,0.875,0.333333333333333,4.390625,5.90398975492891,3.4,3.10956235475317,0
2,1,3,0.875,0.375,4.390625,5.90398975492891,3.8125,3.10956235475317,0
2,1,3,0.875,0.416666666666667,4.390625,5.90398975492891,4.225,3.10956235475317,0
2,1,3,0.875,0.458333333333333,4.390625,5.90398975492891,4.6375,3.10956235475317,0
2,1,3,0.875,0.5,4.390625,5.90398975492891,5.05,3.10956235475317,0
2,1,3,0.875,0.541666666666667,4.390625,5.90398975492891,5.4625,3.10956235475317,0
2,1,3,0.875,0.583333333333333,4.390625,5.90398975492891,5.875,3.10956235475317,0
2,1,3,0.875,0.625,4.390625,5.90398975492891,6.2875,3.10956235475317,0
2,1,3,0.875,0.666666666666667,4.390625,5.90398975492891,6.7,3.10956235475317,0
2,1,3,0.875,0.708333333333333,4.390625,5.90398975492891,7.1125,3.10956235475317,0
2,1,3,0.875,0.75,4.390625,5.90398975492891,7.525,3.10956235475317,0
2,1,3,0.875,0.791666666666667,4.390625,5.90398975492891,7.9375,3.10956235475317,0
2,1,3,0.875,0.833333333333333,4.390625,5.90398975492891,8.35,3.10956235475317,0
2,1,3,0.875,0.875,4.390625,5.90398975492891,8.7625,3.10956235475317,0
2,1,3,0.875,0.916666666666667,4.390625,5.90398975492891,9.175,3.10956235475317,0
2,1,3,0.875,0.958333333333333,4.390625,5.90398975492891,9.5875,3.10956235475317,0
2,1,3,0.875,1,4.390625,5.90398975492891,10,3.10956235475317,0
2,1,3,0.916666666666667,0,4.59375,5.90398975492891,0.1,3.10956235475317,1.36912070963481
2,1,3,0.916666666666667,0.0416666666666667,4.59375,5.90398975492891,0.5125,3.10956235475317,1.25578092271076
2,1,3,0.916666666666667,0.0833333333333333,4.59375,5.90398975492891,0.925,3.10956235475317,1.16858569735966
2,1,3,0.916666666666667,0.125,4.59375,5.90398975492891,1.3375,3.10956235475317,1.10576730441679
2,1,3,0.916666666666667,0.166666666666667,4.59375,5.90398975492891,1.75,3.10956235475317,1.06374239453553
2,1,3,0.916666666666667,0.208333333333333,4.59375,5.90398975492891,2.1625,3.10956235475317,1.03761102388561
2,1,3,0.916666666666667,0.25,4.59375,5.90398975492891,2.575,3.10956235475317,1.02174206766017
2,1,3,0.916666666666667,0.291666666666667,4.59375,5.90398975492891,2.9875,3.10956235475317,1.01037486666508
2,1,3,0.916666666666667,0.333333333333333,4.59375,5.90398975492891,3.4,3.10956235475317,0.998170689716655
2,1,3,0.916666666666667,0.375,4.59375,5.90398975492891,3.8125,3.10956235475317,0.980659639876052
2,1,3,0.916666666666667,0.416666666666667,4.59375,5.90398975492891,4.225,3.10956235475317,0.954547341950739
2,1,3,0.916666666666667,0.458333333333333,4.59375,5.90398975492891,4.6375,3.10956235475317,0.917868394790254
2,1,3,0.916666666666667,0.5,4.59375,5.90398975492891,5.05,3.10956235475317,0.869995931540799
2,1,3,0.916666666666667,0.541666666666667,4.59375,5.90398975492891,5.4625,3.10956235475317,0.811533419411522
2,1,3,0.916666666666667,0.583333333333333,4.59375,5.90398975492891,5.875,3.10956235475317,0.744122375171988
2,1,3,0.916666666666667,0.625,4.59375,5.90398975492891,6.2875,3.10956235475317,0.670198889943859
2,1,3,0.916666666666667,0.666666666666667,4.59375,5.90398975492891,6.7,3.10956235475317,0.592727085723899
2,1,3,0.916666666666667,0.708333333333333,4.59375,5.90398975492891,7.1125,3.10956235475317,0.514932144174058
2,1,3,0.916666666666667,0.75,4.59375,5.90398975492891,7.525,3.10956235475317,0.440049802782704
2,1,3,0.916666666666667,0.791666666666667,4.59375,5.90398975492891,7.9375,3.10956235475317,0.371102996401139
2,1,3,0.916666666666667,0.833333333333333,4.59375,5.90398975492891,8.35,3.10956235475317,0.310710613634708
2,1,3,0.916666666666667,0.875,4.59375,5.90398975492891,8.7625,3.10956235475317,0.260929743134339
2,1,3,0.916666666666667,0.916666666666667,4.59375,5.90398975492891,9.175,3.10956235475317,0.223132108548316
2,1,3,0.916666666666667,0.958333333333333,4.59375,5.90398975492891,9.5875,3.10956235475317,0.197917016573478
2,1,3,0.916666666666667,1,4.59375,5.90398975492891,10,3.10956235475317,0.185065465743943
2,1,3,0.958333333333333,0,4.796875,5.90398975492891,0.1,3.10956235475317,2.26221749713286
2,1,3,0.958333333333333,0.0416666666666667,4.796875,5.90398975492891,0.5125,3.10956235475317,2.13617158202569
2,1,3,0.958333333333333,0.0833333333333333,4.796875,5.90398975492891,0.925,3.10956235475317,1.99532101065789
2,1,3,0.958333333333333,0.125,4.796875,5.90398975492891,1.3375,3.10956235475317,1.84320331783504
2,1,3,0.958333333333333,0.166666666666667,4.796875,5.90398975492891,1.75,3.10956235475317,1.68456616450772
2,1,3,0.958333333333333,0.208333333333333,4.796875,5.90398975492891,2.1625,3.10956235475317,1.52481478621303
2,1,3,0.958333333333333,0.25,4.796875,5.90398975492891,2.575,3.10956235475317,1.3694408023902
2,1,3,0.958333333333333,0.291666666666667,4.796875,5.90398975492891,2.9875,3.10956235475317,1.22349636707739
2,1,3,0.958333333333333,0.333333333333333,4.796875,5.90398975492891,3.4,3.10956235475317,1.09116695846403
2,1,3,0.958333333333333,0.375,4.796875,5.90398975492891,3.8125,3.10956235475317,0.975479234793811
2,1,3,0.958333333333333,0.416666666666667,4.796875,5.90398975492891,4.225,3.10956235475317,0.87815989114635
2,1,3,0.958333333333333,0.458333333333333,4.796875,5.90398975492891,4.6375,3.10956235475317,0.799640402063382
2,1,3,0.958333333333333,0.5,4.796875,5.90398975492891,5.05,3.10956235475317,0.739184150421805
2,1,3,0.958333333333333,0.541666666666667,4.796875,5.90398975492891,5.4625,3.10956235475317,0.695099691905382
2,1,3,0.958333333333333,0.583333333333333,4.796875,5.90398975492891,5.875,3.10956235475317,0.664998841267618
2,1,3,0.958333333333333,0.625,4.796875,5.90398975492891,6.2875,3.10956235475317,0.646061205218949
2,1,3,0.958333333333333,0.666666666666667,4.796875,5.90398975492891,6.7,3.10956235475317,0.635275978505088
2,1,3,0.958333333333333,0.708333333333333,4.796875,5.90398975492891,7.1125,3.10956235475317,0.629644163152838
2,1,3,0.958333333333333,0.75,4.796875,5.90398975492891,7.525,3.10956235475317,0.626336612570555
2,1,3,0.958333333333333,0.791666666666667,4.796875,5.90398975492891,7.9375,3.10956235475317,0.622812827951313
2,1,3,0.958333333333333,0.833333333333333,4.796875,5.90398975492891,8.35,3.10956235475317,0.616910591540735
2,1,3,0.958333333333333,0.875,4.796875,5.90398975492891,8.7625,3.10956235475317,0.606916856789085
2,1,3,0.958333333333333,0.916666666666667,4.796875,5.90398975492891,9.175,3.10956235475317,0.591626683923854
2,1,3,0.958333333333333,0.958333333333333,4.796875,5.90398975492891,9.5875,3.10956235475317,0.570391268905821
2,1,3,0.958333333333333,1,4.796875,5.90398975492891,10,3.10956235475317,0.54315044478474
2,1,3,1,0,5,5.90398975492891,0.1,3.10956235475317,0.925901051332083
2,1,3,1,0.0416666666666667,5,5.90398975492891,0.5125,3.10956235475317,0.846503982636586
2,1,3,1,0.0833333333333333,5,5.90398975492891,0.925,3.10956235475317,0.787116125656382
2,1,3,1,0.125,5,5.90398975492891,1.3375,3.10956235475317,0.743817128896128
2,1,3,1,0.166666666666667,5,5.90398975492891,1.75,3.10956235475317,0.712028060087431
2,1,3,1,0.208333333333333,5,5.90398975492891,2.1625,3.10956235475317,0.687036259518351
2,1,3,1,0.25,5,5.90398975492891,2.575,3.10956235475317,0.664478850607608
2,1,3,1,0.291666666666667,5,5.90398975492891,2.9875,3.10956235475317,0.640732733231318
2,1,3,1,0.333333333333333,5,5.90398975492891,3.4,3.10956235475317,0.613174599575327
2,1,3,1,0.375,5,5.90398975492891,3.8125,3.10956235475317,0.580294424381924
2,1,3,1,0.416666666666667,5,5.90398975492891,4.225,3.10956235475317,0.541667155423239
2,1,3,1,0.458333333333333,5,5.90398975492891,4.6375,3.10956235475317,0.49780667175045
2,1,3,1,0.5,5,5.90398975492891,5.05,3.10956235475317,0.449940175290428
2,1,3,1,0.541666666666667,5,5.90398975492891,5.4625,3.10956235475317,0.399747508861047
2,1,3,1,0.583333333333333,5,5.90398975492891,5.875,3.10956235475317,0.349107656693756
2,1,3,1,0.625,5,5.90398975492891,6.2875,3.10956235475317,0.299885228311585
2,1,3,1,0.666666666666667,5,5.90398975492891,6.7,3.10956235475317,0.253775934785615
2,1,3,1,0.708333333333333,5,5.90398975492891,7.1125,3.10956235475317,0.212215222237631
2,1,3,1,0.75,5,5.90398975492891,7.525,3.10956235475317,0.176341249199912
2,1,3,1,0.791666666666667,5,5.90398975492891,7.9375,3.10956235475317,0.146994581912472
2,1,3,1,0.833333333333333,5,5.90398975492891,8.35,3.10956235475317,0.124733768873267
2,1,3,1,0.875,5,5.90398975492891,8.7625,3.10956235475317,0.109848495027237
2,1,3,1,0.916666666666667,5,5.90398975492891,9.175,3.10956235475317,0.102358999624993
2,1,3,1,0.958333333333333,5,5.90398975492891,9.5875,3.10956235475317,0.101999505143169
2,1,3,1,1,5,5.90398975492891,10,3.10956235475317,0.108191943816503
3,1,4,0,0,0.125,5.90398975492891,5.97146366710117,0.125,0
3,1,4,0,0.0416666666666667,0.125,5.90398975492891,5.97146366710117,0.328125,0
3,1,4,0,0.0833333333333333,0.125,5.90398975492891,5.97146366710117,0.53125,0
3,1,4,0,0.125,0.125,5.90398975492891,5.97146366710117,0.734375,0
3,1,4,0,0.166666666666667,0.125,5.90398975492891,5.97146366710117,0.9375,0
3,1,4,0,0.208333333333333,0.125,5.90398975492891,5.97146366710117,1.140625,0
3,1,4,0,0.25,0.125,5.90398975492891,5.97146366710117,1.34375,0
3,1,4,0,0.291666666666667,0.125,5.90398975492891,5.97146366710117,1.546875,0
3,1,4,0,0.333333333333333,0.125,5.90398975492891,5.97146366710117,1.75,0
3,1,4,0,0.375,0.125,5.90398975492891,5.97146366710117,1.953125,0
3,1,4,0,0.416666666666667,0.125,5.90398975492891,5.97146366710117,2.15625,0
3,1,4,0,0.458333333333333,0.125,5.90398975492891,5.97146366710117,2.359375,0
3,1,4,0,0.5,0.125,5.90398975492891,5.97146366710117,2.5625,0
3,1,4,0,0.541666666666667,0.125,5.90398975492891,5.97146366710117,2.765625,0
3,1,4,0,0.583333333333333,0.125,5.90398975492891,5.97146366710117,2.96875,0
3,1,4,0,0.625,0.125,5.90398975492891,5.97146366710117,3.171875,0
3,1,4,0,0.666666666666667,0.125,5.90398975492891,5.97146366710117,3.375,0
3,1,4,0,0.708333333333333,0.125,5.90398975492891,5.97146366710117,3.578125,0
3,1,4,0,0.75,0.125,5.90398975492891,5.97146366710117,3.78125,0
3,1,4,0,0.791666666666667,0.125,5.90398975492891,5.97146366710117,3.984375,0
3,1,4,0,0.833333333333333,0.125,5.90398975492891,5.97146366710117,4.1875,0
3,1,4,0,0.875,0.125,5.90398975492891,5.97146366710117,4.390625,0
3,1,4,0,0.916666666666667,0.125,5.90398975492891,5.97146366710117,4.59375,0
3,1,4,0,0.958333333333333,0.125,5.90398975492891,5.97146366710117,4.796875,0
3,1,4,0,1,0.125,5.90398975492891,5.97146366710117,5,0
3,1,4,0.0416666666666667,0,0.328125,5.90398975492891,5.97146366710117,0.125,0
3,1,4,0.0416666666666667,0.0416666666666667,0.328125,5.90398975492891,5.97146366710117,0.328125,0
3,1,4,0.0416666666666667,0.0833333333333333,0.328125,5.90398975492891,5.97146366710117,0.53125,0
3,1,4,0.0416666666666667,0.125,0.328125,5.90398975492891,5.97146366710117,0.734375,0
3,1,4,0.0416666666666667,0.166666666666667,0.328125,5.90398975492891,5.97146366710117,0.9375,0
3,1,4,0.0416666666666667,0.208333333333333,0.328125,5.90398975492891,5.97146366710117,1.140625,0
3,1,4,0.0416666666666667,0.25,0.328125,5.90398975492891,5.97146366710117,1.34375,0
3,1,4,0.0416666666666667,0.291666666666667,0.328125,5.90398975492891,5.97146366710117,1.546875,0
3,1,4,0.0416666666666667,0.333333333333333,0.328125,5.90398975492891,5.97146366710117,1.75,0
3,1,4,0.0416666666666667,0.375,0.328125,5.90398975492891,5.97146366710117,1.953125,0
3,1,4,0.0416666666666667,0.416666666666667,0.328125,5.90398975492891,5.97146366710117,2.15625,0
3,1,4,0.0416666666666667,0.458333333333333,0.328125,5.90398975492891,5.97146366710117,2.359375,0
3,1,4,0.0416666666666667,0.5,0.328125,5.90398975492891,5.97146366710117,2.5625,0.0238727844297304
3,1,4,0.0416666666666667,0.541666666666667,0.328125,5.90398975492891,5.97146366710117,2.765625,0.189842410685779
3,1,4,0.0416666666666667,0.583333333333333,0.328125,5.90398975492891,5.97146366710117,2.96875,0.327674944344913
3,1,4,0.0416666666666667,0.625,0.328125,5.90398975492891,5.97146366710117,3.171875,0.430345187238818
3,1,4,0.0416666666666667,0.666666666666667,0.328125,5.90398975492891,5.97146366710117,3.375,0.492940436404501
3,1,4,0.0416666666666667,0.708333333333333,0.328125,5.90398975492891,5.97146366710117,3.578125,0.512932156998208
3,1,4,0.0416666666666667,0.75,0.328125,5.90398975492891,5.97146366710117,3.78125,0.490311118693766
3,1,4,0.0416666666666667,0.791666666666667,0.328125,5.90398975492891,5.97146366710117,3.984375,0.427577082754581
3,1,4,0.0416666666666667,0.833333333333333,0.328125,5.90398975492891,5.97146366710117,4.1875,0.32957784545634
3,1,4,0.0416666666666667,0.875,0.328125,5.90398975492891,5.97146366710117,4.390625,0.203197147636836
3,1,4,0.0416666666666667,0.916666666666667,0.328125,5.90398975492891,5.97146366710117,4.59375,0.0568862873519754
3,1,4,0.0416666666666667,0.958333333333333,0.328125,5.90398975492891,5.97146366710117,4.796875,0
3,1,4,0.0416666666666667,1,0.328125,5.90398975492891,5.97146366710117,5,0
3,1,4,0.0833333333333333,0,0.53125,5.90398975492891,5.97146366710117,0.125,0.33452495843117
3,1,4,0.0833333333333333,0.0416666666666667,0.53125,5.90398975492891,5.97146366710117,0.328125,0.396964211225374
3,1,4,0.0833333333333333,0.0833333333333333,0.53125,5.90398975492891,5.97146366710117,0.53125,0.418034504316429
3,1,4,0.0833333333333333,0.125,0.53125,5.90398975492891,5.97146366710117,0.734375,0.393144369812081
3,1,4,0.0833333333333333,0.166666666666667,0.53125,5.90398975492891,5.97146366710117,0.9375,0.320765959611246
3,1,4,0.0833333333333333,0.208333333333333,0.53125,5.90398975492891,5.97146366710117,1.140625,0.203469353060427
3,1,4,0.0833333333333333,0.25,0.53125,5.90398975492891,5.97146366710117,1.34375,0.0462554254204205
3,1,4,0.0833333333333333,0.291666666666667,0.53125,5.90398975492891,5.97146366710117,1.546875,0
3,1,4,0.0833333333333333,0.333333333333333,0.53125,5.90398975492891,5.97146366710117,1.75,0
3,1,4,0.0833333333333333,0.375,0.53125,5.90398975492891,5.97146366710117,1.953125,0
3,1,4,0.0833333333333333,0.416666666666667,0.53125,5.90398975492891,5.97146366710117,2.15625,0
3,1,4,0.0833333333333333,0.458333333333333,0.53125,5.90398975492891,5.97146366710117,2.359375,0
3,1,4,0.0833333333333333,0.5,0.53125,5.90398975492891,5.97146366710117,2.5625,0
3,1,4,0.0833333333333333,0.541666666666667,0.53125,5.90398975492891,5.97146366710117,2.765625,0
3,1,4,0.0833333333333333,0.583333333333333,0.53125,5.90398975492891,5.97146366710117,2.96875,0
3,1,4,0.0833333333333333,0.625,0.53125,5.90398975492891,5.97146366710117,3.171875,0
3,1,4,0.0833333333333333,0.666666666666667,0.53125,5.90398975492891,5.97146366710117,3.375,0
3,1,4,0.0833333333333333,0.708333333333333,0.53125,5.90398975492891,5.97146366710117,3.578125,0
3,1,4,0.0833333333333333,0.75,0.53125,5.90398975492891,5.97146366710117,3.78125,0
3,1,4,0.0833333333333333,0.791666666666667,0.53125,5.90398975492891,5.97146366710117,3.984375,0
3,1,4,0.0833333333333333,0.833333333333333,0.53125,5.90398975492891,5.97146366710117,4.1875,0
3,1,4,0.0833333333333333,0.875,0.53125,5.90398975492891,5.97146366710117,4.390625,0
3,1,4,0.0833333333333333,0.916666666666667,0.53125,5.90398975492891,5.97146366710117,4.59375,0
3,1,4,0.0833333333333333,0.958333333333333,0.53125,5.90398975492891,5.97146366710117,4.796875,0
3,1,4,0.0833333333333333,1,0.53125,5.90398975492891,5.97146366710117,5,0
3,1,4,0.125,0,0.734375,5.90398975492891,5.97146366710117,0.125,0
3,1,4,0.125,0.0416666666666667,0.734375,5.90398975492891,5.97146366710117,0.328125,0
3,1,4,0.125,0.0833333333333333,0.734375,5.90398975492891,5.97146366710117,0.53125,0
3,1,4,0.125,0.125,0.734375,5.90398975492891,5.97146366710117,0.734375,0
3,1,4,0.125,0.166666666666667,0.734375,5.90398975492891,5.97146366710117,0.9375,0
3,1,4,0.125,0.208333333333333,0.734375,5.90398975492891,5.97146366710117,1.140625,0
3,1,4,0.125,0.25,0.734375,5.90398975492891,5.97146366710117,1.34375,0
3,1,4,0.125,0.291666666666667,0.734375,5.90398975492891,5.97146366710117,1.546875,0
3,1,4,0.125,0.333333333333333,0.734375,5.90398975492891,5.97146366710117,1.75,0
3,1,4,0.125,0.375,0.734375,5.90398975492891,5.97146366710117,1.953125,0
3,1,4,0.125,0.416666666666667,0.734375,5.90398975492891,5.97146366710117,2.15625,0
3,1,4,0.125,0.458333333333333,0.734375,5.90398975492891,5.97146366710117,2.359375,0
3,1,4,0.125,0.5,0.734375,5.90398975492891,5.97146366710117,2.5625,0
3,1,4,0.125,0.541666666666667,0.734375,5.90398975492891,5.97146366710117,2.765625,0
3,1,4,0.125,0.583333333333333,0.734375,5.90398975492891,5.97146366710117,2.96875,0
3,1,4,0.125,0.625,0.734375,5.90398975492891,5.97146366710117,3.171875,0
3,1,4,0.125,0.666666666666667,0.734375,5.90398975492891,5.97146366710117,3.375,0
3,1,4,0.125,0.708333333333333,0.734375,5.90398975492891,5.97146366710117,3.578125,0
3,1,4,0.125,0.75,0.734375,5.90398975492891,5.97146366710117,3.78125,0
3,1,4,0.125,0.791666666666667,0.734375,5.90398975492891,5.97146366710117,3.984375,0
3,1,4,0.125,0.833333333333333,0.734375,5.90398975492891,5.97146366710117,4.1875,0
3,1,4,0.125,0.875,0.734375,5.90398975492891,5.97146366710117,4.390625,0
3,1,4,0.125,0.916666666666667,0.734375,5.90398975492891,5.97146366710117,4.59375,0
3,1,4,0.125,0.958333333333333,0.734375,5.90398975492891,5.97146366710117,4.796875,0
3,1,4,0.125,1,0.734375,5.90398975492891,5.97146366710117,5,0
3,1,4,0.166666666666667,0,0.9375,5.90398975492891,5.97146366710117,0.125,1.96166062836707
3,1,4,0.166666666666667,0.0416666666666667,0.9375,5.90398975492891,5.97146366710117,0.328125,1.9138710804558
3,1,4,0.166666666666667,0.0833333333333333,0.9375,5.90398975492891,5.97146366710117,0.53125,1.81451945061194
3,1,4,0.166666666666667,0.125,0.9375,5.90398975492891,5.97146366710117,0.734375,1.66575528287877
3,1,4,0.166666666666667,0.166666666666667,0.9375,5.90398975492891,5.97146366710117,0.9375,1.47230448561279
3,1,4,0.166666666666667,0.208333333333333,0.9375,5.90398975492891,5.97146366710117,1.140625,1.24119108896232
3,1,4,0.166666666666667,0.25,0.9375,5.90398975492891,5.97146366710117,1.34375,0.98133601461259
3,1,4,0.166666666666667,0.291666666666667,0.9375,5.90398975492891,5.97146366710117,1.546875,0.703056272871636
3,1,4,0.166666666666667,0.333333333333333,0.9375,5.90398975492891,5.97146366710117,1.75,0.417491972075477
3,1,4,0.166666666666667,0.375,0.9375,5.90398975492891,5.97146366710117,1.953125,0.136006453397047
3,1,4,0.166666666666667,0.416666666666667,0.9375,5.90398975492891,5.97146366710117,2.15625,0
3,1,4,0.166666666666667,0.458333333333333,0.9375,5.90398975492891,5.97146366710117,2.359375,0
3,1,4,0.166666666666667,0.5,0.9375,5.90398975492891,5.97146366710117,2.5625,0
3,1,4,0.166666666666667,0.541666666666667,0.9375,5.90398975492891,5.97146366710117,2.765625,0
3,1,4,0.166666666666667,0.583333333333333,0.9375,5.90398975492891,5.97146366710117,2.96875,0
3,1,4,0.166666666666667,0.625,0.9375,5.90398975492891,5.97146366710117,3.171875,0
3,1,4,0.166666666666667,0.666666666666667,0.9375,5.90398975492891,5.97146366710117,3.375,0
3,1,4,0.166666666666667,0.708333333333333,0.9375,5.90398975492891,5.97146366710117,3.578125,0
3,1,4,0.166666666666667,0.75,0.9375,5.90398975492891,5.97146366710117,3.78125,0
3,1,4,0.166666666666667,0.791666666666667,0.9375,5.90398975492891,5.97146366710117,3.984375,0
3,1,4,0.166666666666667,0.833333333333333,0.9375,5.90398975492891,5.97146366710117,4.1875,0
3,1,4,0.166666666666667,0.875,0.9375,5.90398975492891,5.97146366710117,4.390625,0
3,1,4,0.166666666666667,0.916666666666667,0.9375,5.90398975492891,5.97146366710117,4.59375,0
3,1,4,0.166666666666667,0.958333333333333,0.9375,5.90398975492891,5.97146366710117,4.796875,0
3,1,4,0.166666666666667,1,0.9375,5.90398975492891,5.97146366710117,5,0
3,1,4,0.208333333333333,0,1.140625,5.90398975492891,5.97146366710117,0.125,0
3,1,4,0.208333333333333,0.0416666666666667,1.140625,5.90398975492891,5.97146366710117,0.328125,0
3,1,4,0.208333333333333,0.0833333333333333,1.140625,5.90398975492891,5.97146366710117,0.53125,0
3,1,4,0.208333333333333,0.125,1.140625,5.90398975492891,5.97146366710117,0.734375,0
3,1,4,0.208333333333333,0.166666666666667,1.140625,5.90398975492891,5.97146366710117,0.9375,0
3,1,4,0.208333333333333,0.208333333333333,1.140625,5.90398975492891,5.97146366710117,1.140625,0
3,1,4,0.208333333333333,0.25,1.140625,5.90398975492891,5.97146366710117,1.34375,0
3,1,4,0.208333333333333,0.291666666666667,1.140625,5.90398975492891,5.97146366710117,1.546875,0.00454702469963759
3,1,4,0.208333333333333,0.333333333333333,1.140625,5.90398975492891,5.97146366710117,1.75,0.2266501344075
3,1,4,0.208333333333333,0.375,1.140625,5.90398975492891,5.97146366710117,1.953125,0.440147355260074
3,1,4,0.208333333333333,0.416666666666667,1.140625,5.90398975492891,5.97146366710117,2.15625,0.635253077348199
3,1,4,0.208333333333333,0.458333333333333,1.140625,5.90398975492891,5.97146366710117,2.359375,0.803482752839248
3,1,4,0.208333333333333,0.5,1.140625,5.90398975492891,5.97146366710117,2.5625,0.938089280965902
3,1,4,0.208333333333333,0.541666666666667,1.140625,5.90398975492891,5.97146366710117,2.765625,1.03440026671194
3,1,4,0.208333333333333,0.583333333333333,1.140625,5.90398975492891,5.97146366710117,2.96875,1.09003847891619
3,1,4,0.208333333333333,0.625,1.140625,5.90398975492891,5.97146366710117,3.171875,1.10501222953695
3,1,4,0.208333333333333,0.666666666666667,1.140625,5.90398975492891,5.97146366710117,3.375,1.08167141523128
3,1,4,0.208333333333333,0.708333333333333,1.140625,5.90398975492891,5.97146366710117,3.578125,1.02453319647141
3,1,4,0.208333333333333,0.75,1.140625,5.90398975492891,5.97146366710117,3.78125,0.939989036745434
3,1,4,0.208333333333333,0.791666666666667,1.140625,5.90398975492891,5.97146366710117,3.984375,0.835910612839817
3,1,4,0.208333333333333,0.833333333333333,1.140625,5.90398975492891,5.97146366710117,4.1875,0.721178432163281
3,1,4,0.208333333333333,0.875,1.140625,5.90398975492891,5.97146366710117,4.390625,0.60516169531976
3,1,4,0.208333333333333,0.916666666666667,1.140625,5.90398975492891,5.97146366710117,4.59375,0.497179824641732
3,1,4,0.208333333333333,0.958333333333333,1.140625,5.90398975492891,5.97146366710117,4.796875,0.405975307803616
3,1,4,0.208333333333333,1,1.140625,5.90398975492891,5.97146366710117,5,0.339226014248707
3,1,4,0.25,0,1.34375,5.90398975492891,5.97146366710117,0.125,2.15375480516099
3,1,4,0.25,0.0416666666666667,1.34375,5.90398975492891,5.97146366710117,0.328125,1.95587236859157
3,1,4,0.25,0.0833333333333333,1.34375,5.90398975492891,5.97146366710117,0.53125,1.72035780546895
3,1,4,0.25,0.125,1.34375,5.90398975492891,5.97146366710117,0.734375,1.45361919730554
3,1,4,0.25,0.166666666666667,1.34375,5.90398975492891,5.97146366710117,0.9375,1.16392231962564
3,1,4,0.25,0.208333333333333,1.34375,5.90398975492891,5.97146366710117,1.140625,0.860933391227115
3,1,4,0.25,0.25,1.34375,5.90398975492891,5.97146366710117,1.34375,0.555189982062218
3,1,4,0.25,0.291666666666667,1.34375,5.90398975492891,5.97146366710117,1.546875,0.257530064653873
3,1,4,0.25,0.333333333333333,1.34375,5.90398975492891,5.97146366710117,1.75,0
3,1,4,0.25,0.375,1.34375,5.90398975492891,5.97146366710117,1.953125,0
3,1,4,0.25,0.416666666666667,1.34375,5.90398975492891,5.97146366710117,2.15625,0
3,1,4,0.25,0.458333333333333,1.34375,5.90398975492891,5.97146366710117,2.359375,0
3,1,4,0.25,0.5,1.34375,5.90398975492891,5.97146366710117,2.5625,0
3,1,4,0.25,0.541666666666667,1.34375,5.90398975492891,5.97146366710117,2.765625,0
3,1,4,0.25,0.583333333333333,1.34375,5.90398975492891,5.97146366710117,2.96875,0
3,1,4,0.25,0.625,1.34375,5.90398975492891,5.97146366710117,3.171875,0
3,1,4,0.25,0.666666666666667,1.34375,5.90398975492891,5.97146366710117,3.375,0
3,1,4,0.25,0.708333333333333,1.34375,5.90398975492891,5.97146366710117,3.578125,0
3,1,4,0.25,0.75,1.34375,5.90398975492891,5.97146366710117,3.78125,0
3,1,4,0.25,0.791666666666667,1.34375,5.90398975492891,5.97146366710117,3.984375,0
3,1,4,0.25,0.833333333333333,1.34375,5.90398975492891,5.97146366710117,4.1875,0
3,1,4,0.25,0.875,1.34375,5.90398975492891,5.97146366710117,4.390625,0
3,1,4,0.25,0.916666666666667,1.34375,5.90398975492891,5.97146366710117,4.59375,0.0673785485978227
3,1,4,0.25,0.958333333333333,1.34375,5.90398975492891,5.97146366710117,4.796875,0.19784655792011
3,1,4,0.25,1,1.34375,5.90398975492891,5.97146366710117,5,0.303455291414759
3,1,4,0.291666666666667,0,1.546875,5.90398975492891,5.97146366710117,0.125,0.765422024838902
3,1,4,0.291666666666667,0.0416666666666667,1.546875,5.90398975492891,5.97146366710117,0.328125,0.748904926896273
3,1,4,0.291666666666667,0.0833333333333333,1.546875,5.90398975492891,5.97146366710117,0.53125,0.771826950867073
3,1,4,0.291666666666667,0.125,1.546875,5.90398975492891,5.97146366710117,0.734375,0.826719845031184
3,1,4,0.291666666666667,0.166666666666667,1.546875,5.90398975492891,5.97146366710117,0.9375,0.90464097890803
3,1,4,0.291666666666667,0.208333333333333,1.546875,5.90398975492891,5.97146366710117,1.140625,0.995688326227536
3,1,4,0.291666666666667,0.25,1.546875,5.90398975492891,5.97146366710117,1.34375,1.08956105640291
3,1,4,0.291666666666667,0.291666666666667,1.546875,5.90398975492891,5.97146366710117,1.546875,1.17613296001352
3,1,4,0.291666666666667,0.333333333333333,1.546875,5.90398975492891,5.97146366710117,1.75,1.2460082469266
3,1,4,0.291666666666667,0.375,1.546875,5.90398975492891,5.97146366710117,1.953125,1.29102817077458
3,1,4,0.291666666666667,0.416666666666667,1.546875,5.90398975492891,5.97146366710117,2.15625,1.3047014164999
3,1,4,0.291666666666667,0.458333333333333,1.546875,5.90398975492891,5.97146366710117,2.359375,1.28253612265084
3,1,4,0.291666666666667,0.5,1.546875,5.90398975492891,5.97146366710117,2.5625,1.22225779086742
3,1,4,0.291666666666667,0.541666666666667,1.546875,5.90398975492891,5.97146366710117,2.765625,1.12390322750348
3,1,4,0.291666666666667,0.583333333333333,1.546875,5.90398975492891,5.97146366710117,2.96875,0.989787977160281
3,1,4,0.291666666666667,0.625,1.546875,5.90398975492891,5.97146366710117,3.171875,0.82435099746821
3,1,4,0.291666666666667,0.666666666666667,1.546875,5.90398975492891,5.97146366710117,3.375,0.633886577806733
3,1,4,0.291666666666667,0.708333333333333,1.546875,5.90398975492891,5.97146366710117,3.578125,0.426179132010695
3,1,4,0.291666666666667,0.75,1.546875,5.90398975492891,5.97146366710117,3.78125,0.210061758902231
3,1,4,0.291666666666667,0.791666666666667,1.546875,5.90398975492891,5.97146366710117,3.984375,0
3,1,4,0.291666666666667,0.833333333333333,1.546875,5.90398975492891,5.97146366710117,4.1875,0
3,1,4,0.291666666666667,0.875,1.546875,5.90398975492891,5.97146366710117,4.390625,0
3,1,4,0.291666666666667,0.916666666666667,1.546875,5.90398975492891,5.97146366710117,4.59375,0
3,1,4,0.291666666666667,0.958333333333333,1.546875,5.90398975492891,5.97146366710117,4.796875,0
3,1,4,0.291666666666667,1,1.546875,5.90398975492891,5.97146366710117,5,0
3,1,4,0.333333333333333,0,1.75,5.90398975492891,5.97146366710117,0.125,3.40579853941509
3,1,4,0.333333333333333,0.0416666666666667,1.75,5.90398975492891,5.97146366710117,0.328125,3.16411214484992
3,1,4,0.333333333333333,0.0833333333333333,1.75,5.90398975492891,5.97146366710117,0.53125,2.89244167817263
3,1,4,0.333333333333333,0.125,1.75,5.90398975492891,5.97146366710117,0.734375,2.59968333488905
3,1,4,0.333333333333333,0.166666666666667,1.75,5.90398975492891,5.97146366710117,0.9375,2.29574661639317
3,1,4,0.333333333333333,0.208333333333333,1.75,5.90398975492891,5.97146366710117,1.140625,1.99100713263175
3,1,4,0.333333333333333,0.25,1.75,5.90398975492891,5.97146366710117,1.34375,1.69573938962405
3,1,4,0.333333333333333,0.291666666666667,1.75,5.90398975492891,5.97146366710117,1.546875,1.41956219750117
3,1,4,0.333333333333333,0.333333333333333,1.75,5.90398975492891,5.97146366710117,1.75,1.17092784745898
3,1,4,0.333333333333333,0.375,1.75,5.90398975492891,5.97146366710117,1.953125,0.956683529198657
3,1,4,0.333333333333333,0.416666666666667,1.75,5.90398975492891,5.97146366710117,2.15625,0.781728800242321
3,1,4,0.333333333333333,0.458333333333333,1.75,5.90398975492891,5.97146366710117,2.359375,0.648786781605944
3,1,4,0.333333333333333,0.5,1.75,5.90398975492891,5.97146366710117,2.5625,0.558299369771591
3,1,4,0.333333333333333,0.541666666666667,1.75,5.90398975492891,5.97146366710117,2.765625,0.508449150217178
3,1,4,0.333333333333333,0.583333333333333,1.75,5.90398975492891,5.97146366710117,2.96875,0.495302908629333
3,1,4,0.333333333333333,0.625,1.75,5.90398975492891,5.97146366710117,3.171875,0.513066905995335
3,1,4,0.333333333333333,0.666666666666667,1.75,5.90398975492891,5.97146366710117,3.375,0.554436996708596
3,1,4,0.333333333333333,0.708333333333333,1.75,5.90398975492891,5.97146366710117,3.578125,0.611024184796817
3,1,4,0.333333333333333,0.75,1.75,5.90398975492891,5.97146366710117,3.78125,0.673832100476981
3,1,4,0.333333333333333,0.791666666666667,1.75,5.90398975492891,5.97146366710117,3.984375,0.733760362679217
3,1,4,0.333333333333333,0.833333333333333,1.75,5.90398975492891,5.97146366710117,4.1875,0.782106850335849
3,1,4,0.333333333333333,0.875,1.75,5.90398975492891,5.97146366710117,4.390625,0.811042428401402
3,1,4,0.333333333333333,0.916666666666667,1.75,5.90398975492891,5.97146366710117,4.59375,0.814033104531098
3,1,4,0.333333333333333,0.958333333333333,1.75,5.90398975492891,5.97146366710117,4.796875,0.786187429809218
3,1,4,0.333333333333333,1,1.75,5.90398975492891,5.97146366710117,5,0.724510284862686
3,1,4,0.375,0,1.953125,5.90398975492891,5.97146366710117,0.125,2.67361580669777
3,1,4,0.375,0.0416666666666667,1.953125,5.90398975492891,5.97146366710117,0.328125,2.74459160284467
3,1,4,0.375,0.0833333333333333,1.953125,5.90398975492891,5.97146366710117,0.53125,2.83247639593798
3,1,4,0.375,0.125,1.953125,5.90398975492891,5.97146366710117,0.734375,2.92787702422779
3,1,4,0.375,0.166666666666667,1.953125,5.90398975492891,5.97146366710117,0.9375,3.02090256180782
3,1,4,0.375,0.208333333333333,1.953125,5.90398975492891,5.97146366710117,1.140625,3.10171902234491
3,1,4,0.375,0.25,1.953125,5.90398975492891,5.97146366710117,1.34375,3.16109634410348
3,1,4,0.375,0.291666666666667,1.953125,5.90398975492891,5.97146366710117,1.546875,3.19091646847442
3,1,4,0.375,0.333333333333333,1.953125,5.90398975492891,5.97146366710117,1.75,3.18461319605846
3,1,4,0.375,0.375,1.953125,5.90398975492891,5.97146366710117,1.953125,3.13751815312239
3,1,4,0.375,0.416666666666667,1.953125,5.90398975492891,5.97146366710117,2.15625,3.04709265422179
3,1,4,0.375,0.458333333333333,1.953125,5.90398975492891,5.97146366710117,2.359375,2.9130337841822
3,1,4,0.375,0.5,1.953125,5.90398975492891,5.97146366710117,2.5625,2.73725148259583
3,1,4,0.375,0.541666666666667,1.953125,5.90398975492891,5.97146366710117,2.765625,2.52372663526606
3,1,4,0.375,0.583333333333333,1.953125,5.90398975492891,5.97146366710117,2.96875,2.27826809166773
3,1,4,0.375,0.625,1.953125,5.90398975492891,5.97146366710117,3.171875,2.00818612565316
3,1,4,0.375,0.666666666666667,1.953125,5.90398975492891,5.97146366710117,3.375,1.72189556271794
3,1,4,0.375,0.708333333333333,1.953125,5.90398975492891,5.97146366710117,3.578125,1.42846461553321
3,1,4,0.375,0.75,1.953125,5.90398975492891,5.97146366710117,3.78125,1.13713227347106
3,1,4,0.375,0.791666666666667,1.953125,5.90398975492891,5.97146366710117,3.984375,0.856821682273743
3,1,4,0.375,0.833333333333333,1.953125,5.90398975492891,5.97146366710117,4.1875,0.595676969074187
3,1,4,0.375,0.875,1.953125,5.90398975492891,5.97146366710117,4.390625,0.360648547693438
3,1,4,0.375,0.916666666666667,1.953125,5.90398975492891,5.97146366710117,4.59375,0.157148285565385
3,1,4,0.375,0.958333333333333,1.953125,5.90398975492891,5.97146366710117,4.796875,0
3,1,4,0.375,1,1.953125,5.90398975492891,5.97146366710117,5,0
3,1,4,0.416666666666667,0,2.15625,5.90398975492891,5.97146366710117,0.125,0
3,1,4,0.416666666666667,0.0416666666666667,2.15625,5.90398975492891,5.97146366710117,0.328125,0
3,1,4,0.416666666666667,0.0833333333333333,2.15625,5.90398975492891,5.97146366710117,0.53125,0
3,1,4,0.416666666666667,0.125,2.15625,5.90398975492891,5.97146366710117,0.734375,0
3,1,4,0.416666666666667,0.166666666666667,2.15625,5.90398975492891,5.97146366710117,0.9375,0
3,1,4,0.416666666666667,0.208333333333333,2.15625,5.90398975492891,5.97146366710117,1.140625,0
3,1,4,0.416666666666667,0.25,2.15625,5.90398975492891,5.97146366710117,1.34375,0
3,1,4,0.416666666666667,0.291666666666667,2.15625,5.90398975492891,5.97146366710117,1.546875,0
3,1,4,0.416666666666667,0.333333333333333,2.15625,5.90398975492891,5.97146366710117,1.75,0
3,1,4,0.416666666666667,0.375,2.15625,5.90398975492891,5.97146366710117,1.953125,0
3,1,4,0.416666666666667,0.416666666666667,2.15625,5.90398975492891,5.97146366710117,2.15625,0
3,1,4,0.416666666666667,0.458333333333333,2.15625,5.90398975492891,5.97146366710117,2.359375,0
3,1,4,0.416666666666667,0.5,2.15625,5.90398975492891,5.97146366710117,2.5625,0
3,1,4,0.416666666666667,0.541666666666667,2.15625,5.90398975492891,5.97146366710117,2.765625,0
3,1,4,0.416666666666667,0.583333333333333,2.15625,5.90398975492891,5.97146366710117,2.96875,0
3,1,4,0.416666666666667,0.625,2.15625,5.90398975492891,5.97146366710117,3.171875,0
3,1,4,0.416666666666667,0.666666666666667,2.15625,5.90398975492891,5.97146366710117,3.375,0.150820901160046
3,1,4,0.416666666666667,0.708333333333333,2.15625,5.90398975492891,5.97146366710117,3.578125,0.411462308554504
3,1,4,0.416666666666667,0.75,2.15625,5.90398975492891,5.97146366710117,3.78125,0.659656646526994
3,1,4,0.416666666666667,0.791666666666667,2.15625,5.90398975492891,5.97146366710117,3.984375,0.887191783671361
3,1,4,0.416666666666667,0.833333333333333,2.15625,5.90398975492891,5.97146366710117,4.1875,1.0870067407007
3,1,4,0.416666666666667,0.875,2.15625,5.90398975492891,5.97146366710117,4.390625,1.25353986304261
3,1,4,0.416666666666667,0.916666666666667,2.15625,5.90398975492891,5.97146366710117,4.59375,1.38299386326602
3,1,4,0.416666666666667,0.958333333333333,2.15625,5.90398975492891,5.97146366710117,4.796875,1.47350542615116
3,1,4,0.416666666666667,1,2.15625,5.90398975492891,5.97146366710117,5,1.52521001938702
3,1,4,0.458333333333333,0,2.359375,5.90398975492891,5.97146366710117,0.125,0
3,1,4,0.458333333333333,0.0416666666666667,2.359375,5.90398975492891,5.97146366710117,0.328125,0
3,1,4,0.458333333333333,0.0833333333333333,2.359375,5.90398975492891,5.97146366710117,0.53125,0
3,1,4,0.458333333333333,0.125,2.359375,5.90398975492891,5.97146366710117,0.734375,0
3,1,4,0.458333333333333,0.166666666666667,2.359375,5.90398975492891,5.97146366710117,0.9375,0
3,1,4,0.458333333333333,0.208333333333333,2.359375,5.90398975492891,5.97146366710117,1.140625,0
3,1,4,0.458333333333333,0.25,2.359375,5.90398975492891,5.97146366710117,1.34375,0
3,1,4,0.458333333333333,0.291666666666667,2.359375,5.90398975492891,5.97146366710117,1.546875,0
3,1,4,0.458333333333333,0.333333333333333,2.359375,5.90398975492891,5.97146366710117,1.75,0
3,1,4,0.458333333333333,0.375,2.359375,5.90398975492891,5.97146366710117,1.953125,0.013771368976176
3,1,4,0.458333333333333,0.416666666666667,2.359375,5.90398975492891,5.97146366710117,2.15625,0.0626206815398704
3,1,4,0.458333333333333,0.458333333333333,2.359375,5.90398975492891,5.97146366710117,2.359375,0.0822097519443473
3,1,4,0.458333333333333,0.5,2.359375,5.90398975492891,5.97146366710117,2.5625,0.0771018653184479
3,1,4,0.458333333333333,0.541666666666667,2.359375,5.90398975492891,5.97146366710117,2.765625,0.0533460038988546
3,1,4,0.458333333333333,0.583333333333333,2.359375,5.90398975492891,5.97146366710117,2.96875,0.0180820518740524
3,1,4,0.458333333333333,0.625,2.359375,5.90398975492891,5.97146366710117,3.171875,0
3,1,4,0.458333333333333,0.666666666666667,2.359375,5.90398975492891,5.97146366710117,3.375,0
3,1,4,0.458333333333333,0.708333333333333,2.359375,5.90398975492891,5.97146366710117,3.578125,0
3,1,4,0.458333333333333,0.75,2.359375,5.90398975492891,5.97146366710117,3.78125,0
3,1,4,0.458333333333333,0.791666666666667,2.359375,5.90398975492891,5.97146366710117,3.984375,0
3,1,4,0.458333333333333,0.833333333333333,2.359375,5.90398975492891,5.97146366710117,4.1875,0
3,1,4,0.458333333333333,0.875,2.359375,5.90398975492891,5.97146366710117,4.390625,0.0693136408104891
3,1,4,0.458333333333333,0.916666666666667,2.359375,5.90398975492891,5.97146366710117,4.59375,0.184675178464039
3,1,4,0.458333333333333,0.958333333333333,2.359375,5.90398975492891,5.97146366710117,4.796875,0.332573699577645
3,1,4,0.458333333333333,1,2.359375,5.90398975492891,5.97146366710117,5,0.5104080100674
3,1,4,0.5,0,2.5625,5.90398975492891,5.97146366710117,0.125,2.3738199632741
3,1,4,0.5,0.0416666666666667,2.5625,5.90398975492891,5.97146366710117,0.328125,2.17778481160655
3,1,4,0.5,0.0833333333333333,2.5625,5.90398975492891,5.97146366710117,0.53125,1.98554755201552
3,1,4,0.5,0.125,2.5625,5.90398975492891,5.97146366710117,0.734375,1.80581023564503
3,1,4,0.5,0.166666666666667,2.5625,5.90398975492891,5.97146366710117,0.9375,1.64644848240865
3,1,4,0.5,0.208333333333333,2.5625,5.90398975492891,5.97146366710117,1.140625,1.51410095269202
3,1,4,0.5,0.25,2.5625,5.90398975492891,5.97146366710117,1.34375,1.41382942713251
3,1,4,0.5,0.291666666666667,2.5625,5.90398975492891,5.97146366710117,1.546875,1.34886786542622
3,1,4,0.5,0.333333333333333,2.5625,5.90398975492891,5.97146366710117,1.75,1.32047406723482
3,1,4,0.5,0.375,2.5625,5.90398975492891,5.97146366710117,1.953125,1.32789178252342
3,1,4,0.5,0.416666666666667,2.5625,5.90398975492891,5.97146366710117,2.15625,1.36842464495852
3,1,4,0.5,0.458333333333333,2.5625,5.90398975492891,5.97146366710117,2.359375,1.43761618936315
3,1,4,0.5,0.5,2.5625,5.90398975492891,5.97146366710117,2.5625,1.52952452167499
3,1,4,0.5,0.541666666666667,2.5625,5.90398975492891,5.97146366710117,2.765625,1.63707362897723
3,1,4,0.5,0.583333333333333,2.5625,5.90398975492891,5.97146366710117,2.96875,1.75245967591506
3,1,4,0.5,0.625,2.5625,5.90398975492891,5.97146366710117,3.171875,1.86758849302526
3,1,4,0.5,0.666666666666667,2.5625,5.90398975492891,5.97146366710117,3.375,1.97452115358377
3,1,4,0.5,0.708333333333333,2.5625,5.90398975492891,5.97146366710117,3.578125,2.06590379040968
3,1,4,0.5,0.75,2.5625,5.90398975492891,5.97146366710117,3.78125,2.13535686168296
3,1,4,0.5,0.791666666666667,2.5625,5.90398975492891,5.97146366710117,3.984375,2.1778032250726
3,1,4,0.5,0.833333333333333,2.5625,5.90398975492891,5.97146366710117,4.1875,2.18972013790143
3,1,4,0.5,0.875,2.5625,5.90398975492891,5.97146366710117,4.390625,2.16930510234811
3,1,4,0.5,0.916666666666667,2.5625,5.90398975492891,5.97146366710117,4.59375,2.11654811624804
3,1,4,0.5,0.958333333333333,2.5625,5.90398975492891,5.97146366710117,4.796875,2.0332063890604
3,1,4,0.5,1,2.5625,5.90398975492891,5.97146366710117,5,1.92268173371677
3,1,4,0.541666666666667,0,2.765625,5.90398975492891,5.97146366710117,0.125,0
3,1,4,0.541666666666667,0.0416666666666667,2.765625,5.90398975492891,5.97146366710117,0.328125,0
3,1,4,0.541666666666667,0.0833333333333333,2.765625,5.90398975492891,5.97146366710117,0.53125,0
3,1,4,0.541666666666667,0.125,2.765625,5.90398975492891,5.97146366710117,0.734375,0
3,1,4,0.541666666666667,0.166666666666667,2.765625,5.90398975492891,5.97146366710117,0.9375,0
3,1,4,0.541666666666667,0.208333333333333,2.765625,5.90398975492891,5.97146366710117,1.140625,0
3,1,4,0.541666666666667,0.25,2.765625,5.90398975492891,5.97146366710117,1.34375,0
3,1,4,0.541666666666667,0.291666666666667,2.765625,5.90398975492891,5.97146366710117,1.546875,0
3,1,4,0.541666666666667,0.333333333333333,2.765625,5.90398975492891,5.97146366710117,1.75,0
3,1,4,0.541666666666667,0.375,2.765625,5.90398975492891,5.97146366710117,1.953125,0
3,1,4,0.541666666666667,0.416666666666667,2.765625,5.90398975492891,5.97146366710117,2.15625,0
3,1,4,0.541666666666667,0.458333333333333,2.765625,5.90398975492891,5.97146366710117,2.359375,0
3,1,4,0.541666666666667,0.5,2.765625,5.90398975492891,5.97146366710117,2.5625,0
3,1,4,0.541666666666667,0.541666666666667,2.765625,5.90398975492891,5.97146366710117,2.765625,0
3,1,4,0.541666666666667,0.583333333333333,2.765625,5.90398975492891,5.97146366710117,2.96875,0
3,1,4,0.541666666666667,0.625,2.765625,5.90398975492891,5.97146366710117,3.171875,0
3,1,4,0.541666666666667,0.666666666666667,2.765625,5.90398975492891,5.97146366710117,3.375,0
3,1,4,0.541666666666667,0.708333333333333,2.765625,5.90398975492891,5.97146366710117,3.578125,0
3,1,4,0.541666666666667,0.75,2.765625,5.90398975492891,5.97146366710117,3.78125,0
3,1,4,0.541666666666667,0.791666666666667,2.765625,5.90398975492891,5.97146366710117,3.984375,0
3,1,4,0.541666666666667,0.833333333333333,2.765625,5.90398975492891,5.97146366710117,4.1875,0
3,1,4,0.541666666666667,0.875,2.765625,5.90398975492891,5.97146366710117,4.390625,0
3,1,4,0.541666666666667,0.916666666666667,2.765625,5.90398975492891,5.97146366710117,4.59375,0
3,1,4,0.541666666666667,0.958333333333333,2.765625,5.90398975492891,5.97146366710117,4.796875,0
3,1,4,0.541666666666667,1,2.765625,5.90398975492891,5.97146366710117,5,0
3,1,4,0.583333333333333,0,2.96875,5.90398975492891,5.97146366710117,0.125,0
3,1,4,0.583333333333333,0.0416666666666667,2.96875,5.90398975492891,5.97146366710117,0.328125,0
3,1,4,0.583333333333333,0.0833333333333333,2.96875,5.90398975492891,5.97146366710117,0.53125,0
3,1,4,0.583333333333333,0.125,2.96875,5.90398975492891,5.97146366710117,0.734375,0
3,1,4,0.583333333333333,0.166666666666667,2.96875,5.90398975492891,5.97146366710117,0.9375,0
3,1,4,0.583333333333333,0.208333333333333,2.96875,5.90398975492891,5.97146366710117,1.140625,0
3,1,4,0.583333333333333,0.25,2.96875,5.90398975492891,5.97146366710117,1.34375,0
3,1,4,0.583333333333333,0.291666666666667,2.96875,5.90398975492891,5.97146366710117,1.546875,0
3,1,4,0.583333333333333,0.333333333333333,2.96875,5.90398975492891,5.97146366710117,1.75,0
3,1,4,0.583333333333333,0.375,2.96875,5.90398975492891,5.97146366710117,1.953125,0
3,1,4,0.583333333333333,0.416666666666667,2.96875,5.90398975492891,5.97146366710117,2.15625,0
3,1,4,0.583333333333333,0.458333333333333,2.96875,5.90398975492891,5.97146366710117,2.359375,0
3,1,4,0.583333333333333,0.5,2.96875,5.90398975492891,5.97146366710117,2.5625,0
3,1,4,0.583333333333333,0.541666666666667,2.96875,5.90398975492891,5.97146366710117,2.765625,0
3,1,4,0.583333333333333,0.583333333333333,2.96875,5.90398975492891,5.97146366710117,2.96875,0
3,1,4,0.583333333333333,0.625,2.96875,5.90398975492891,5.97146366710117,3.171875,0
3,1,4,0.583333333333333,0.666666666666667,2.96875,5.90398975492891,5.97146366710117,3.375,0
3,1,4,0.583333333333333,0.708333333333333,2.96875,5.90398975492891,5.97146366710117,3.578125,0
3,1,4,0.583333333333333,0.75,2.96875,5.90398975492891,5.97146366710117,3.78125,0
3,1,4,0.583333333333333,0.791666666666667,2.96875,5.90398975492891,5.97146366710117,3.984375,0
3,1,4,0.583333333333333,0.833333333333333,2.96875,5.90398975492891,5.97146366710117,4.1875,0
3,1,4,0.583333333333333,0.875,2.96875,5.90398975492891,5.97146366710117,4.390625,0
3,1,4,0.583333333333333,0.916666666666667,2.96875,5.90398975492891,5.97146366710117,4.59375,0
3,1,4,0.583333333333333,0.958333333333333,2.96875,5.90398975492891,5.97146366710117,4.796875,0
3,1,4,0.583333333333333,1,2.96875,5.90398975492891,5.97146366710117,5,0
3,1,4,0.625,0,3.171875,5.90398975492891,5.97146366710117,0.125,0
3,1,4,0.625,0.0416666666666667,3.171875,5.90398975492891,5.97146366710117,0.328125,0
3,1,4,0.625,0.0833333333333333,3.171875,5.90398975492891,5.97146366710117,0.53125,0
3,1,4,0.625,0.125,3.171875,5.90398975492891,5.97146366710117,0.734375,0
3,1,4,0.625,0.166666666666667,3.171875,5.90398975492891,5.97146366710117,0.9375,0
3,1,4,0.625,0.208333333333333,3.171875,5.90398975492891,5.97146366710117,1.140625,0
3,1,4,0.625,0.25,3.171875,5.90398975492891,5.97146366710117,1.34375,0
3,1,4,0.625,0.291666666666667,3.171875,5.90398975492891,5.97146366710117,1.546875,0
3,1,4,0.625,0.333333333333333,3.171875,5.90398975492891,5.97146366710117,1.75,0
3,1,4,0.625,0.375,3.171875,5.90398975492891,5.97146366710117,1.953125,0
3,1,4,0.625,0.416666666666667,3.171875,5.90398975492891,5.97146366710117,2.15625,0
3,1,4,0.625,0.458333333333333,3.171875,5.90398975492891,5.97146366710117,2.359375,0
3,1,4,0.625,0.5,3.171875,5.90398975492891,5.97146366710117,2.5625,0
3,1,4,0.625,0.541666666666667,3.171875,5.90398975492891,5.97146366710117,2.765625,0
3,1,4,0.625,0.583333333333333,3.171875,5.90398975492891,5.97146366710117,2.96875,0
3,1,4,0.625,0.625,3.171875,5.90398975492891,5.97146366710117,3.171875,0
3,1,4,0.625,0.666666666666667,3.171875,5.90398975492891,5.97146366710117,3.375,0
3,1,4,0.625,0.708333333333333,3.171875,5.90398975492891,5.97146366710117,3.578125,0
3,1,4,0.625,0.75,3.171875,5.90398975492891,5.97146366710117,3.78125,0
3,1,4,0.625,0.791666666666667,3.171875,5.90398975492891,5.97146366710117,3.984375,0
3,1,4,0.625,0.833333333333333,3.171875,5.90398975492891,5.97146366710117,4.1875,0
3,1,4,0.625,0.875,3.171875,5.90398975492891,5.97146366710117,4.390625,0
3,1,4,0.625,0.916666666666667,3.171875,5.90398975492891,5.97146366710117,4.59375,0
3,1,4,0.625,0.958333333333333,3.171875,5.90398975492891,5.97146366710117,4.796875,0
3,1,4,0.625,1,3.171875,5.90398975492891,5.97146366710117,5,0
3,1,4,0.666666666666667,0,3.375,5.90398975492891,5.97146366710117,0.125,0
3,1,4,0.666666666666667,0.0416666666666667,3.375,5.90398975492891,5.97146366710117,0.328125,0
3,1,4,0.666666666666667,0.0833333333333333,3.375,5.90398975492891,5.97146366710117,0.53125,0
3,1,4,0.666666666666667,0.125,3.375,5.90398975492891,5.97146366710117,0.734375,0
3,1,4,0.666666666666667,0.166666666666667,3.375,5.90398975492891,5.97146366710117,0.9375,0
3,1,4,0.666666666666667,0.208333333333333,3.375,5.90398975492891,5.97146366710117,1.140625,0
3,1,4,0.666666666666667,0.25,3.375,5.90398975492891,5.97146366710117,1.34375,0
3,1,4,0.666666666666667,0.291666666666667,3.375,5.90398975492891,5.97146366710117,1.546875,0
3,1,4,0.666666666666667,0.333333333333333,3.375,5.90398975492891,5.97146366710117,1.75,0
3,1,4,0.666666666666667,0.375,3.375,5.90398975492891,5.97146366710117,1.953125,0
3,1,4,0.666666666666667,0.416666666666667,3.375,5.90398975492891,5.97146366710117,2.15625,0
3,1,4,0.666666666666667,0.458333333333333,3.375,5.90398975492891,5.97146366710117,2.359375,0
3,1,4,0.666666666666667,0.5,3.375,5.90398975492891,5.97146366710117,2.5625,0
3,1,4,0.666666666666667,0.541666666666667,3.375,5.90398975492891,5.97146366710117,2.765625,0
3,1,4,0.666666666666667,0.583333333333333,3.375,5.90398975492891,5.97146366710117,2.96875,0
3,1,4,0.666666666666667,0.625,3.375,5.90398975492891,5.97146366710117,3.171875,0
3,1,4,0.666666666666667,0.666666666666667,3.375,5.90398975492891,5.97146366710117,3.375,0
3,1,4,0.666666666666667,0.708333333333333,3.375,5.90398975492891,5.97146366710117,3.578125,0
3,1,4,0.666666666666667,0.75,3.375,5.90398975492891,5.97146366710117,3.78125,0
3,1,4,0.666666666666667,0.791666666666667,3.375,5.90398975492891,5.97146366710117,3.984375,0
3,1,4,0.666666666666667,0.833333333333333,3.375,5.90398975492891,5.97146366710117,4.1875,0
3,1,4,0.666666666666667,0.875,3.375,5.90398975492891,5.97146366710117,4.390625,0
3,1,4,0.666666666666667,0.916666666666667,3.375,5.90398975492891,5.97146366710117,4.59375,0
3,1,4,0.666666666666667,0.958333333333333,3.375,5.90398975492891,5.97146366710117,4.796875,0
3,1,4,0.666666666666667,1,3.375,5.90398975492891,5.97146366710117,5,0
3,1,4,0.708333333333333,0,3.578125,5.90398975492891,5.97146366710117,0.125,0
3,1,4,0.708333333333333,0.0416666666666667,3.578125,5.90398975492891,5.97146366710117,0.328125,0
3,1,4,0.708333333333333,0.0833333333333333,3.578125,5.90398975492891,5.97146366710117,0.53125,0
3,1,4,0.708333333333333,0.125,3.578125,5.90398975492891,5.97146366710117,0.734375,0
3,1,4,0.708333333333333,0.166666666666667,3.578125,5.90398975492891,5.97146366710117,0.9375,0
3,1,4,0.708333333333333,0.208333333333333,3.578125,5.90398975492891,5.97146366710117,1.140625,0
3,1,4,0.708333333333333,0.25,3.578125,5.90398975492891,5.97146366710117,1.34375,0
3,1,4,0.708333333333333,0.291666666666667,3.578125,5.90398975492891,5.97146366710117,1.546875,0
3,1,4,0.708333333333333,0.333333333333333,3.578125,5.90398975492891,5.97146366710117,1.75,0
3,1,4,0.708333333333333,0.375,3.578125,5.90398975492891,5.97146366710117,1.953125,0
3,1,4,0.708333333333333,0.416666666666667,3.578125,5.90398975492891,5.97146366710117,2.15625,0
3,1,4,0.708333333333333,0.458333333333333,3.578125,5.90398975492891,5.97146366710117,2.359375,0
3,1,4,0.708333333333333,0.5,3.578125,5.90398975492891,5.97146366710117,2.5625,0
3,1,4,0.708333333333333,0.541666666666667,3.578125,5.90398975492891,5.97146366710117,2.765625,0
3,1,4,0.708333333333333,0.583333333333333,3.578125,5.90398975492891,5.97146366710117,2.96875,0
3,1,4,0.708333333333333,0.625,3.578125,5.90398975492891,5.97146366710117,3.171875,0
3,1,4,0.708333333333333,0.666666666666667,3.578125,5.90398975492891,5.97146366710117,3.375,0
3,1,4,0.708333333333333,0.708333333333333,3.578125,5.90398975492891,5.97146366710117,3.578125,0
3,1,4,0.708333333333333,0.75,3.578125,5.90398975492891,5.97146366710117,3.78125,0
3,1,4,0.708333333333333,0.791666666666667,3.578125,5.90398975492891,5.97146366710117,3.984375,0
3,1,4,0.708333333333333,0.833333333333333,3.578125,5.90398975492891,5.97146366710117,4.1875,0
3,1,4,0.708333333333333,0.875,3.578125,5.90398975492891,5.97146366710117,4.390625,0
3,1,4,0.708333333333333,0.916666666666667,3.578125,5.90398975492891,5.97146366710117,4.59375,0
3,1,4,0.708333333333333,0.958333333333333,3.578125,5.90398975492891,5.97146366710117,4.796875,0
3,1,4,0.708333333333333,1,3.578125,5.90398975492891,5.97146366710117,5,0
3,1,4,0.75,0,3.78125,5.90398975492891,5.97146366710117,0.125,0
3,1,4,0.75,0.0416666666666667,3.78125,5.90398975492891,5.97146366710117,0.328125,0
3,1,4,0.75,0.0833333333333333,3.78125,5.90398975492891,5.97146366710117,0.53125,0
3,1,4,0.75,0.125,3.78125,5.90398975492891,5.97146366710117,0.734375,0
3,1,4,0.75,0.166666666666667,3.78125,5.90398975492891,5.97146366710117,0.9375,0
3,1,4,0.75,0.208333333333333,3.78125,5.90398975492891,5.97146366710117,1.140625,0
3,1,4,0.75,0.25,3.78125,5.90398975492891,5.97146366710117,1.34375,0
3,1,4,0.75,0.291666666666667,3.78125,5.90398975492891,5.97146366710117,1.546875,0
3,1,4,0.75,0.333333333333333,3.78125,5.90398975492891,5.97146366710117,1.75,0
3,1,4,0.75,0.375,3.78125,5.90398975492891,5.97146366710117,1.953125,0
3,1,4,0.75,0.416666666666667,3.78125,5.90398975492891,5.97146366710117,2.15625,0
3,1,4,0.75,0.458333333333333,3.78125,5.90398975492891,5.97146366710117,2.359375,0
3,1,4,0.75,0.5,3.78125,5.90398975492891,5.97146366710117,2.5625,0
3,1,4,0.75,0.541666666666667,3.78125,5.90398975492891,5.97146366710117,2.765625,0
3,1,4,0.75,0.583333333333333,3.78125,5.90398975492891,5.97146366710117,2.96875,0
3,1,4,0.75,0.625,3.78125,5.90398975492891,5.97146366710117,3.171875,0
3,1,4,0.75,0.666666666666667,3.78125,5.90398975492891,5.97146366710117,3.375,0
3,1,4,0.75,0.708333333333333,3.78125,5.90398975492891,5.97146366710117,3.578125,0
3,1,4,0.75,0.75,3.78125,5.90398975492891,5.97146366710117,3.78125,0
3,1,4,0.75,0.791666666666667,3.78125,5.90398975492891,5.97146366710117,3.984375,0
3,1,4,0.75,0.833333333333333,3.78125,5.90398975492891,5.97146366710117,4.1875,0
3,1,4,0.75,0.875,3.78125,5.90398975492891,5.97146366710117,4.390625,0
3,1,4,0.75,0.916666666666667,3.78125,5.90398975492891,5.97146366710117,4.59375,0
3,1,4,0.75,0.958333333333333,3.78125,5.90398975492891,5.97146366710117,4.796875,0
3,1,4,0.75,1,3.78125,5.90398975492891,5.97146366710117,5,0
3,1,4,0.791666666666667,0,3.984375,5.90398975492891,5.97146366710117,0.125,0
3,1,4,0.791666666666667,0.0416666666666667,3.984375,5.90398975492891,5.97146366710117,0.328125,0
3,1,4,0.791666666666667,0.0833333333333333,3.984375,5.90398975492891,5.97146366710117,0.53125,0
3,1,4,0.791666666666667,0.125,3.984375,5.90398975492891,5.97146366710117,0.734375,0
3,1,4,0.791666666666667,0.166666666666667,3.984375,5.90398975492891,5.97146366710117,0.9375,0
3,1,4,0.791666666666667,0.208333333333333,3.984375,5.90398975492891,5.97146366710117,1.140625,0
3,1,4,0.791666666666667,0.25,3.984375,5.90398975492891,5.97146366710117,1.34375,0
3,1,4,0.791666666666667,0.291666666666667,3.984375,5.90398975492891,5.97146366710117,1.546875,0
3,1,4,0.791666666666667,0.333333333333333,3.984375,5.90398975492891,5.97146366710117,1.75,0
3,1,4,0.791666666666667,0.375,3.984375,5.90398975492891,5.97146366710117,1.953125,0
3,1,4,0.791666666666667,0.416666666666667,3.984375,5.90398975492891,5.97146366710117,2.15625,0
3,1,4,0.791666666666667,0.458333333333333,3.984375,5.90398975492891,5.97146366710117,2.359375,0
3,1,4,0.791666666666667,0.5,3.984375,5.90398975492891,5.97146366710117,2.5625,0
3,1,4,0.791666666666667,0.541666666666667,3.984375,5.90398975492891,5.97146366710117,2.765625,0
3,1,4,0.791666666666667,0.583333333333333,3.984375,5.90398975492891,5.97146366710117,2.96875,0
3,1,4,0.791666666666667,0.625,3.984375,5.90398975492891,5.97146366710117,3.171875,0
3,1,4,0.791666666666667,0.666666666666667,3.984375,5.90398975492891,5.97146366710117,3.375,0
3,1,4,0.791666666666667,0.708333333333333,3.984375,5.90398975492891,5.97146366710117,3.578125,0
3,1,4,0.791666666666667,0.75,3.984375,5.90398975492891,5.97146366710117,3.78125,0
3,1,4,0.791666666666667,0.791666666666667,3.984375,5.90398975492891,5.97146366710117,3.984375,0
3,1,4,0.791666666666667,0.833333333333333,3.984375,5.90398975492891,5.97146366710117,4.1875,0
3,1,4,0.791666666666667,0.875,3.984375,5.90398975492891,5.97146366710117,4.390625,0
3,1,4,0.791666666666667,0.916666666666667,3.984375,5.90398975492891,5.97146366710117,4.59375,0
3,1,4,0.791666666666667,0.958333333333333,3.984375,5.90398975492891,5.97146366710117,4.796875,0
3,1,4,0.791666666666667,1,3.984375,5.90398975492891,5.97146366710117,5,0
3,1,4,0.833333333333333,0,4.1875,5.90398975492891,5.97146366710117,0.125,0
3,1,4,0.833333333333333,0.0416666666666667,4.1875,5.90398975492891,5.97146366710117,0.328125,0
3,1,4,0.833333333333333,0.0833333333333333,4.1875,5.90398975492891,5.97146366710117,0.53125,0
3,1,4,0.833333333333333,0.125,4.1875,5.90398975492891,5.97146366710117,0.734375,0
3,1,4,0.833333333333333,0.166666666666667,4.1875,5.90398975492891,5.97146366710117,0.9375,0
3,1,4,0.833333333333333,0.208333333333333,4.1875,5.90398975492891,5.97146366710117,1.140625,0
3,1,4,0.833333333333333,0.25,4.1875,5.90398975492891,5.97146366710117,1.34375,0
3,1,4,0.833333333333333,0.291666666666667,4.1875,5.90398975492891,5.97146366710117,1.546875,0
3,1,4,0.833333333333333,0.333333333333333,4.1875,5.90398975492891,5.97146366710117,1.75,0
3,1,4,0.833333333333333,0.375,4.1875,5.90398975492891,5.97146366710117,1.953125,0
3,1,4,0.833333333333333,0.416666666666667,4.1875,5.90398975492891,5.97146366710117,2.15625,0
3,1,4,0.833333333333333,0.458333333333333,4.1875,5.90398975492891,5.97146366710117,2.359375,0
3,1,4,0.833333333333333,0.5,4.1875,5.90398975492891,5.97146366710117,2.5625,0
3,1,4,0.833333333333333,0.541666666666667,4.1875,5.90398975492891,5.97146366710117,2.765625,0
3,1,4,0.833333333333333,0.583333333333333,4.1875,5.90398975492891,5.97146366710117,2.96875,0
3,1,4,0.833333333333333,0.625,4.1875,5.90398975492891,5.97146366710117,3.171875,0
3,1,4,0.833333333333333,0.666666666666667,4.1875,5.90398975492891,5.97146366710117,3.375,0
3,1,4,0.833333333333333,0.708333333333333,4.1875,5.90398975492891,5.97146366710117,3.578125,0
3,1,4,0.833333333333333,0.75,4.1875,5.90398975492891,5.97146366710117,3.78125,0
3,1,4,0.833333333333333,0.791666666666667,4.1875,5.90398975492891,5.97146366710117,3.984375,0
3,1,4,0.833333333333333,0.833333333333333,4.1875,5.90398975492891,5.97146366710117,4.1875,0
3,1,4,0.833333333333333,0.875,4.1875,5.90398975492891,5.97146366710117,4.390625,0
3,1,4,0.833333333333333,0.916666666666667,4.1875,5.90398975492891,5.97146366710117,4.59375,0
3,1,4,0.833333333333333,0.958333333333333,4.1875,5.90398975492891,5.97146366710117,4.796875,0
3,1,4,0.833333333333333,1,4.1875,5.90398975492891,5.97146366710117,5,0
3,1,4,0.875,0,4.390625,5.90398975492891,5.97146366710117,0.125,0
3,1,4,0.875,0.0416666666666667,4.390625,5.90398975492891,5.97146366710117,0.328125,0
3,1,4,0.875,0.0833333333333333,4.390625,5.90398975492891,5.97146366710117,0.53125,0
3,1,4,0.875,0.125,4.390625,5.90398975492891,5.97146366710117,0.734375,0
3,1,4,0.875,0.166666666666667,4.390625,5.90398975492891,5.97146366710117,0.9375,0
3,1,4,0.875,0.208333333333333,4.390625,5.90398975492891,5.97146366710117,1.140625,0
3,1,4,0.875,0.25,4.390625,5.90398975492891,5.97146366710117,1.34375,0
3,1,4,0.875,0.291666666666667,4.390625,5.90398975492891,5.97146366710117,1.546875,0
3,1,4,0.875,0.333333333333333,4.390625,5.90398975492891,5.97146366710117,1.75,0
3,1,4,0.875,0.375,4.390625,5.90398975492891,5.97146366710117,1.953125,0
3,1,4,0.875,0.416666666666667,4.390625,5.90398975492891,5.97146366710117,2.15625,0
3,1,4,0.875,0.458333333333333,4.390625,5.90398975492891,5.97146366710117,2.359375,0
3,1,4,0.875,0.5,4.390625,5.90398975492891,5.97146366710117,2.5625,0
3,1,4,0.875,0.541666666666667,4.390625,5.90398975492891,5.97146366710117,2.765625,0
3,1,4,0.875,0.583333333333333,4.390625,5.90398975492891,5.97146366710117,2.96875,0
3,1,4,0.875,0.625,4.390625,5.90398975492891,5.97146366710117,3.171875,0
3,1,4,0.875,0.666666666666667,4.390625,5.90398975492891,5.97146366710117,3.375,0
3,1,4,0.875,0.708333333333333,4.390625,5.90398975492891,5.97146366710117,3.578125,0
3,1,4,0.875,0.75,4.390625,5.90398975492891,5.97146366710117,3.78125,0
3,1,4,0.875,0.791666666666667,4.390625,5.90398975492891,5.97146366710117,3.984375,0
3,1,4,0.875,0.833333333333333,4.390625,5.90398975492891,5.97146366710117,4.1875,0
3,1,4,0.875,0.875,4.390625,5.90398975492891,5.97146366710117,4.390625,0
3,1,4,0.875,0.916666666666667,4.390625,5.90398975492891,5.97146366710117,4.59375,0.0557860196792463
3,1,4,0.875,0.958333333333333,4.390625,5.90398975492891,5.97146366710117,4.796875,0.126561553142989
3,1,4,0.875,1,4.390625,5.90398975492891,5.97146366710117,5,0.188025764659665
3,1,4,0.916666666666667,0,4.59375,5.90398975492891,5.97146366710117,0.125,0.192201384305838
3,1,4,0.916666666666667,0.0416666666666667,4.59375,5.90398975492891,5.97146366710117,0.328125,0.26976157667363
3,1,4,0.916666666666667,0.0833333333333333,4.59375,5.90398975492891,5.97146366710117,0.53125,0.350497752937254
3,1,4,0.916666666666667,0.125,4.59375,5.90398975492891,5.97146366710117,0.734375,0.431442663898093
3,1,4,0.916666666666667,0.166666666666667,4.59375,5.90398975492891,5.97146366710117,0.9375,0.509595733044209
3,1,4,0.916666666666667,0.208333333333333,4.59375,5.90398975492891,5.97146366710117,1.140625,0.582143751309985
3,1,4,0.916666666666667,0.25,4.59375,5.90398975492891,5.97146366710117,1.34375,0.646641055762967
3,1,4,0.916666666666667,0.291666666666667,4.59375,5.90398975492891,5.97146366710117,1.546875,0.701132844913201
3,1,4,0.916666666666667,0.333333333333333,4.59375,5.90398975492891,5.97146366710117,1.75,0.744212525108381
3,1,4,0.916666666666667,0.375,4.59375,5.90398975492891,5.97146366710117,1.953125,0.775022445453256
3,1,4,0.916666666666667,0.416666666666667,4.59375,5.90398975492891,5.97146366710117,2.15625,0.793228219551218
3,1,4,0.916666666666667,0.458333333333333,4.59375,5.90398975492891,5.97146366710117,2.359375,0.798991909681562
3,1,4,0.916666666666667,0.5,4.59375,5.90398975492891,5.97146366710117,2.5625,0.792943701623182
3,1,4,0.916666666666667,0.541666666666667,4.59375,5.90398975492891,5.97146366710117,2.765625,0.776140958587957
3,1,4,0.916666666666667,0.583333333333333,4.59375,5.90398975492891,5.97146366710117,2.96875,0.750009569003097
3,1,4,0.916666666666667,0.625,4.59375,5.90398975492891,5.97146366710117,3.171875,0.716268774358508
3,1,4,0.916666666666667,0.666666666666667,4.59375,5.90398975492891,5.97146366710117,3.375,0.676843142684023
3,1,4,0.916666666666667,0.708333333333333,4.59375,5.90398975492891,5.97146366710117,3.578125,0.633766298749577
3,1,4,0.916666666666667,0.75,4.59375,5.90398975492891,5.97146366710117,3.78125,0.589081768009309
3,1,4,0.916666666666667,0.791666666666667,4.59375,5.90398975492891,5.97146366710117,3.984375,0.544746986316652
3,1,4,0.916666666666667,0.833333333333333,4.59375,5.90398975492891,5.97146366710117,4.1875,0.502546903455706
3,1,4,0.916666666666667,0.875,4.59375,5.90398975492891,5.97146366710117,4.390625,0.464023319155419
3,1,4,0.916666666666667,0.916666666666667,4.59375,5.90398975492891,5.97146366710117,4.59375,0.430424851359201
3,1,4,0.916666666666667,0.958333333333333,4.59375,5.90398975492891,5.97146366710117,4.796875,0.402680145984655
3,1,4,0.916666666666667,1,4.59375,5.90398975492891,5.97146366710117,5,0.381393816751157
3,1,4,0.958333333333333,0,4.796875,5.90398975492891,5.97146366710117,0.125,1.03229787168038
3,1,4,0.958333333333333,0.0416666666666667,4.796875,5.90398975492891,5.97146366710117,0.328125,1.01557279653775
3,1,4,0.958333333333333,0.0833333333333333,4.796875,5.90398975492891,5.97146366710117,0.53125,0.985902043289937
3,1,4,0.958333333333333,0.125,4.796875,5.90398975492891,5.97146366710117,0.734375,0.947269723694003
3,1,4,0.958333333333333,0.166666666666667,4.796875,5.90398975492891,5.97146366710117,0.9375,0.903516649226156
3,1,4,0.958333333333333,0.208333333333333,4.796875,5.90398975492891,5.97146366710117,1.140625,0.858136444531186
3,1,4,0.958333333333333,0.25,4.796875,5.90398975492891,5.97146366710117,1.34375,0.814114449047882
3,1,4,0.958333333333333,0.291666666666667,4.796875,5.90398975492891,5.97146366710117,1.546875,0.773815775110443
3,1,4,0.958333333333333,0.333333333333333,4.796875,5.90398975492891,5.97146366710117,1.75,0.738925309386176
3,1,4,0.958333333333333,0.375,4.796875,5.90398975492891,5.97146366710117,1.953125,0.710440115874224
3,1,4,0.958333333333333,0.416666666666667,4.796875,5.90398975492891,5.97146366710117,2.15625,0.688710980389051
3,1,4,0.958333333333333,0.458333333333333,4.796875,5.90398975492891,5.97146366710117,2.359375,0.673523178917495
3,1,4,0.958333333333333,0.5,4.796875,5.90398975492891,5.97146366710117,2.5625,0.664201874736403
3,1,4,0.958333333333333,0.541666666666667,4.796875,5.90398975492891,5.97146366710117,2.765625,0.659729321589626
3,1,4,0.958333333333333,0.583333333333333,4.796875,5.90398975492891,5.97146366710117,2.96875,0.65886595878595
3,1,4,0.958333333333333,0.625,4.796875,5.90398975492891,5.97146366710117,3.171875,0.660270657413165
3,1,4,0.958333333333333,0.666666666666667,4.796875,5.90398975492891,5.97146366710117,3.375,0.662615934865013
3,1,4,0.958333333333333,0.708333333333333,4.796875,5.90398975492891,5.97146366710117,3.578125,0.66469314067824
3,1,4,0.958333333333333,0.75,4.796875,5.90398975492891,5.97146366710117,3.78125,0.665501502192995
3,1,4,0.958333333333333,0.791666666666667,4.796875,5.90398975492891,5.97146366710117,3.984375,0.664314129250466
3,1,4,0.958333333333333,0.833333333333333,4.796875,5.90398975492891,5.97146366710117,4.1875,0.660714152919194
3,1,4,0.958333333333333,0.875,4.796875,5.90398975492891,5.97146366710117,4.390625,0.654595771251112
3,1,4,0.958333333333333,0.916666666666667,4.796875,5.90398975492891,5.97146366710117,4.59375,0.646128768800402
3,1,4,0.958333333333333,0.958333333333333,4.796875,5.90398975492891,5.97146366710117,4.796875,0.635691274240135
3,1,4,0.958333333333333,1,4.796875,5.90398975492891,5.97146366710117,5,0.623783059403081
3,1,4,1,0,5,5.90398975492891,5.97146366710117,0.125,0
3,1,4,1,0.0416666666666667,5,5.90398975492891,5.97146366710117,0.328125,0
3,1,4,1,0.0833333333333333,5,5.90398975492891,5.97146366710117,0.53125,0
3,1,4,1,0.125,5,5.90398975492891,5.97146366710117,0.734375,0
3,1,4,1,0.166666666666667,5,5.90398975492891,5.97146366710117,0.9375,0
3,1,4,1,0.208333333333333,5,5.90398975492891,5.97146366710117,1.140625,0.0325134186033604
3,1,4,1,0.25,5,5.90398975492891,5.97146366710117,1.34375,0.121852725605326
3,1,4,1,0.291666666666667,5,5.90398975492891,5.97146366710117,1.546875,0.195718835909571
3,1,4,1,0.333333333333333,5,5.90398975492891,5.97146366710117,1.75,0.254130220003418
3,1,4,1,0.375,5,5.90398975492891,5.97146366710117,1.953125,0.297732773116165
3,1,4,1,0.416666666666667,5,5.90398975492891,5.97146366710117,2.15625,0.327687647182164
3,1,4,1,0.458333333333333,5,5.90398975492891,5.97146366710117,2.359375,0.345543409720325
3,1,4,1,0.5,5,5.90398975492891,5.97146366710117,2.5625,0.353105959666145
3,1,4,1,0.541666666666667,5,5.90398975492891,5.97146366710117,2.765625,0.35231509322605
3,1,4,1,0.583333333333333,5,5.90398975492891,5.97146366710117,2.96875,0.345133056551868
3,1,4,1,0.625,5,5.90398975492891,5.97146366710117,3.171875,0.333448612182973
3,1,4,1,0.666666666666667,5,5.90398975492891,5.97146366710117,3.375,0.318999504295117
3,1,4,1,0.708333333333333,5,5.90398975492891,5.97146366710117,3.578125,0.303315880979669
3,1,4,1,0.75,5,5.90398975492891,5.97146366710117,3.78125,0.2876866389981
3,1,4,1,0.791666666666667,5,5.90398975492891,5.97146366710117,3.984375,0.273149500364754
3,1,4,1,0.833333333333333,5,5.90398975492891,5.97146366710117,4.1875,0.260503800853485
3,1,4,1,0.875,5,5.90398975492891,5.97146366710117,4.390625,0.250342550045541
3,1,4,1,0.916666666666667,5,5.90398975492891,5.97146366710117,4.59375,0.243097676475761
3,1,4,1,0.958333333333333,5,5.90398975492891,5.97146366710117,4.796875,0.239090206435138
3,1,4,1,1,5,5.90398975492891,5.97146366710117,5,0.238576338323499
4,2,3,0,0,1.19438355141829,0.1,0.1,3.10956235475317,0
4,2,3,0,0.0416666666666667,1.19438355141829,0.1,0.5125,3.10956235475317,0
4,2,3,0,0.0833333333333333,1.19438355141829,0.1,0.925,3.10956235475317,0
4,2,3,0,0.125,1.19438355141829,0.1,1.3375,3.10956235475317,0
4,2,3,0,0.166666666666667,1.19438355141829,0.1,1.75,3.10956235475317,0
4,2,3,0,0.208333333333333,1.19438355141829,0.1,2.1625,3.10956235475317,0
4,2,3,0,0.25,1.19438355141829,0.1,2.575,3.10956235475317,0
4,2,3,0,0.291666666666667,1.19438355141829,0.1,2.9875,3.10956235475317,0
4,2,3,0,0.333333333333333,1.19438355141829,0.1,3.4,3.10956235475317,0
4,2,3,0,0.375,1.19438355141829,0.1,3.8125,3.10956235475317,0
4,2,3,0,0.416666666666667,1.19438355141829,0.1,4.225,3.10956235475317,0
4,2,3,0,0.458333333333333,1.19438355141829,0.1,4.6375,3.10956235475317,0
4,2,3,0,0.5,1.19438355141829,0.1,5.05,3.10956235475317,0
4,2,3,0,0.541666666666667,1.19438355141829,0.1,5.4625,3.10956235475317,0
4,2,3,0,0.583333333333333,1.19438355141829,0.1,5.875,3.10956235475317,0
4,2,3,0,0.625,1.19438355141829,0.1,6.2875,3.10956235475317,0
4,2,3,0,0.666666666666667,1.19438355141829,0.1,6.7,3.10956235475317,0
4,2,3,0,0.708333333333333,1.19438355141829,0.1,7.1125,3.10956235475317,0
4,2,3,0,0.75,1.19438355141829,0.1,7.525,3.10956235475317,0
4,2,3,0,0.791666666666667,1.19438355141829,0.1,7.9375,3.10956235475317,0
4,2,3,0,0.833333333333333,1.19438355141829,0.1,8.35,3.10956235475317,0
4,2,3,0,0.875,1.19438355141829,0.1,8.7625,3.10956235475317,0
4,2,3,0,0.916666666666667,1.19438355141829,0.1,9.175,3.10956235475317,0
4,2,3,0,0.958333333333333,1.19438355141829,0.1,9.5875,3.10956235475317,0
4,2,3,0,1,1.19438355141829,0.1,10,3.10956235475317,0
4,2,3,0.0416666666666667,0,1.19438355141829,0.5125,0.1,3.10956235475317,0
4,2,3,0.0416666666666667,0.0416666666666667,1.19438355141829,0.5125,0.5125,3.10956235475317,0
4,2,3,0.0416666666666667,0.0833333333333333,1.19438355141829,0.5125,0.925,3.10956235475317,0
4,2,3,0.0416666666666667,0.125,1.19438355141829,0.5125,1.3375,3.10956235475317,0
4,2,3,0.0416666666666667,0.166666666666667,1.19438355141829,0.5125,1.75,3.10956235475317,0
4,2,3,0.0416666666666667,0.208333333333333,1.19438355141829,0.5125,2.1625,3.10956235475317,0
4,2,3,0.0416666666666667,0.25,1.19438355141829,0.5125,2.575,3.10956235475317,0
4,2,3,0.0416666666666667,0.291666666666667,1.19438355141829,0.5125,2.9875,3.10956235475317,0
4,2,3,0.0416666666666667,0.333333333333333,1.19438355141829,0.5125,3.4,3.10956235475317,0
4,2,3,0.0416666666666667,0.375,1.19438355141829,0.5125,3.8125,3.10956235475317,0
4,2,3,0.0416666666666667,0.416666666666667,1.19438355141829,0.5125,4.225,3.10956235475317,0
4,2,3,0.0416666666666667,0.458333333333333,1.19438355141829,0.5125,4.6375,3.10956235475317,0
4,2,3,0.0416666666666667,0.5,1.19438355141829,0.5125,5.05,3.10956235475317,0
4,2,3,0.0416666666666667,0.541666666666667,1.19438355141829,0.5125,5.4625,3.10956235475317,0
4,2,3,0.0416666666666667,0.583333333333333,1.19438355141829,0.5125,5.875,3.10956235475317,0
4,2,3,0.0416666666666667,0.625,1.19438355141829,0.5125,6.2875,3.10956235475317,0
4,2,3,0.0416666666666667,0.666666666666667,1.19438355141829,0.5125,6.7,3.10956235475317,0
4,2,3,0.0416666666666667,0.708333333333333,1.19438355141829,0.5125,7.1125,3.10956235475317,0
4,2,3,0.0416666666666667,0.75,1.19438355141829,0.5125,7.525,3.10956235475317,0
4,2,3,0.0416666666666667,0.791666666666667,1.19438355141829,0.5125,7.9375,3.10956235475317,0
4,2,3,0.0416666666666667,0.833333333333333,1.19438355141829,0.5125,8.35,3.10956235475317,0
4,2,3,0.0416666666666667,0.875,1.19438355141829,0.5125,8.7625,3.10956235475317,0
4,2,3,0.0416666666666667,0.916666666666667,1.19438355141829,0.5125,9.175,3.10956235475317,0
4,2,3,0.0416666666666667,0.958333333333333,1.19438355141829,0.5125,9.5875,3.10956235475317,0
4,2,3,0.0416666666666667,1,1.19438355141829,0.5125,10,3.10956235475317,0
4,2,3,0.0833333333333333,0,1.19438355141829,0.925,0.1,3.10956235475317,0.00459487175733625
4,2,3,0.0833333333333333,0.0416666666666667,1.19438355141829,0.925,0.5125,3.10956235475317,0.00500836890631843
4,2,3,0.0833333333333333,0.0833333333333333,1.19438355141829,0.925,0.925,3.10956235475317,0.0377678712998389
4,2,3,0.0833333333333333,0.125,1.19438355141829,0.925,1.3375,3.10956235475317,0.12474021546614
4,2,3,0.0833333333333333,0.166666666666667,1.19438355141829,0.925,1.75,3.10956235475317,0.132182704888832
4,2,3,0.0833333333333333,0.208333333333333,1.19438355141829,0.925,2.1625,3.10956235475317,0.0625295645143395
4,2,3,0.0833333333333333,0.25,1.19438355141829,0.925,2.575,3.10956235475317,0
4,2,3,0.0833333333333333,0.291666666666667,1.19438355141829,0.925,2.9875,3.10956235475317,0
4,2,3,0.0833333333333333,0.333333333333333,1.19438355141829,0.925,3.4,3.10956235475317,0
4,2,3,0.0833333333333333,0.375,1.19438355141829,0.925,3.8125,3.10956235475317,0
4,2,3,0.0833333333333333,0.416666666666667,1.19438355141829,0.925,4.225,3.10956235475317,0
4,2,3,0.0833333333333333,0.458333333333333,1.19438355141829,0.925,4.6375,3.10956235475317,0
4,2,3,0.0833333333333333,0.5,1.19438355141829,0.925,5.05,3.10956235475317,0
4,2,3,0.0833333333333333,0.541666666666667,1.19438355141829,0.925,5.4625,3.10956235475317,0
4,2,3,0.0833333333333333,0.583333333333333,1.19438355141829,0.925,5.875,3.10956235475317,0
4,2,3,0.0833333333333333,0.625,1.19438355141829,0.925,6.2875,3.10956235475317,0
4,2,3,0.0833333333333333,0.666666666666667,1.19438355141829,0.925,6.7,3.10956235475317,0
4,2,3,0.0833333333333333,0.708333333333333,1.19438355141829,0.925,7.1125,3.10956235475317,0
4,2,3,0.0833333333333333,0.75,1.19438355141829,0.925,7.525,3.10956235475317,0
4,2,3,0.0833333333333333,0.791666666666667,1.19438355141829,0.925,7.9375,3.10956235475317,0
4,2,3,0.0833333333333333,0.833333333333333,1.19438355141829,0.925,8.35,3.10956235475317,0.186348445125107
4,2,3,0.0833333333333333,0.875,1.19438355141829,0.925,8.7625,3.10956235475317,0.41650490565999
4,2,3,0.0833333333333333,0.916666666666667,1.19438355141829,0.925,9.175,3.10956235475317,0.599547639438297
4,2,3,0.0833333333333333,0.958333333333333,1.19438355141829,0.925,9.5875,3.10956235475317,0.722929451229488
4,2,3,0.0833333333333333,1,1.19438355141829,0.925,10,3.10956235475317,0.77955925029198
4,2,3,0.125,0,1.19438355141829,1.3375,0.1,3.10956235475317,0.000392509414477444
4,2,3,0.125,0.0416666666666667,1.19438355141829,1.3375,0.5125,3.10956235475317,0.000603179408454292
4,2,3,0.125,0.0833333333333333,1.19438355141829,1.3375,0.925,3.10956235475317,0
4,2,3,0.125,0.125,1.19438355141829,1.3375,1.3375,3.10956235475317,0
4,2,3,0.125,0.166666666666667,1.19438355141829,1.3375,1.75,3.10956235475317,0.125036839008794
4,2,3,0.125,0.208333333333333,1.19438355141829,1.3375,2.1625,3.10956235475317,0.455190835722155
4,2,3,0.125,0.25,1.19438355141829,1.3375,2.575,3.10956235475317,0.799601455785045
4,2,3,0.125,0.291666666666667,1.19438355141829,1.3375,2.9875,3.10956235475317,1.13448681816333
4,2,3,0.125,0.333333333333333,1.19438355141829,1.3375,3.4,3.10956235475317,1.43708606377641
4,2,3,0.125,0.375,1.19438355141829,1.3375,3.8125,3.10956235475317,1.68768203584975
4,2,3,0.125,0.416666666666667,1.19438355141829,1.3375,4.225,3.10956235475317,1.87131250925449
4,2,3,0.125,0.458333333333333,1.19438355141829,1.3375,4.6375,3.10956235475317,1.97904762616396
4,2,3,0.125,0.5,1.19438355141829,1.3375,5.05,3.10956235475317,2.00869446549848
4,2,3,0.125,0.541666666666667,1.19438355141829,1.3375,5.4625,3.10956235475317,1.96488869885339
4,2,3,0.125,0.583333333333333,1.19438355141829,1.3375,5.875,3.10956235475317,1.85856413218152
4,2,3,0.125,0.625,1.19438355141829,1.3375,6.2875,3.10956235475317,1.70585625651158
4,2,3,0.125,0.666666666666667,1.19438355141829,1.3375,6.7,3.10956235475317,1.52654952757407
4,2,3,0.125,0.708333333333333,1.19438355141829,1.3375,7.1125,3.10956235475317,1.34222168261802
4,2,3,0.125,0.75,1.19438355141829,1.3375,7.525,3.10956235475317,1.17426196621959
4,2,3,0.125,0.791666666666667,1.19438355141829,1.3375,7.9375,3.10956235475317,1.04195146825869
4,2,3,0.125,0.833333333333333,1.19438355141829,1.3375,8.35,3.10956235475317,0.9607778312769
4,2,3,0.125,0.875,1.19438355141829,1.3375,8.7625,3.10956235475317,0.94113505243756
4,2,3,0.125,0.916666666666667,1.19438355141829,1.3375,9.175,3.10956235475317,0.987517488921045
4,2,3,0.125,0.958333333333333,1.19438355141829,1.3375,9.5875,3.10956235475317,1.09826860515585
4,2,3,0.125,1,1.19438355141829,1.3375,10,3.10956235475317,1.2658911820804
4,2,3,0.166666666666667,0,1.19438355141829,1.75,0.1,3.10956235475317,1.71504862106153
4,2,3,0.166666666666667,0.0416666666666667,1.19438355141829,1.75,0.5125,3.10956235475317,1.59819956912078
4,2,3,0.166666666666667,0.0833333333333333,1.19438355141829,1.75,0.925,3.10956235475317,1.43382802498602
4,2,3,0.166666666666667,0.125,1.19438355141829,1.75,1.3375,3.10956235475317,1.24099926613195
4,2,3,0.166666666666667,0.166666666666667,1.19438355141829,1.75,1.75,3.10956235475317,1.04247217943225
4,2,3,0.166666666666667,0.208333333333333,1.19438355141829,1.75,2.1625,3.10956235475317,0.861922690378137
4,2,3,0.166666666666667,0.25,1.19438355141829,1.75,2.575,3.10956235475317,0.721071086355202
4,2,3,0.166666666666667,0.291666666666667,1.19438355141829,1.75,2.9875,3.10956235475317,0.637745156915981
4,2,3,0.166666666666667,0.333333333333333,1.19438355141829,1.75,3.4,3.10956235475317,0.624322196868628
4,2,3,0.166666666666667,0.375,1.19438355141829,1.75,3.8125,3.10956235475317,0.686669616629885
4,2,3,0.166666666666667,0.416666666666667,1.19438355141829,1.75,4.225,3.10956235475317,0.823704544748178
4,2,3,0.166666666666667,0.458333333333333,1.19438355141829,1.75,4.6375,3.10956235475317,1.02757880645248
4,2,3,0.166666666666667,0.5,1.19438355141829,1.75,5.05,3.10956235475317,1.28447326288778
4,2,3,0.166666666666667,0.541666666666667,1.19438355141829,1.75,5.4625,3.10956235475317,1.57592409186169
4,2,3,0.166666666666667,0.583333333333333,1.19438355141829,1.75,5.875,3.10956235475317,1.88055375359701
4,2,3,0.166666666666667,0.625,1.19438355141829,1.75,6.2875,3.10956235475317,2.17604154768106
4,2,3,0.166666666666667,0.666666666666667,1.19438355141829,1.75,6.7,3.10956235475317,2.44114869657706
4,2,3,0.166666666666667,0.708333333333333,1.19438355141829,1.75,7.1125,3.10956235475317,2.65760736130521
4,2,3,0.166666666666667,0.75,1.19438355141829,1.75,7.525,3.10956235475317,2.81170404904041
4,2,3,0.166666666666667,0.791666666666667,1.19438355141829,1.75,7.9375,3.10956235475317,2.89541563069778
4,2,3,0.166666666666667,0.833333333333333,1.19438355141829,1.75,8.35,3.10956235475317,2.90700229280565
4,2,3,0.166666666666667,0.875,1.19438355141829,1.75,8.7625,3.10956235475317,2.85101574007365
4,2,3,0.166666666666667,0.916666666666667,1.19438355141829,1.75,9.175,3.10956235475317,2.73773614358392
4,2,3,0.166666666666667,0.958333333333333,1.19438355141829,1.75,9.5875,3.10956235475317,2.58210628685498
4,2,3,0.166666666666667,1,1.19438355141829,1.75,10,3.10956235475317,2.40227542249362
4,2,3,0.208333333333333,0,1.19438355141829,2.1625,0.1,3.10956235475317,0.934650736735829
4,2,3,0.208333333333333,0.0416666666666667,1.19438355141829,2.1625,0.5125,3.10956235475317,1.22154255056931
4,2,3,0.208333333333333,0.0833333333333333,1.19438355141829,2.1625,0.925,3.10956235475317,1.50494139024239
4,2,3,0.208333333333333,0.125,1.19438355141829,2.1625,1.3375,3.10956235475317,1.75972512736862
4,2,3,0.208333333333333,0.166666666666667,1.19438355141829,2.1625,1.75,3.10956235475317,1.96530183283796
4,2,3,0.208333333333333,0.208333333333333,1.19438355141829,2.1625,2.1625,3.10956235475317,2.10576117796786
4,2,3,0.208333333333333,0.25,1.19438355141829,2.1625,2.575,3.10956235475317,2.17124442203734
4,2,3,0.208333333333333,0.291666666666667,1.19438355141829,2.1625,2.9875,3.10956235475317,2.15875254375924
4,2,3,0.208333333333333,0.333333333333333,1.19438355141829,2.1625,3.4,3.10956235475317,2.07232162695168
4,2,3,0.208333333333333,0.375,1.19438355141829,2.1625,3.8125,3.10956235475317,1.92255350069235
4,2,3,0.208333333333333,0.416666666666667,1.19438355141829,2.1625,4.225,3.10956235475317,1.72557400723127
4,2,3,0.208333333333333,0.458333333333333,1.19438355141829,2.1625,4.6375,3.10956235475317,1.50149518243383
4,2,3,0.208333333333333,0.5,1.19438355141829,2.1625,5.05,3.10956235475317,1.27254279657221
4,2,3,0.208333333333333,0.541666666666667,1.19438355141829,2.1625,5.4625,3.10956235475317,1.06101748916168
4,2,3,0.208333333333333,0.583333333333333,1.19438355141829,2.1625,5.875,3.10956235475317,0.88727742544942
4,2,3,0.208333333333333,0.625,1.19438355141829,2.1625,6.2875,3.10956235475317,0.767926435772229
4,2,3,0.208333333333333,0.666666666666667,1.19438355141829,2.1625,6.7,3.10956235475317,0.714374265938113
4,2,3,0.208333333333333,0.708333333333333,1.19438355141829,2.1625,7.1125,3.10956235475317,0.731894717277384
4,2,3,0.208333333333333,0.75,1.19438355141829,2.1625,7.525,3.10956235475317,0.819265995889312
4,2,3,0.208333333333333,0.791666666666667,1.19438355141829,2.1625,7.9375,3.10956235475317,0.969012107041654
4,2,3,0.208333333333333,0.833333333333333,1.19438355141829,2.1625,8.35,3.10956235475317,1.16821287558571
4,2,3,0.208333333333333,0.875,1.19438355141829,2.1625,8.7625,3.10956235475317,1.39979381046888
4,2,3,0.208333333333333,0.916666666666667,1.19438355141829,2.1625,9.175,3.10956235475317,1.64416330174821
4,2,3,0.208333333333333,0.958333333333333,1.19438355141829,2.1625,9.5875,3.10956235475317,1.88103529927471
4,2,3,0.208333333333333,1,1.19438355141829,2.1625,10,3.10956235475317,2.09126443152748
4,2,3,0.25,0,1.19438355141829,2.575,0.1,3.10956235475317,0.774311772399092
4,2,3,0.25,0.0416666666666667,1.19438355141829,2.575,0.5125,3.10956235475317,0.5325566961258
4,2,3,0.25,0.0833333333333333,1.19438355141829,2.575,0.925,3.10956235475317,0.350790564616689
4,2,3,0.25,0.125,1.19438355141829,2.575,1.3375,3.10956235475317,0.242315004971416
4,2,3,0.25,0.166666666666667,1.19438355141829,2.575,1.75,3.10956235475317,0.213883299946784
4,2,3,0.25,0.208333333333333,1.19438355141829,2.575,2.1625,3.10956235475317,0.265157325654506
4,2,3,0.25,0.25,1.19438355141829,2.575,2.575,3.10956235475317,0.388811432081772
4,2,3,0.25,0.291666666666667,1.19438355141829,2.575,2.9875,3.10956235475317,0.571271130979245
4,2,3,0.25,0.333333333333333,1.19438355141829,2.575,3.4,3.10956235475317,0.793994039894489
4,2,3,0.25,0.375,1.19438355141829,2.575,3.8125,3.10956235475317,1.03520262580704
4,2,3,0.25,0.416666666666667,1.19438355141829,2.575,4.225,3.10956235475317,1.27187621575589
4,2,3,0.25,0.458333333333333,1.19438355141829,2.575,4.6375,3.10956235475317,1.48182988824328
4,2,3,0.25,0.5,1.19438355141829,2.575,5.05,3.10956235475317,1.64569154134351
4,2,3,0.25,0.541666666666667,1.19438355141829,2.575,5.4625,3.10956235475317,1.74859947363509
4,2,3,0.25,0.583333333333333,1.19438355141829,2.575,5.875,3.10956235475317,1.78146878701128
4,2,3,0.25,0.625,1.19438355141829,2.575,6.2875,3.10956235475317,1.741714869582
4,2,3,0.25,0.666666666666667,1.19438355141829,2.575,6.7,3.10956235475317,1.63337235828777
4,2,3,0.25,0.708333333333333,1.19438355141829,2.575,7.1125,3.10956235475317,1.46660690976511
4,2,3,0.25,0.75,1.19438355141829,2.575,7.525,3.10956235475317,1.25667457238461
4,2,3,0.25,0.791666666666667,1.19438355141829,2.575,7.9375,3.10956235475317,1.02243289155696
4,2,3,0.25,0.833333333333333,1.19438355141829,2.575,8.35,3.10956235475317,0.784552248964778
4,2,3,0.25,0.875,1.19438355141829,2.575,8.7625,3.10956235475317,0.563600869877736
4,2,3,0.25,0.916666666666667,1.19438355141829,2.575,9.175,3.10956235475317,0.378186927653723
4,2,3,0.25,0.958333333333333,1.19438355141829,2.575,9.5875,3.10956235475317,0.243330097434947
4,2,3,0.25,1,1.19438355141829,2.575,10,3.10956235475317,0.169208701409015
4,2,3,0.291666666666667,0,1.19438355141829,2.9875,0.1,3.10956235475317,1.86931248571969
4,2,3,0.291666666666667,0.0416666666666667,1.19438355141829,2.9875,0.5125,3.10956235475317,1.89833155245177
4,2,3,0.291666666666667,0.0833333333333333,1.19438355141829,2.9875,0.925,3.10956235475317,1.84943350286529
4,2,3,0.291666666666667,0.125,1.19438355141829,2.9875,1.3375,3.10956235475317,1.72584978471102
4,2,3,0.291666666666667,0.166666666666667,1.19438355141829,2.9875,1.75,3.10956235475317,1.5376135779763
4,2,3,0.291666666666667,0.208333333333333,1.19438355141829,2.9875,2.1625,3.10956235475317,1.30056846395447
4,2,3,0.291666666666667,0.25,1.19438355141829,2.9875,2.575,3.10956235475317,1.03486438854072
4,2,3,0.291666666666667,0.291666666666667,1.19438355141829,2.9875,2.9875,3.10956235475317,0.763077887343887
4,2,3,0.291666666666667,0.333333333333333,1.19438355141829,2.9875,3.4,3.10956235475317,0.508133924493758
4,2,3,0.291666666666667,0.375,1.19438355141829,2.9875,3.8125,3.10956235475317,0.291234066722627
4,2,3,0.291666666666667,0.416666666666667,1.19438355141829,2.9875,4.225,3.10956235475317,0.129959902936814
4,2,3,0.291666666666667,0.458333333333333,1.19438355141829,2.9875,4.6375,3.10956235475317,0.0367341555279299
4,2,3,0.291666666666667,0.5,1.19438355141829,2.9875,5.05,3.10956235475317,0.0177685167329843
4,2,3,0.291666666666667,0.541666666666667,1.19438355141829,2.9875,5.4625,3.10956235475317,0.0725875288086539
4,2,3,0.291666666666667,0.583333333333333,1.19438355141829,2.9875,5.875,3.10956235475317,0.194164726277774
4,2,3,0.291666666666667,0.625,1.19438355141829,2.9875,6.2875,3.10956235475317,0.369654964184555
4,2,3,0.291666666666667,0.666666666666667,1.19438355141829,2.9875,6.7,3.10956235475317,0.581646797439451
4,2,3,0.291666666666667,0.708333333333333,1.19438355141829,2.9875,7.1125,3.10956235475317,0.809817454056845
4,2,3,0.291666666666667,0.75,1.19438355141829,2.9875,7.525,3.10956235475317,1.03282870774879
4,2,3,0.291666666666667,0.791666666666667,1.19438355141829,2.9875,7.9375,3.10956235475317,1.2302838197511
4,2,3,0.291666666666667,0.833333333333333,1.19438355141829,2.9875,8.35,3.10956235475317,1.38456020990343
4,2,3,0.291666666666667,0.875,1.19438355141829,2.9875,8.7625,3.10956235475317,1.48234564782439
4,2,3,0.291666666666667,0.916666666666667,1.19438355141829,2.9875,9.175,3.10956235475317,1.51573856360238
4,2,3,0.291666666666667,0.958333333333333,1.19438355141829,2.9875,9.5875,3.10956235475317,1.48281914589697
4,2,3,0.291666666666667,1,1.19438355141829,2.9875,10,3.10956235475317,1.38765619602391
4,2,3,0.333333333333333,0,1.19438355141829,3.4,0.1,3.10956235475317,0
4,2,3,0.333333333333333,0.0416666666666667,1.19438355141829,3.4,0.5125,3.10956235475317,0
4,2,3,0.333333333333333,0.0833333333333333,1.19438355141829,3.4,0.925,3.10956235475317,0
4,2,3,0.333333333333333,0.125,1.19438355141829,3.4,1.3375,3.10956235475317,0.186522367556678
4,2,3,0.333333333333333,0.166666666666667,1.19438355141829,3.4,1.75,3.10956235475317,0.473980414531718
4,2,3,0.333333333333333,0.208333333333333,1.19438355141829,3.4,2.1625,3.10956235475317,0.760065716156515
4,2,3,0.333333333333333,0.25,1.19438355141829,3.4,2.575,3.10956235475317,1.02159054858472
4,2,3,0.333333333333333,0.291666666666667,1.19438355141829,3.4,2.9875,3.10956235475317,1.23800430825862
4,2,3,0.333333333333333,0.333333333333333,1.19438355141829,3.4,3.4,3.10956235475317,1.39319633145788
4,2,3,0.333333333333333,0.375,1.19438355141829,3.4,3.8125,3.10956235475317,1.47685852051507
4,2,3,0.333333333333333,0.416666666666667,1.19438355141829,3.4,4.225,3.10956235475317,1.48530685292999
4,2,3,0.333333333333333,0.458333333333333,1.19438355141829,3.4,4.6375,3.10956235475317,1.42169398997629
4,2,3,0.333333333333333,0.5,1.19438355141829,3.4,5.05,3.10956235475317,1.29560902065862
4,2,3,0.333333333333333,0.541666666666667,1.19438355141829,3.4,5.4625,3.10956235475317,1.12210514735317
4,2,3,0.333333333333333,0.583333333333333,1.19438355141829,3.4,5.875,3.10956235475317,0.920243801720753
4,2,3,0.333333333333333,0.625,1.19438355141829,3.4,6.2875,3.10956235475317,0.711293473694178
4,2,3,0.333333333333333,0.666666666666667,1.19438355141829,3.4,6.7,3.10956235475317,0.516751615228084
4,2,3,0.333333333333333,0.708333333333333,1.19438355141829,3.4,7.1125,3.10956235475317,0.356377502636053
4,2,3,0.333333333333333,0.75,1.19438355141829,3.4,7.525,3.10956235475317,0.246415985906092
4,2,3,0.333333333333333,0.791666666666667,1.19438355141829,3.4,7.9375,3.10956235475317,0.198178125898678
4,2,3,0.333333333333333,0.833333333333333,1.19438355141829,3.4,8.35,3.10956235475317,0.217107759575734
4,2,3,0.333333333333333,0.875,1.19438355141829,3.4,8.7625,3.10956235475317,0.302414696952434
4,2,3,0.333333333333333,0.916666666666667,1.19438355141829,3.4,9.175,3.10956235475317,0.447297414973291
4,2,3,0.333333333333333,0.958333333333333,1.19438355141829,3.4,9.5875,3.10956235475317,0.639718519702097
4,2,3,0.333333333333333,1,1.19438355141829,3.4,10,3.10956235475317,0.863641878574847
4,2,3,0.375,0,1.19438355141829,3.8125,0.1,3.10956235475317,0.0466402919526205
4,2,3,0.375,0.0416666666666667,1.19438355141829,3.8125,0.5125,3.10956235475317,0
4,2,3,0.375,0.0833333333333333,1.19438355141829,3.8125,0.925,3.10956235475317,0
4,2,3,0.375,0.125,1.19438355141829,3.8125,1.3375,3.10956235475317,0
4,2,3,0.375,0.166666666666667,1.19438355141829,3.8125,1.75,3.10956235475317,0
4,2,3,0.375,0.208333333333333,1.19438355141829,3.8125,2.1625,3.10956235475317,0
4,2,3,0.375,0.25,1.19438355141829,3.8125,2.575,3.10956235475317,0
4,2,3,0.375,0.291666666666667,1.19438355141829,3.8125,2.9875,3.10956235475317,0
4,2,3,0.375,0.333333333333333,1.19438355141829,3.8125,3.4,3.10956235475317,0
4,2,3,0.375,0.375,1.19438355141829,3.8125,3.8125,3.10956235475317,0
4,2,3,0.375,0.416666666666667,1.19438355141829,3.8125,4.225,3.10956235475317,0
4,2,3,0.375,0.458333333333333,1.19438355141829,3.8125,4.6375,3.10956235475317,0.194952858915583
4,2,3,0.375,0.5,1.19438355141829,3.8125,5.05,3.10956235475317,0.524866098513163
4,2,3,0.375,0.541666666666667,1.19438355141829,3.8125,5.4625,3.10956235475317,0.851779324461407
4,2,3,0.375,0.583333333333333,1.19438355141829,3.8125,5.875,3.10956235475317,1.15378853066267
4,2,3,0.375,0.625,1.19438355141829,3.8125,6.2875,3.10956235475317,1.41157203277434
4,2,3,0.375,0.666666666666667,1.19438355141829,3.8125,6.7,3.10956235475317,1.61006830564078
4,2,3,0.375,0.708333333333333,1.19438355141829,3.8125,7.1125,3.10956235475317,1.73974263750471
4,2,3,0.375,0.75,1.19438355141829,3.8125,7.525,3.10956235475317,1.79732852523272
4,2,3,0.375,0.791666666666667,1.19438355141829,3.8125,7.9375,3.10956235475317,1.7859805016432
4,2,3,0.375,0.833333333333333,1.19438355141829,3.8125,8.35,3.10956235475317,1.71483002811283
4,2,3,0.375,0.875,1.19438355141829,3.8125,8.7625,3.10956235475317,1.59799580648563
4,2,3,0.375,0.916666666666667,1.19438355141829,3.8125,9.175,3.10956235475317,1.4531535231363
4,2,3,0.375,0.958333333333333,1.19438355141829,3.8125,9.5875,3.10956235475317,1.29981520955561
4,2,3,0.375,1,1.19438355141829,3.8125,10,3.10956235475317,1.15749238509582
4,2,3,0.416666666666667,0,1.19438355141829,4.225,0.1,3.10956235475317,0
4,2,3,0.416666666666667,0.0416666666666667,1.19438355141829,4.225,0.5125,3.10956235475317,0.188935813801071
4,2,3,0.416666666666667,0.0833333333333333,1.19438355141829,4.225,0.925,3.10956235475317,0.458595149014127
4,2,3,0.416666666666667,0.125,1.19438355141829,4.225,1.3375,3.10956235475317,0.668880976381889
4,2,3,0.416666666666667,0.166666666666667,1.19438355141829,4.225,1.75,3.10956235475317,0.808512863877623
4,2,3,0.416666666666667,0.208333333333333,1.19438355141829,4.225,2.1625,3.10956235475317,0.872902532449579
4,2,3,0.416666666666667,0.25,1.19438355141829,4.225,2.575,3.10956235475317,0.864447062565758
4,2,3,0.416666666666667,0.291666666666667,1.19438355141829,4.225,2.9875,3.10956235475317,0.792203948203689
4,2,3,0.416666666666667,0.333333333333333,1.19438355141829,4.225,3.4,3.10956235475317,0.670954360051935
4,2,3,0.416666666666667,0.375,1.19438355141829,4.225,3.8125,3.10956235475317,0.51976569056105
4,2,3,0.416666666666667,0.416666666666667,1.19438355141829,4.225,4.225,3.10956235475317,0.360186747907934
4,2,3,0.416666666666667,0.458333333333333,1.19438355141829,4.225,4.6375,3.10956235475317,0.214246081860568
4,2,3,0.416666666666667,0.5,1.19438355141829,4.225,5.05,3.10956235475317,0.102436325326333
4,2,3,0.416666666666667,0.541666666666667,1.19438355141829,4.225,5.4625,3.10956235475317,0.0418616792087222
4,2,3,0.416666666666667,0.583333333333333,1.19438355141829,4.225,5.875,3.10956235475317,0.0447147701366748
4,2,3,0.416666666666667,0.625,1.19438355141829,4.225,6.2875,3.10956235475317,0.117216955346303
4,2,3,0.416666666666667,0.666666666666667,1.19438355141829,4.225,6.7,3.10956235475317,0.259120634206537
4,2,3,0.416666666666667,0.708333333333333,1.19438355141829,4.225,7.1125,3.10956235475317,0.463811294159283
4,2,3,0.416666666666667,0.75,1.19438355141829,4.225,7.525,3.10956235475317,0.718997838391115
4,2,3,0.416666666666667,0.791666666666667,1.19438355141829,4.225,7.9375,3.10956235475317,1.00792165402645
4,2,3,0.416666666666667,0.833333333333333,1.19438355141829,4.225,8.35,3.10956235475317,1.31096413388166
4,2,3,0.416666666666667,0.875,1.19438355141829,4.225,8.7625,3.10956235475317,1.60749303483956
4,2,3,0.416666666666667,0.916666666666667,1.19438355141829,4.225,9.175,3.10956235475317,1.87776309693555
4,2,3,0.416666666666667,0.958333333333333,1.19438355141829,4.225,9.5875,3.10956235475317,2.10468546860012
4,2,3,0.416666666666667,1,1.19438355141829,4.225,10,3.10956235475317,2.2752965407099
4,2,3,0.458333333333333,0,1.19438355141829,4.6375,0.1,3.10956235475317,0
4,2,3,0.458333333333333,0.0416666666666667,1.19438355141829,4.6375,0.5125,3.10956235475317,0
4,2,3,0.458333333333333,0.0833333333333333,1.19438355141829,4.6375,0.925,3.10956235475317,0
4,2,3,0.458333333333333,0.125,1.19438355141829,4.6375,1.3375,3.10956235475317,0
4,2,3,0.458333333333333,0.166666666666667,1.19438355141829,4.6375,1.75,3.10956235475317,0
4,2,3,0.458333333333333,0.208333333333333,1.19438355141829,4.6375,2.1625,3.10956235475317,0
4,2,3,0.458333333333333,0.25,1.19438355141829,4.6375,2.575,3.10956235475317,0.235366004480152
4,2,3,0.458333333333333,0.291666666666667,1.19438355141829,4.6375,2.9875,3.10956235475317,0.534469487455809
4,2,3,0.458333333333333,0.333333333333333,1.19438355141829,4.6375,3.4,3.10956235475317,0.833049832255676
4,2,3,0.458333333333333,0.375,1.19438355141829,4.6375,3.8125,3.10956235475317,1.10854674860638
4,2,3,0.458333333333333,0.416666666666667,1.19438355141829,4.6375,4.225,3.10956235475317,1.34083626919783
4,2,3,0.458333333333333,0.458333333333333,1.19438355141829,4.6375,4.6375,3.10956235475317,1.51397691975443
4,2,3,0.458333333333333,0.5,1.19438355141829,4.6375,5.05,3.10956235475317,1.61755956494964
4,2,3,0.458333333333333,0.541666666666667,1.19438355141829,4.6375,5.4625,3.10956235475317,1.64754648604399
4,2,3,0.458333333333333,0.583333333333333,1.19438355141829,4.6375,5.875,3.10956235475317,1.6065262671067
4,2,3,0.458333333333333,0.625,1.19438355141829,4.6375,6.2875,3.10956235475317,1.50336664082424
4,2,3,0.458333333333333,0.666666666666667,1.19438355141829,4.6375,6.7,3.10956235475317,1.35230210795187
4,2,3,0.458333333333333,0.708333333333333,1.19438355141829,4.6375,7.1125,3.10956235475317,1.17154288165034
4,2,3,0.458333333333333,0.75,1.19438355141829,4.6375,7.525,3.10956235475317,0.981538360093731
4,2,3,0.458333333333333,0.791666666666667,1.19438355141829,4.6375,7.9375,3.10956235475317,0.803060690884245
4,2,3,0.458333333333333,0.833333333333333,1.19438355141829,4.6375,8.35,3.10956235475317,0.655292455672233
4,2,3,0.458333333333333,0.875,1.19438355141829,4.6375,8.7625,3.10956235475317,0.554102104953825
4,2,3,0.458333333333333,0.916666666666667,1.19438355141829,4.6375,9.175,3.10956235475317,0.510671181501859
4,2,3,0.458333333333333,0.958333333333333,1.19438355141829,4.6375,9.5875,3.10956235475317,0.530598947110979
4,2,3,0.458333333333333,1,1.19438355141829,4.6375,10,3.10956235475317,0.613556769997717
4,2,3,0.5,0,1.19438355141829,5.05,0.1,3.10956235475317,1.85671804616785
4,2,3,0.5,0.0416666666666667,1.19438355141829,5.05,0.5125,3.10956235475317,1.72280146068271
4,2,3,0.5,0.0833333333333333,1.19438355141829,5.05,0.925,3.10956235475317,1.52367074664304
4,2,3,0.5,0.125,1.19438355141829,5.05,1.3375,3.10956235475317,1.27411901701442
4,2,3,0.5,0.166666666666667,1.19438355141829,5.05,1.75,3.10956235475317,0.993539699957075
4,2,3,0.5,0.208333333333333,1.19438355141829,5.05,2.1625,3.10956235475317,0.704115392650541
4,2,3,0.5,0.25,1.19438355141829,5.05,2.575,3.10956235475317,0.42878252418548
4,2,3,0.5,0.291666666666667,1.19438355141829,5.05,2.9875,3.10956235475317,0.189149528449175
4,2,3,0.5,0.333333333333333,1.19438355141829,5.05,3.4,3.10956235475317,0.00356708008689122
4,2,3,0.5,0.375,1.19438355141829,5.05,3.8125,3.10956235475317,0
4,2,3,0.5,0.416666666666667,1.19438355141829,5.05,4.225,3.10956235475317,0
4,2,3,0.5,0.458333333333333,1.19438355141829,5.05,4.6375,3.10956235475317,0
4,2,3,0.5,0.5,1.19438355141829,5.05,5.05,3.10956235475317,0
4,2,3,0.5,0.541666666666667,1.19438355141829,5.05,5.4625,3.10956235475317,0.139546919030485
4,2,3,0.5,0.583333333333333,1.19438355141829,5.05,5.875,3.10956235475317,0.342657409971989
4,2,3,0.5,0.625,1.19438355141829,5.05,6.2875,3.10956235475317,0.567670353077612
4,2,3,0.5,0.666666666666667,1.19438355141829,5.05,6.7,3.10956235475317,0.793255747258718
4,2,3,0.5,0.708333333333333,1.19438355141829,5.05,7.1125,3.10956235475317,0.998598477549578
4,2,3,0.5,0.75,1.19438355141829,5.05,7.525,3.10956235475317,1.16528382658183
4,2,3,0.5,0.791666666666667,1.19438355141829,5.05,7.9375,3.10956235475317,1.27893278048218
4,2,3,0.5,0.833333333333333,1.19438355141829,5.05,8.35,3.10956235475317,1.33043390253846
4,2,3,0.5,0.875,1.19438355141829,5.05,8.7625,3.10956235475317,1.31665733258594
4,2,3,0.5,0.916666666666667,1.19438355141829,5.05,9.175,3.10956235475317,1.24059113991272
4,2,3,0.5,0.958333333333333,1.19438355141829,5.05,9.5875,3.10956235475317,1.11089908585636
4,2,3,0.5,1,1.19438355141829,5.05,10,3.10956235475317,0.940960879109491
4,2,3,0.541666666666667,0,1.19438355141829,5.4625,0.1,3.10956235475317,0.882701309956347
4,2,3,0.541666666666667,0.0416666666666667,1.19438355141829,5.4625,0.5125,3.10956235475317,1.00488235487025
4,2,3,0.541666666666667,0.0833333333333333,1.19438355141829,5.4625,0.925,3.10956235475317,1.15522103698333
4,2,3,0.541666666666667,0.125,1.19438355141829,5.4625,1.3375,3.10956235475317,1.31064027975091
4,2,3,0.541666666666667,0.166666666666667,1.19438355141829,5.4625,1.75,3.10956235475317,1.44824845837493
4,2,3,0.541666666666667,0.208333333333333,1.19438355141829,5.4625,2.1625,3.10956235475317,1.54741210360867
4,2,3,0.541666666666667,0.25,1.19438355141829,5.4625,2.575,3.10956235475317,1.59158441384402
4,2,3,0.541666666666667,0.291666666666667,1.19438355141829,5.4625,2.9875,3.10956235475317,1.5697425408703
4,2,3,0.541666666666667,0.333333333333333,1.19438355141829,5.4625,3.4,3.10956235475317,1.47730696477603
4,2,3,0.541666666666667,0.375,1.19438355141829,5.4625,3.8125,3.10956235475317,1.3164690717752
4,2,3,0.541666666666667,0.416666666666667,1.19438355141829,5.4625,4.225,3.10956235475317,1.09590770906597
4,2,3,0.541666666666667,0.458333333333333,1.19438355141829,5.4625,4.6375,3.10956235475317,0.8299272515015
4,2,3,0.541666666666667,0.5,1.19438355141829,5.4625,5.05,3.10956235475317,0.537101540387797
4,2,3,0.541666666666667,0.541666666666667,1.19438355141829,5.4625,5.4625,3.10956235475317,0.238547742955951
4,2,3,0.541666666666667,0.583333333333333,1.19438355141829,5.4625,5.875,3.10956235475317,0
4,2,3,0.541666666666667,0.625,1.19438355141829,5.4625,6.2875,3.10956235475317,0
4,2,3,0.541666666666667,0.666666666666667,1.19438355141829,5.4625,6.7,3.10956235475317,0
4,2,3,0.541666666666667,0.708333333333333,1.19438355141829,5.4625,7.1125,3.10956235475317,0
4,2,3,0.541666666666667,0.75,1.19438355141829,5.4625,7.525,3.10956235475317,0
4,2,3,0.541666666666667,0.791666666666667,1.19438355141829,5.4625,7.9375,3.10956235475317,0
4,2,3,0.541666666666667,0.833333333333333,1.19438355141829,5.4625,8.35,3.10956235475317,0
4,2,3,0.541666666666667,0.875,1.19438355141829,5.4625,8.7625,3.10956235475317,0
4,2,3,0.541666666666667,0.916666666666667,1.19438355141829,5.4625,9.175,3.10956235475317,0
4,2,3,0.541666666666667,0.958333333333333,1.19438355141829,5.4625,9.5875,3.10956235475317,0
4,2,3,0.541666666666667,1,1.19438355141829,5.4625,10,3.10956235475317,0.180121312623575
4,2,3,0.583333333333333,0,1.19438355141829,5.875,0.1,3.10956235475317,1.45939119896653
4,2,3,0.583333333333333,0.0416666666666667,1.19438355141829,5.875,0.5125,3.10956235475317,1.06157664944214
4,2,3,0.583333333333333,0.0833333333333333,1.19438355141829,5.875,0.925,3.10956235475317,0.701283397069408
4,2,3,0.583333333333333,0.125,1.19438355141829,5.875,1.3375,3.10956235475317,0.398011376859747
4,2,3,0.583333333333333,0.166666666666667,1.19438355141829,5.875,1.75,3.10956235475317,0.166415461716078
4,2,3,0.583333333333333,0.208333333333333,1.19438355141829,5.875,2.1625,3.10956235475317,0.0150588187145288
4,2,3,0.583333333333333,0.25,1.19438355141829,5.875,2.575,3.10956235475317,0
4,2,3,0.583333333333333,0.291666666666667,1.19438355141829,5.875,2.9875,3.10956235475317,0
4,2,3,0.583333333333333,0.333333333333333,1.19438355141829,5.875,3.4,3.10956235475317,0.0268139773022835
4,2,3,0.583333333333333,0.375,1.19438355141829,5.875,3.8125,3.10956235475317,0.149473693090265
4,2,3,0.583333333333333,0.416666666666667,1.19438355141829,5.875,4.225,3.10956235475317,0.301355722051575
4,2,3,0.583333333333333,0.458333333333333,1.19438355141829,5.875,4.6375,3.10956235475317,0.460678312842853
4,2,3,0.583333333333333,0.5,1.19438355141829,5.875,5.05,3.10956235475317,0.605909781823861
4,2,3,0.583333333333333,0.541666666666667,1.19438355141829,5.875,5.4625,3.10956235475317,0.717708424399277
4,2,3,0.583333333333333,0.583333333333333,1.19438355141829,5.875,5.875,3.10956235475317,0.780641524870097
4,2,3,0.583333333333333,0.625,1.19438355141829,5.875,6.2875,3.10956235475317,0.784524947858615
4,2,3,0.583333333333333,0.666666666666667,1.19438355141829,5.875,6.7,3.10956235475317,0.725263399206232
4,2,3,0.583333333333333,0.708333333333333,1.19438355141829,5.875,7.1125,3.10956235475317,0.605117761492295
4,2,3,0.583333333333333,0.75,1.19438355141829,5.875,7.525,3.10956235475317,0.43237867705426
4,2,3,0.583333333333333,0.791666666666667,1.19438355141829,5.875,7.9375,3.10956235475317,0.220482694406599
4,2,3,0.583333333333333,0.833333333333333,1.19438355141829,5.875,8.35,3.10956235475317,0
4,2,3,0.583333333333333,0.875,1.19438355141829,5.875,8.7625,3.10956235475317,0
4,2,3,0.583333333333333,0.916666666666667,1.19438355141829,5.875,9.175,3.10956235475317,0
4,2,3,0.583333333333333,0.958333333333333,1.19438355141829,5.875,9.5875,3.10956235475317,0
4,2,3,0.583333333333333,1,1.19438355141829,5.875,10,3.10956235475317,0
4,2,3,0.625,0,1.19438355141829,6.2875,0.1,3.10956235475317,1.93940721470236
4,2,3,0.625,0.0416666666666667,1.19438355141829,6.2875,0.5125,3.10956235475317,1.93728610196718
4,2,3,0.625,0.0833333333333333,1.19438355141829,6.2875,0.925,3.10956235475317,1.86993089697637
4,2,3,0.625,0.125,1.19438355141829,6.2875,1.3375,3.10956235475317,1.73204636943956
4,2,3,0.625,0.166666666666667,1.19438355141829,6.2875,1.75,3.10956235475317,1.52527382607103
4,2,3,0.625,0.208333333333333,1.19438355141829,6.2875,2.1625,3.10956235475317,1.25796887839433
4,2,3,0.625,0.25,1.19438355141829,6.2875,2.575,3.10956235475317,0.944374534981967
4,2,3,0.625,0.291666666666667,1.19438355141829,6.2875,2.9875,3.10956235475317,0.603273630235767
4,2,3,0.625,0.333333333333333,1.19438355141829,6.2875,3.4,3.10956235475317,0.256252352564398
4,2,3,0.625,0.375,1.19438355141829,6.2875,3.8125,3.10956235475317,0
4,2,3,0.625,0.416666666666667,1.19438355141829,6.2875,4.225,3.10956235475317,0
4,2,3,0.625,0.458333333333333,1.19438355141829,6.2875,4.6375,3.10956235475317,0
4,2,3,0.625,0.5,1.19438355141829,6.2875,5.05,3.10956235475317,0
4,2,3,0.625,0.541666666666667,1.19438355141829,6.2875,5.4625,3.10956235475317,0
4,2,3,0.625,0.583333333333333,1.19438355141829,6.2875,5.875,3.10956235475317,0
4,2,3,0.625,0.625,1.19438355141829,6.2875,6.2875,3.10956235475317,0
4,2,3,0.625,0.666666666666667,1.19438355141829,6.2875,6.7,3.10956235475317,0
4,2,3,0.625,0.708333333333333,1.19438355141829,6.2875,7.1125,3.10956235475317,0
4,2,3,0.625,0.75,1.19438355141829,6.2875,7.525,3.10956235475317,0
4,2,3,0.625,0.791666666666667,1.19438355141829,6.2875,7.9375,3.10956235475317,0
4,2,3,0.625,0.833333333333333,1.19438355141829,6.2875,8.35,3.10956235475317,0.0866791312950587
4,2,3,0.625,0.875,1.19438355141829,6.2875,8.7625,3.10956235475317,0.249395544543966
4,2,3,0.625,0.916666666666667,1.19438355141829,6.2875,9.175,3.10956235475317,0.366893021787166
4,2,3,0.625,0.958333333333333,1.19438355141829,6.2875,9.5875,3.10956235475317,0.429882088173409
4,2,3,0.625,1,1.19438355141829,6.2875,10,3.10956235475317,0.434685154143477
4,2,3,0.666666666666667,0,1.19438355141829,6.7,0.1,3.10956235475317,0
4,2,3,0.666666666666667,0.0416666666666667,1.19438355141829,6.7,0.5125,3.10956235475317,0
4,2,3,0.666666666666667,0.0833333333333333,1.19438355141829,6.7,0.925,3.10956235475317,0
4,2,3,0.666666666666667,0.125,1.19438355141829,6.7,1.3375,3.10956235475317,0
4,2,3,0.666666666666667,0.166666666666667,1.19438355141829,6.7,1.75,3.10956235475317,0
4,2,3,0.666666666666667,0.208333333333333,1.19438355141829,6.7,2.1625,3.10956235475317,0
4,2,3,0.666666666666667,0.25,1.19438355141829,6.7,2.575,3.10956235475317,0.143041862064722
4,2,3,0.666666666666667,0.291666666666667,1.19438355141829,6.7,2.9875,3.10956235475317,0.283584636566713
4,2,3,0.666666666666667,0.333333333333333,1.19438355141829,6.7,3.4,3.10956235475317,0.392049404861359
4,2,3,0.666666666666667,0.375,1.19438355141829,6.7,3.8125,3.10956235475317,0.451888598736214
4,2,3,0.666666666666667,0.416666666666667,1.19438355141829,6.7,4.225,3.10956235475317,0.45179744251371
4,2,3,0.666666666666667,0.458333333333333,1.19438355141829,6.7,4.6375,3.10956235475317,0.386646164875663
4,2,3,0.666666666666667,0.5,1.19438355141829,6.7,5.05,3.10956235475317,0.257842703551051
4,2,3,0.666666666666667,0.541666666666667,1.19438355141829,6.7,5.4625,3.10956235475317,0.0731014688484169
4,2,3,0.666666666666667,0.583333333333333,1.19438355141829,6.7,5.875,3.10956235475317,0
4,2,3,0.666666666666667,0.625,1.19438355141829,6.7,6.2875,3.10956235475317,0
4,2,3,0.666666666666667,0.666666666666667,1.19438355141829,6.7,6.7,3.10956235475317,0
4,2,3,0.666666666666667,0.708333333333333,1.19438355141829,6.7,7.1125,3.10956235475317,0
4,2,3,0.666666666666667,0.75,1.19438355141829,6.7,7.525,3.10956235475317,0
4,2,3,0.666666666666667,0.791666666666667,1.19438355141829,6.7,7.9375,3.10956235475317,0
4,2,3,0.666666666666667,0.833333333333333,1.19438355141829,6.7,8.35,3.10956235475317,0
4,2,3,0.666666666666667,0.875,1.19438355141829,6.7,8.7625,3.10956235475317,0
4,2,3,0.666666666666667,0.916666666666667,1.19438355141829,6.7,9.175,3.10956235475317,0
4,2,3,0.666666666666667,0.958333333333333,1.19438355141829,6.7,9.5875,3.10956235475317,0
4,2,3,0.666666666666667,1,1.19438355141829,6.7,10,3.10956235475317,0
4,2,3,0.708333333333333,0,1.19438355141829,7.1125,0.1,3.10956235475317,0.676546673484054
4,2,3,0.708333333333333,0.0416666666666667,1.19438355141829,7.1125,0.5125,3.10956235475317,0.329697387178076
4,2,3,0.708333333333333,0.0833333333333333,1.19438355141829,7.1125,0.925,3.10956235475317,0
4,2,3,0.708333333333333,0.125,1.19438355141829,7.1125,1.3375,3.10956235475317,0
4,2,3,0.708333333333333,0.166666666666667,1.19438355141829,7.1125,1.75,3.10956235475317,0
4,2,3,0.708333333333333,0.208333333333333,1.19438355141829,7.1125,2.1625,3.10956235475317,0
4,2,3,0.708333333333333,0.25,1.19438355141829,7.1125,2.575,3.10956235475317,0
4,2,3,0.708333333333333,0.291666666666667,1.19438355141829,7.1125,2.9875,3.10956235475317,0
4,2,3,0.708333333333333,0.333333333333333,1.19438355141829,7.1125,3.4,3.10956235475317,0
4,2,3,0.708333333333333,0.375,1.19438355141829,7.1125,3.8125,3.10956235475317,0
4,2,3,0.708333333333333,0.416666666666667,1.19438355141829,7.1125,4.225,3.10956235475317,0
4,2,3,0.708333333333333,0.458333333333333,1.19438355141829,7.1125,4.6375,3.10956235475317,0
4,2,3,0.708333333333333,0.5,1.19438355141829,7.1125,5.05,3.10956235475317,0
4,2,3,0.708333333333333,0.541666666666667,1.19438355141829,7.1125,5.4625,3.10956235475317,0
4,2,3,0.708333333333333,0.583333333333333,1.19438355141829,7.1125,5.875,3.10956235475317,0
4,2,3,0.708333333333333,0.625,1.19438355141829,7.1125,6.2875,3.10956235475317,0
4,2,3,0.708333333333333,0.666666666666667,1.19438355141829,7.1125,6.7,3.10956235475317,0
4,2,3,0.708333333333333,0.708333333333333,1.19438355141829,7.1125,7.1125,3.10956235475317,0
4,2,3,0.708333333333333,0.75,1.19438355141829,7.1125,7.525,3.10956235475317,0
4,2,3,0.708333333333333,0.791666666666667,1.19438355141829,7.1125,7.9375,3.10956235475317,0
4,2,3,0.708333333333333,0.833333333333333,1.19438355141829,7.1125,8.35,3.10956235475317,0
4,2,3,0.708333333333333,0.875,1.19438355141829,7.1125,8.7625,3.10956235475317,0
4,2,3,0.708333333333333,0.916666666666667,1.19438355141829,7.1125,9.175,3.10956235475317,0
4,2,3,0.708333333333333,0.958333333333333,1.19438355141829,7.1125,9.5875,3.10956235475317,0
4,2,3,0.708333333333333,1,1.19438355141829,7.1125,10,3.10956235475317,0
4,2,3,0.75,0,1.19438355141829,7.525,0.1,3.10956235475317,0
4,2,3,0.75,0.0416666666666667,1.19438355141829,7.525,0.5125,3.10956235475317,0
4,2,3,0.75,0.0833333333333333,1.19438355141829,7.525,0.925,3.10956235475317,0
4,2,3,0.75,0.125,1.19438355141829,7.525,1.3375,3.10956235475317,0
4,2,3,0.75,0.166666666666667,1.19438355141829,7.525,1.75,3.10956235475317,0.0166770325096478
4,2,3,0.75,0.208333333333333,1.19438355141829,7.525,2.1625,3.10956235475317,0
4,2,3,0.75,0.25,1.19438355141829,7.525,2.575,3.10956235475317,0
4,2,3,0.75,0.291666666666667,1.19438355141829,7.525,2.9875,3.10956235475317,0
4,2,3,0.75,0.333333333333333,1.19438355141829,7.525,3.4,3.10956235475317,0
4,2,3,0.75,0.375,1.19438355141829,7.525,3.8125,3.10956235475317,0
4,2,3,0.75,0.416666666666667,1.19438355141829,7.525,4.225,3.10956235475317,0
4,2,3,0.75,0.458333333333333,1.19438355141829,7.525,4.6375,3.10956235475317,0
4,2,3,0.75,0.5,1.19438355141829,7.525,5.05,3.10956235475317,0
4,2,3,0.75,0.541666666666667,1.19438355141829,7.525,5.4625,3.10956235475317,0
4,2,3,0.75,0.583333333333333,1.19438355141829,7.525,5.875,3.10956235475317,0
4,2,3,0.75,0.625,1.19438355141829,7.525,6.2875,3.10956235475317,0
4,2,3,0.75,0.666666666666667,1.19438355141829,7.525,6.7,3.10956235475317,0
4,2,3,0.75,0.708333333333333,1.19438355141829,7.525,7.1125,3.10956235475317,0
4,2,3,0.75,0.75,1.19438355141829,7.525,7.525,3.10956235475317,0
4,2,3,0.75,0.791666666666667,1.19438355141829,7.525,7.9375,3.10956235475317,0
4,2,3,0.75,0.833333333333333,1.19438355141829,7.525,8.35,3.10956235475317,0
4,2,3,0.75,0.875,1.19438355141829,7.525,8.7625,3.10956235475317,0
4,2,3,0.75,0.916666666666667,1.19438355141829,7.525,9.175,3.10956235475317,0
4,2,3,0.75,0.958333333333333,1.19438355141829,7.525,9.5875,3.10956235475317,0
4,2,3,0.75,1,1.19438355141829,7.525,10,3.10956235475317,0
4,2,3,0.791666666666667,0,1.19438355141829,7.9375,0.1,3.10956235475317,0
4,2,3,0.791666666666667,0.0416666666666667,1.19438355141829,7.9375,0.5125,3.10956235475317,0
4,2,3,0.791666666666667,0.0833333333333333,1.19438355141829,7.9375,0.925,3.10956235475317,0
4,2,3,0.791666666666667,0.125,1.19438355141829,7.9375,1.3375,3.10956235475317,0
4,2,3,0.791666666666667,0.166666666666667,1.19438355141829,7.9375,1.75,3.10956235475317,0
4,2,3,0.791666666666667,0.208333333333333,1.19438355141829,7.9375,2.1625,3.10956235475317,0
4,2,3,0.791666666666667,0.25,1.19438355141829,7.9375,2.575,3.10956235475317,0
4,2,3,0.791666666666667,0.291666666666667,1.19438355141829,7.9375,2.9875,3.10956235475317,0
4,2,3,0.791666666666667,0.333333333333333,1.19438355141829,7.9375,3.4,3.10956235475317,0
4,2,3,0.791666666666667,0.375,1.19438355141829,7.9375,3.8125,3.10956235475317,0
4,2,3,0.791666666666667,0.416666666666667,1.19438355141829,7.9375,4.225,3.10956235475317,0
4,2,3,0.791666666666667,0.458333333333333,1.19438355141829,7.9375,4.6375,3.10956235475317,0
4,2,3,0.791666666666667,0.5,1.19438355141829,7.9375,5.05,3.10956235475317,0
4,2,3,0.791666666666667,0.541666666666667,1.19438355141829,7.9375,5.4625,3.10956235475317,0
4,2,3,0.791666666666667,0.583333333333333,1.19438355141829,7.9375,5.875,3.10956235475317,0
4,2,3,0.791666666666667,0.625,1.19438355141829,7.9375,6.2875,3.10956235475317,0
4,2,3,0.791666666666667,0.666666666666667,1.19438355141829,7.9375,6.7,3.10956235475317,0
4,2,3,0.791666666666667,0.708333333333333,1.19438355141829,7.9375,7.1125,3.10956235475317,0
4,2,3,0.791666666666667,0.75,1.19438355141829,7.9375,7.525,3.10956235475317,0
4,2,3,0.791666666666667,0.791666666666667,1.19438355141829,7.9375,7.9375,3.10956235475317,0
4,2,3,0.791666666666667,0.833333333333333,1.19438355141829,7.9375,8.35,3.10956235475317,0
4,2,3,0.791666666666667,0.875,1.19438355141829,7.9375,8.7625,3.10956235475317,0
4,2,3,0.791666666666667,0.916666666666667,1.19438355141829,7.9375,9.175,3.10956235475317,0
4,2,3,0.791666666666667,0.958333333333333,1.19438355141829,7.9375,9.5875,3.10956235475317,0
4,2,3,0.791666666666667,1,1.19438355141829,7.9375,10,3.10956235475317,0
4,2,3,0.833333333333333,0,1.19438355141829,8.35,0.1,3.10956235475317,0.435621305461934
4,2,3,0.833333333333333,0.0416666666666667,1.19438355141829,8.35,0.5125,3.10956235475317,0.367727908027264
4,2,3,0.833333333333333,0.0833333333333333,1.19438355141829,8.35,0.925,3.10956235475317,0.229916452063455
4,2,3,0.833333333333333,0.125,1.19438355141829,8.35,1.3375,3.10956235475317,0.028968496790615
4,2,3,0.833333333333333,0.166666666666667,1.19438355141829,8.35,1.75,3.10956235475317,0
4,2,3,0.833333333333333,0.208333333333333,1.19438355141829,8.35,2.1625,3.10956235475317,0
4,2,3,0.833333333333333,0.25,1.19438355141829,8.35,2.575,3.10956235475317,0
4,2,3,0.833333333333333,0.291666666666667,1.19438355141829,8.35,2.9875,3.10956235475317,0
4,2,3,0.833333333333333,0.333333333333333,1.19438355141829,8.35,3.4,3.10956235475317,0
4,2,3,0.833333333333333,0.375,1.19438355141829,8.35,3.8125,3.10956235475317,0
4,2,3,0.833333333333333,0.416666666666667,1.19438355141829,8.35,4.225,3.10956235475317,0
4,2,3,0.833333333333333,0.458333333333333,1.19438355141829,8.35,4.6375,3.10956235475317,0
4,2,3,0.833333333333333,0.5,1.19438355141829,8.35,5.05,3.10956235475317,0
4,2,3,0.833333333333333,0.541666666666667,1.19438355141829,8.35,5.4625,3.10956235475317,0
4,2,3,0.833333333333333,0.583333333333333,1.19438355141829,8.35,5.875,3.10956235475317,0
4,2,3,0.833333333333333,0.625,1.19438355141829,8.35,6.2875,3.10956235475317,0
4,2,3,0.833333333333333,0.666666666666667,1.19438355141829,8.35,6.7,3.10956235475317,0
4,2,3,0.833333333333333,0.708333333333333,1.19438355141829,8.35,7.1125,3.10956235475317,0
4,2,3,0.833333333333333,0.75,1.19438355141829,8.35,7.525,3.10956235475317,0
4,2,3,0.833333333333333,0.791666666666667,1.19438355141829,8.35,7.9375,3.10956235475317,0
4,2,3,0.833333333333333,0.833333333333333,1.19438355141829,8.35,8.35,3.10956235475317,0
4,2,3,0.833333333333333,0.875,1.19438355141829,8.35,8.7625,3.10956235475317,0
4,2,3,0.833333333333333,0.916666666666667,1.19438355141829,8.35,9.175,3.10956235475317,0
4,2,3,0.833333333333333,0.958333333333333,1.19438355141829,8.35,9.5875,3.10956235475317,0
4,2,3,0.833333333333333,1,1.19438355141829,8.35,10,3.10956235475317,0
4,2,3,0.875,0,1.19438355141829,8.7625,0.1,3.10956235475317,0
4,2,3,0.875,0.0416666666666667,1.19438355141829,8.7625,0.5125,3.10956235475317,0
4,2,3,0.875,0.0833333333333333,1.19438355141829,8.7625,0.925,3.10956235475317,0
4,2,3,0.875,0.125,1.19438355141829,8.7625,1.3375,3.10956235475317,0
4,2,3,0.875,0.166666666666667,1.19438355141829,8.7625,1.75,3.10956235475317,0
4,2,3,0.875,0.208333333333333,1.19438355141829,8.7625,2.1625,3.10956235475317,0
4,2,3,0.875,0.25,1.19438355141829,8.7625,2.575,3.10956235475317,0
4,2,3,0.875,0.291666666666667,1.19438355141829,8.7625,2.9875,3.10956235475317,0
4,2,3,0.875,0.333333333333333,1.19438355141829,8.7625,3.4,3.10956235475317,0
4,2,3,0.875,0.375,1.19438355141829,8.7625,3.8125,3.10956235475317,0
4,2,3,0.875,0.416666666666667,1.19438355141829,8.7625,4.225,3.10956235475317,0
4,2,3,0.875,0.458333333333333,1.19438355141829,8.7625,4.6375,3.10956235475317,0
4,2,3,0.875,0.5,1.19438355141829,8.7625,5.05,3.10956235475317,0
4,2,3,0.875,0.541666666666667,1.19438355141829,8.7625,5.4625,3.10956235475317,0
4,2,3,0.875,0.583333333333333,1.19438355141829,8.7625,5.875,3.10956235475317,0
4,2,3,0.875,0.625,1.19438355141829,8.7625,6.2875,3.10956235475317,0
4,2,3,0.875,0.666666666666667,1.19438355141829,8.7625,6.7,3.10956235475317,0
4,2,3,0.875,0.708333333333333,1.19438355141829,8.7625,7.1125,3.10956235475317,0
4,2,3,0.875,0.75,1.19438355141829,8.7625,7.525,3.10956235475317,0
4,2,3,0.875,0.791666666666667,1.19438355141829,8.7625,7.9375,3.10956235475317,0
4,2,3,0.875,0.833333333333333,1.19438355141829,8.7625,8.35,3.10956235475317,0
4,2,3,0.875,0.875,1.19438355141829,8.7625,8.7625,3.10956235475317,0
4,2,3,0.875,0.916666666666667,1.19438355141829,8.7625,9.175,3.10956235475317,0
4,2,3,0.875,0.958333333333333,1.19438355141829,8.7625,9.5875,3.10956235475317,0
4,2,3,0.875,1,1.19438355141829,8.7625,10,3.10956235475317,0
4,2,3,0.916666666666667,0,1.19438355141829,9.175,0.1,3.10956235475317,0
4,2,3,0.916666666666667,0.0416666666666667,1.19438355141829,9.175,0.5125,3.10956235475317,0
4,2,3,0.916666666666667,0.0833333333333333,1.19438355141829,9.175,0.925,3.10956235475317,0
4,2,3,0.916666666666667,0.125,1.19438355141829,9.175,1.3375,3.10956235475317,0
4,2,3,0.916666666666667,0.166666666666667,1.19438355141829,9.175,1.75,3.10956235475317,0
4,2,3,0.916666666666667,0.208333333333333,1.19438355141829,9.175,2.1625,3.10956235475317,0
4,2,3,0.916666666666667,0.25,1.19438355141829,9.175,2.575,3.10956235475317,0
4,2,3,0.916666666666667,0.291666666666667,1.19438355141829,9.175,2.9875,3.10956235475317,0
4,2,3,0.916666666666667,0.333333333333333,1.19438355141829,9.175,3.4,3.10956235475317,0
4,2,3,0.916666666666667,0.375,1.19438355141829,9.175,3.8125,3.10956235475317,0
4,2,3,0.916666666666667,0.416666666666667,1.19438355141829,9.175,4.225,3.10956235475317,0
4,2,3,0.916666666666667,0.458333333333333,1.19438355141829,9.175,4.6375,3.10956235475317,0
4,2,3,0.916666666666667,0.5,1.19438355141829,9.175,5.05,3.10956235475317,0
4,2,3,0.916666666666667,0.541666666666667,1.19438355141829,9.175,5.4625,3.10956235475317,0
4,2,3,0.916666666666667,0.583333333333333,1.19438355141829,9.175,5.875,3.10956235475317,0
4,2,3,0.916666666666667,0.625,1.19438355141829,9.175,6.2875,3.10956235475317,0
4,2,3,0.916666666666667,0.666666666666667,1.19438355141829,9.175,6.7,3.10956235475317,0
4,2,3,0.916666666666667,0.708333333333333,1.19438355141829,9.175,7.1125,3.10956235475317,0
4,2,3,0.916666666666667,0.75,1.19438355141829,9.175,7.525,3.10956235475317,0
4,2,3,0.916666666666667,0.791666666666667,1.19438355141829,9.175,7.9375,3.10956235475317,0
4,2,3,0.916666666666667,0.833333333333333,1.19438355141829,9.175,8.35,3.10956235475317,0
4,2,3,0.916666666666667,0.875,1.19438355141829,9.175,8.7625,3.10956235475317,0
4,2,3,0.916666666666667,0.916666666666667,1.19438355141829,9.175,9.175,3.10956235475317,0
4,2,3,0.916666666666667,0.958333333333333,1.19438355141829,9.175,9.5875,3.10956235475317,0
4,2,3,0.916666666666667,1,1.19438355141829,9.175,10,3.10956235475317,0
4,2,3,0.958333333333333,0,1.19438355141829,9.5875,0.1,3.10956235475317,0
4,2,3,0.958333333333333,0.0416666666666667,1.19438355141829,9.5875,0.5125,3.10956235475317,0
4,2,3,0.958333333333333,0.0833333333333333,1.19438355141829,9.5875,0.925,3.10956235475317,0
4,2,3,0.958333333333333,0.125,1.19438355141829,9.5875,1.3375,3.10956235475317,0
4,2,3,0.958333333333333,0.166666666666667,1.19438355141829,9.5875,1.75,3.10956235475317,0
4,2,3,0.958333333333333,0.208333333333333,1.19438355141829,9.5875,2.1625,3.10956235475317,0
4,2,3,0.958333333333333,0.25,1.19438355141829,9.5875,2.575,3.10956235475317,0
4,2,3,0.958333333333333,0.291666666666667,1.19438355141829,9.5875,2.9875,3.10956235475317,0
4,2,3,0.958333333333333,0.333333333333333,1.19438355141829,9.5875,3.4,3.10956235475317,0
4,2,3,0.958333333333333,0.375,1.19438355141829,9.5875,3.8125,3.10956235475317,0
4,2,3,0.958333333333333,0.416666666666667,1.19438355141829,9.5875,4.225,3.10956235475317,0
4,2,3,0.958333333333333,0.458333333333333,1.19438355141829,9.5875,4.6375,3.10956235475317,0
4,2,3,0.958333333333333,0.5,1.19438355141829,9.5875,5.05,3.10956235475317,0
4,2,3,0.958333333333333,0.541666666666667,1.19438355141829,9.5875,5.4625,3.10956235475317,0
4,2,3,0.958333333333333,0.583333333333333,1.19438355141829,9.5875,5.875,3.10956235475317,0
4,2,3,0.958333333333333,0.625,1.19438355141829,9.5875,6.2875,3.10956235475317,0
4,2,3,0.958333333333333,0.666666666666667,1.19438355141829,9.5875,6.7,3.10956235475317,0
4,2,3,0.958333333333333,0.708333333333333,1.19438355141829,9.5875,7.1125,3.10956235475317,0
4,2,3,0.958333333333333,0.75,1.19438355141829,9.5875,7.525,3.10956235475317,0
4,2,3,0.958333333333333,0.791666666666667,1.19438355141829,9.5875,7.9375,3.10956235475317,0
4,2,3,0.958333333333333,0.833333333333333,1.19438355141829,9.5875,8.35,3.10956235475317,0
4,2,3,0.958333333333333,0.875,1.19438355141829,9.5875,8.7625,3.10956235475317,0
4,2,3,0.958333333333333,0.916666666666667,1.19438355141829,9.5875,9.175,3.10956235475317,0
4,2,3,0.958333333333333,0.958333333333333,1.19438355141829,9.5875,9.5875,3.10956235475317,0
4,2,3,0.958333333333333,1,1.19438355141829,9.5875,10,3.10956235475317,0
4,2,3,1,0,1.19438355141829,10,0.1,3.10956235475317,0
4,2,3,1,0.0416666666666667,1.19438355141829,10,0.5125,3.10956235475317,0
4,2,3,1,0.0833333333333333,1.19438355141829,10,0.925,3.10956235475317,0
4,2,3,1,0.125,1.19438355141829,10,1.3375,3.10956235475317,0
4,2,3,1,0.166666666666667,1.19438355141829,10,1.75,3.10956235475317,0
4,2,3,1,0.208333333333333,1.19438355141829,10,2.1625,3.10956235475317,0
4,2,3,1,0.25,1.19438355141829,10,2.575,3.10956235475317,0
4,2,3,1,0.291666666666667,1.19438355141829,10,2.9875,3.10956235475317,0
4,2,3,1,0.333333333333333,1.19438355141829,10,3.4,3.10956235475317,0.0760742970273319
4,2,3,1,0.375,1.19438355141829,10,3.8125,3.10956235475317,0.185988044484364
4,2,3,1,0.416666666666667,1.19438355141829,10,4.225,3.10956235475317,0.251354199708156
4,2,3,1,0.458333333333333,1.19438355141829,10,4.6375,3.10956235475317,0.260002077671112
4,2,3,1,0.5,1.19438355141829,10,5.05,3.10956235475317,0.205560491059893
4,2,3,1,0.541666666666667,1.19438355141829,10,5.4625,3.10956235475317,0.0879300789575259
4,2,3,1,0.583333333333333,1.19438355141829,10,5.875,3.10956235475317,0
4,2,3,1,0.625,1.19438355141829,10,6.2875,3.10956235475317,0
4,2,3,1,0.666666666666667,1.19438355141829,10,6.7,3.10956235475317,0
4,2,3,1,0.708333333333333,1.19438355141829,10,7.1125,3.10956235475317,0
4,2,3,1,0.75,1.19438355141829,10,7.525,3.10956235475317,0
4,2,3,1,0.791666666666667,1.19438355141829,10,7.9375,3.10956235475317,0
4,2,3,1,0.833333333333333,1.19438355141829,10,8.35,3.10956235475317,0
4,2,3,1,0.875,1.19438355141829,10,8.7625,3.10956235475317,0
4,2,3,1,0.916666666666667,1.19438355141829,10,9.175,3.10956235475317,0
4,2,3,1,0.958333333333333,1.19438355141829,10,9.5875,3.10956235475317,0
4,2,3,1,1,1.19438355141829,10,10,3.10956235475317,0
5,2,4,0,0,1.19438355141829,0.1,5.97146366710117,0.125,0
5,2,4,0,0.0416666666666667,1.19438355141829,0.1,5.97146366710117,0.328125,0
5,2,4,0,0.0833333333333333,1.19438355141829,0.1,5.97146366710117,0.53125,0
5,2,4,0,0.125,1.19438355141829,0.1,5.97146366710117,0.734375,0
5,2,4,0,0.166666666666667,1.19438355141829,0.1,5.97146366710117,0.9375,0
5,2,4,0,0.208333333333333,1.19438355141829,0.1,5.97146366710117,1.140625,0
5,2,4,0,0.25,1.19438355141829,0.1,5.97146366710117,1.34375,0
5,2,4,0,0.291666666666667,1.19438355141829,0.1,5.97146366710117,1.546875,0
5,2,4,0,0.333333333333333,1.19438355141829,0.1,5.97146366710117,1.75,0
5,2,4,0,0.375,1.19438355141829,0.1,5.97146366710117,1.953125,0
5,2,4,0,0.416666666666667,1.19438355141829,0.1,5.97146366710117,2.15625,0
5,2,4,0,0.458333333333333,1.19438355141829,0.1,5.97146366710117,2.359375,0
5,2,4,0,0.5,1.19438355141829,0.1,5.97146366710117,2.5625,0
5,2,4,0,0.541666666666667,1.19438355141829,0.1,5.97146366710117,2.765625,0
5,2,4,0,0.583333333333333,1.19438355141829,0.1,5.97146366710117,2.96875,0
5,2,4,0,0.625,1.19438355141829,0.1,5.97146366710117,3.171875,0
5,2,4,0,0.666666666666667,1.19438355141829,0.1,5.97146366710117,3.375,0
5,2,4,0,0.708333333333333,1.19438355141829,0.1,5.97146366710117,3.578125,0
5,2,4,0,0.75,1.19438355141829,0.1,5.97146366710117,3.78125,0
5,2,4,0,0.791666666666667,1.19438355141829,0.1,5.97146366710117,3.984375,0
5,2,4,0,0.833333333333333,1.19438355141829,0.1,5.97146366710117,4.1875,0
5,2,4,0,0.875,1.19438355141829,0.1,5.97146366710117,4.390625,0
5,2,4,0,0.916666666666667,1.19438355141829,0.1,5.97146366710117,4.59375,0
5,2,4,0,0.958333333333333,1.19438355141829,0.1,5.97146366710117,4.796875,0
5,2,4,0,1,1.19438355141829,0.1,5.97146366710117,5,0
5,2,4,0.0416666666666667,0,1.19438355141829,0.5125,5.97146366710117,0.125,0
5,2,4,0.0416666666666667,0.0416666666666667,1.19438355141829,0.5125,5.97146366710117,0.328125,0
5,2,4,0.0416666666666667,0.0833333333333333,1.19438355141829,0.5125,5.97146366710117,0.53125,0
5,2,4,0.0416666666666667,0.125,1.19438355141829,0.5125,5.97146366710117,0.734375,0
5,2,4,0.0416666666666667,0.166666666666667,1.19438355141829,0.5125,5.97146366710117,0.9375,0
5,2,4,0.0416666666666667,0.208333333333333,1.19438355141829,0.5125,5.97146366710117,1.140625,0
5,2,4,0.0416666666666667,0.25,1.19438355141829,0.5125,5.97146366710117,1.34375,0
5,2,4,0.0416666666666667,0.291666666666667,1.19438355141829,0.5125,5.97146366710117,1.546875,0
5,2,4,0.0416666666666667,0.333333333333333,1.19438355141829,0.5125,5.97146366710117,1.75,0
5,2,4,0.0416666666666667,0.375,1.19438355141829,0.5125,5.97146366710117,1.953125,0
5,2,4,0.0416666666666667,0.416666666666667,1.19438355141829,0.5125,5.97146366710117,2.15625,0
5,2,4,0.0416666666666667,0.458333333333333,1.19438355141829,0.5125,5.97146366710117,2.359375,0
5,2,4,0.0416666666666667,0.5,1.19438355141829,0.5125,5.97146366710117,2.5625,0
5,2,4,0.0416666666666667,0.541666666666667,1.19438355141829,0.5125,5.97146366710117,2.765625,0
5,2,4,0.0416666666666667,0.583333333333333,1.19438355141829,0.5125,5.97146366710117,2.96875,0
5,2,4,0.0416666666666667,0.625,1.19438355141829,0.5125,5.97146366710117,3.171875,0
5,2,4,0.0416666666666667,0.666666666666667,1.19438355141829,0.5125,5.97146366710117,3.375,0
5,2,4,0.0416666666666667,0.708333333333333,1.19438355141829,0.5125,5.97146366710117,3.578125,0
5,2,4,0.0416666666666667,0.75,1.19438355141829,0.5125,5.97146366710117,3.78125,0
5,2,4,0.0416666666666667,0.791666666666667,1.19438355141829,0.5125,5.97146366710117,3.984375,0
5,2,4,0.0416666666666667,0.833333333333333,1.19438355141829,0.5125,5.97146366710117,4.1875,0
5,2,4,0.0416666666666667,0.875,1.19438355141829,0.5125,5.97146366710117,4.390625,0
5,2,4,0.0416666666666667,0.916666666666667,1.19438355141829,0.5125,5.97146366710117,4.59375,0
5,2,4,0.0416666666666667,0.958333333333333,1.19438355141829,0.5125,5.97146366710117,4.796875,0
5,2,4,0.0416666666666667,1,1.19438355141829,0.5125,5.97146366710117,5,0
5,2,4,0.0833333333333333,0,1.19438355141829,0.925,5.97146366710117,0.125,1.15148421930946
5,2,4,0.0833333333333333,0.0416666666666667,1.19438355141829,0.925,5.97146366710117,0.328125,1.05980501444601
5,2,4,0.0833333333333333,0.0833333333333333,1.19438355141829,0.925,5.97146366710117,0.53125,0.926914197562101
5,2,4,0.0833333333333333,0.125,1.19438355141829,0.925,5.97146366710117,0.734375,0.757506297997047
5,2,4,0.0833333333333333,0.166666666666667,1.19438355141829,0.925,5.97146366710117,0.9375,0.555440940551508
5,2,4,0.0833333333333333,0.208333333333333,1.19438355141829,0.925,5.97146366710117,1.140625,0.329090081898388
5,2,4,0.0833333333333333,0.25,1.19438355141829,0.925,5.97146366710117,1.34375,0.0883365082541074
5,2,4,0.0833333333333333,0.291666666666667,1.19438355141829,0.925,5.97146366710117,1.546875,0
5,2,4,0.0833333333333333,0.333333333333333,1.19438355141829,0.925,5.97146366710117,1.75,0
5,2,4,0.0833333333333333,0.375,1.19438355141829,0.925,5.97146366710117,1.953125,0
5,2,4,0.0833333333333333,0.416666666666667,1.19438355141829,0.925,5.97146366710117,2.15625,0
5,2,4,0.0833333333333333,0.458333333333333,1.19438355141829,0.925,5.97146366710117,2.359375,0
5,2,4,0.0833333333333333,0.5,1.19438355141829,0.925,5.97146366710117,2.5625,0
5,2,4,0.0833333333333333,0.541666666666667,1.19438355141829,0.925,5.97146366710117,2.765625,0
5,2,4,0.0833333333333333,0.583333333333333,1.19438355141829,0.925,5.97146366710117,2.96875,0
5,2,4,0.0833333333333333,0.625,1.19438355141829,0.925,5.97146366710117,3.171875,0
5,2,4,0.0833333333333333,0.666666666666667,1.19438355141829,0.925,5.97146366710117,3.375,0
5,2,4,0.0833333333333333,0.708333333333333,1.19438355141829,0.925,5.97146366710117,3.578125,0
5,2,4,0.0833333333333333,0.75,1.19438355141829,0.925,5.97146366710117,3.78125,0
5,2,4,0.0833333333333333,0.791666666666667,1.19438355141829,0.925,5.97146366710117,3.984375,0
5,2,4,0.0833333333333333,0.833333333333333,1.19438355141829,0.925,5.97146366710117,4.1875,0
5,2,4,0.0833333333333333,0.875,1.19438355141829,0.925,5.97146366710117,4.390625,0
5,2,4,0.0833333333333333,0.916666666666667,1.19438355141829,0.925,5.97146366710117,4.59375,0.172154940743362
5,2,4,0.0833333333333333,0.958333333333333,1.19438355141829,0.925,5.97146366710117,4.796875,0.381007970792282
5,2,4,0.0833333333333333,1,1.19438355141829,0.925,5.97146366710117,5,0.568709626115002
5,2,4,0.125,0,1.19438355141829,1.3375,5.97146366710117,0.125,0.209808060309103
5,2,4,0.125,0.0416666666666667,1.19438355141829,1.3375,5.97146366710117,0.328125,0.346769456387726
5,2,4,0.125,0.0833333333333333,1.19438355141829,1.3375,5.97146366710117,0.53125,0.523732487706246
5,2,4,0.125,0.125,1.19438355141829,1.3375,5.97146366710117,0.734375,0.725987332198617
5,2,4,0.125,0.166666666666667,1.19438355141829,1.3375,5.97146366710117,0.9375,0.942273359617376
5,2,4,0.125,0.208333333333333,1.19438355141829,1.3375,5.97146366710117,1.140625,1.16102983805686
5,2,4,0.125,0.25,1.19438355141829,1.3375,5.97146366710117,1.34375,1.37101598515731
5,2,4,0.125,0.291666666666667,1.19438355141829,1.3375,5.97146366710117,1.546875,1.56190652452035
5,2,4,0.125,0.333333333333333,1.19438355141829,1.3375,5.97146366710117,1.75,1.72482944150107
5,2,4,0.125,0.375,1.19438355141829,1.3375,5.97146366710117,1.953125,1.85280939002299
5,2,4,0.125,0.416666666666667,1.19438355141829,1.3375,5.97146366710117,2.15625,1.94111926713852
5,2,4,0.125,0.458333333333333,1.19438355141829,1.3375,5.97146366710117,2.359375,1.98749100957033
5,2,4,0.125,0.5,1.19438355141829,1.3375,5.97146366710117,2.5625,1.99219350521319
5,2,4,0.125,0.541666666666667,1.19438355141829,1.3375,5.97146366710117,2.765625,1.95797028633691
5,2,4,0.125,0.583333333333333,1.19438355141829,1.3375,5.97146366710117,2.96875,1.88984246638499
5,2,4,0.125,0.625,1.19438355141829,1.3375,5.97146366710117,3.171875,1.79478967524795
5,2,4,0.125,0.666666666666667,1.19438355141829,1.3375,5.97146366710117,3.375,1.68132715305692
5,2,4,0.125,0.708333333333333,1.19438355141829,1.3375,5.97146366710117,3.578125,1.5590054424014
5,2,4,0.125,0.75,1.19438355141829,1.3375,5.97146366710117,3.78125,1.43786138396497
5,2,4,0.125,0.791666666666667,1.19438355141829,1.3375,5.97146366710117,3.984375,1.32785239507097
5,2,4,0.125,0.833333333333333,1.19438355141829,1.3375,5.97146366710117,4.1875,1.23830803015063
5,2,4,0.125,0.875,1.19438355141829,1.3375,5.97146366710117,4.390625,1.177425779897
5,2,4,0.125,0.916666666666667,1.19438355141829,1.3375,5.97146366710117,4.59375,1.15183757840197
5,2,4,0.125,0.958333333333333,1.19438355141829,1.3375,5.97146366710117,4.796875,1.16626684191963
5,2,4,0.125,1,1.19438355141829,1.3375,5.97146366710117,5,1.22329164169663
5,2,4,0.166666666666667,0,1.19438355141829,1.75,5.97146366710117,0.125,1.88993613671516
5,2,4,0.166666666666667,0.0416666666666667,1.19438355141829,1.75,5.97146366710117,0.328125,1.63973426239976
5,2,4,0.166666666666667,0.0833333333333333,1.19438355141829,1.75,5.97146366710117,0.53125,1.40422967752541
5,2,4,0.166666666666667,0.125,1.19438355141829,1.75,5.97146366710117,0.734375,1.19255944126462
5,2,4,0.166666666666667,0.166666666666667,1.19438355141829,1.75,5.97146366710117,0.9375,1.0146254172083
5,2,4,0.166666666666667,0.208333333333333,1.19438355141829,1.75,5.97146366710117,1.140625,0.878746033664213
5,2,4,0.166666666666667,0.25,1.19438355141829,1.75,5.97146366710117,1.34375,0.791215413201191
5,2,4,0.166666666666667,0.291666666666667,1.19438355141829,1.75,5.97146366710117,1.546875,0.755980091349495
5,2,4,0.166666666666667,0.333333333333333,1.19438355141829,1.75,5.97146366710117,1.75,0.774432357373384
5,2,4,0.166666666666667,0.375,1.19438355141829,1.75,5.97146366710117,1.953125,0.84536152630585
5,2,4,0.166666666666667,0.416666666666667,1.19438355141829,1.75,5.97146366710117,2.15625,0.965037387170582
5,2,4,0.166666666666667,0.458333333333333,1.19438355141829,1.75,5.97146366710117,2.359375,1.127429814763
5,2,4,0.166666666666667,0.5,1.19438355141829,1.75,5.97146366710117,2.5625,1.32455207301937
5,2,4,0.166666666666667,0.541666666666667,1.19438355141829,1.75,5.97146366710117,2.765625,1.54690676351209
5,2,4,0.166666666666667,0.583333333333333,1.19438355141829,1.75,5.97146366710117,2.96875,1.78400949052249
5,2,4,0.166666666666667,0.625,1.19438355141829,1.75,5.97146366710117,3.171875,2.02495906850872
5,2,4,0.166666666666667,0.666666666666667,1.19438355141829,1.75,5.97146366710117,3.375,2.25902179293779
5,2,4,0.166666666666667,0.708333333333333,1.19438355141829,1.75,5.97146366710117,3.578125,2.47619566948174
5,2,4,0.166666666666667,0.75,1.19438355141829,1.75,5.97146366710117,3.78125,2.66772120810082
5,2,4,0.166666666666667,0.791666666666667,1.19438355141829,1.75,5.97146366710117,3.984375,2.82651399437696
5,2,4,0.166666666666667,0.833333333333333,1.19438355141829,1.75,5.97146366710117,4.1875,2.94749593394
5,2,4,0.166666666666667,0.875,1.19438355141829,1.75,5.97146366710117,4.390625,3.02781305219788
5,2,4,0.166666666666667,0.916666666666667,1.19438355141829,1.75,5.97146366710117,4.59375,3.06693262035944
5,2,4,0.166666666666667,0.958333333333333,1.19438355141829,1.75,5.97146366710117,4.796875,3.06661835134461
5,2,4,0.166666666666667,1,1.19438355141829,1.75,5.97146366710117,5,3.03078601273261
5,2,4,0.208333333333333,0,1.19438355141829,2.1625,5.97146366710117,0.125,2.99284444068783
5,2,4,0.208333333333333,0.0416666666666667,1.19438355141829,2.1625,5.97146366710117,0.328125,3.02790266301965
5,2,4,0.208333333333333,0.0833333333333333,1.19438355141829,2.1625,5.97146366710117,0.53125,3.03468576025997
5,2,4,0.208333333333333,0.125,1.19438355141829,2.1625,5.97146366710117,0.734375,3.00691027417497
5,2,4,0.208333333333333,0.166666666666667,1.19438355141829,2.1625,5.97146366710117,0.9375,2.94067630909785
5,2,4,0.208333333333333,0.208333333333333,1.19438355141829,2.1625,5.97146366710117,1.140625,2.83464506483241
5,2,4,0.208333333333333,0.25,1.19438355141829,2.1625,5.97146366710117,1.34375,2.69007645348321
5,2,4,0.208333333333333,0.291666666666667,1.19438355141829,2.1625,5.97146366710117,1.546875,2.51072109354945
5,2,4,0.208333333333333,0.333333333333333,1.19438355141829,2.1625,5.97146366710117,1.75,2.30257697515402
5,2,4,0.208333333333333,0.375,1.19438355141829,2.1625,5.97146366710117,1.953125,2.07353657226569
5,2,4,0.208333333333333,0.416666666666667,1.19438355141829,2.1625,5.97146366710117,2.15625,1.83292445310616
5,2,4,0.208333333333333,0.458333333333333,1.19438355141829,2.1625,5.97146366710117,2.359375,1.59096409370139
5,2,4,0.208333333333333,0.5,1.19438355141829,2.1625,5.97146366710117,2.5625,1.35819961694682
5,2,4,0.208333333333333,0.541666666666667,1.19438355141829,2.1625,5.97146366710117,2.765625,1.14490525093116
5,2,4,0.208333333333333,0.583333333333333,1.19438355141829,2.1625,5.97146366710117,2.96875,0.960515954308881
5,2,4,0.208333333333333,0.625,1.19438355141829,2.1625,5.97146366710117,3.171875,0.81311069148409
5,2,4,0.208333333333333,0.666666666666667,1.19438355141829,2.1625,5.97146366710117,3.375,0.708978110477537
5,2,4,0.208333333333333,0.708333333333333,1.19438355141829,2.1625,5.97146366710117,3.578125,0.652286912127563
5,2,4,0.208333333333333,0.75,1.19438355141829,2.1625,5.97146366710117,3.78125,0.644877841290929
5,2,4,0.208333333333333,0.791666666666667,1.19438355141829,2.1625,5.97146366710117,3.984375,0.686186711259284
5,2,4,0.208333333333333,0.833333333333333,1.19438355141829,2.1625,5.97146366710117,4.1875,0.773297375898834
5,2,4,0.208333333333333,0.875,1.19438355141829,2.1625,5.97146366710117,4.390625,0.901118997093567
5,2,4,0.208333333333333,0.916666666666667,1.19438355141829,2.1625,5.97146366710117,4.59375,1.06267531525786
5,2,4,0.208333333333333,0.958333333333333,1.19438355141829,2.1625,5.97146366710117,4.796875,1.2494890356049
5,2,4,0.208333333333333,1,1.19438355141829,2.1625,5.97146366710117,5,1.45204055252849
5,2,4,0.25,0,1.19438355141829,2.575,5.97146366710117,0.125,2.04009514208026
5,2,4,0.25,0.0416666666666667,1.19438355141829,2.575,5.97146366710117,0.328125,1.81734465321223
5,2,4,0.25,0.0833333333333333,1.19438355141829,2.575,5.97146366710117,0.53125,1.65257570232862
5,2,4,0.25,0.125,1.19438355141829,2.575,5.97146366710117,0.734375,1.54411385324489
5,2,4,0.25,0.166666666666667,1.19438355141829,2.575,5.97146366710117,0.9375,1.48772352658125
5,2,4,0.25,0.208333333333333,1.19438355141829,2.575,5.97146366710117,1.140625,1.47687328417994
5,2,4,0.25,0.25,1.19438355141829,2.575,5.97146366710117,1.34375,1.50312335193584
5,2,4,0.25,0.291666666666667,1.19438355141829,2.575,5.97146366710117,1.546875,1.55659258256198
5,2,4,0.25,0.333333333333333,1.19438355141829,2.575,5.97146366710117,1.75,1.62651985914156
5,2,4,0.25,0.375,1.19438355141829,2.575,5.97146366710117,1.953125,1.70184924229956
5,2,4,0.25,0.416666666666667,1.19438355141829,2.575,5.97146366710117,2.15625,1.7718271346226
5,2,4,0.25,0.458333333333333,1.19438355141829,2.575,5.97146366710117,2.359375,1.82657534196902
5,2,4,0.25,0.5,1.19438355141829,2.575,5.97146366710117,2.5625,1.85760864520993
5,2,4,0.25,0.541666666666667,1.19438355141829,2.575,5.97146366710117,2.765625,1.85826922276615
5,2,4,0.25,0.583333333333333,1.19438355141829,2.575,5.97146366710117,2.96875,1.82405334475526
5,2,4,0.25,0.625,1.19438355141829,2.575,5.97146366710117,3.171875,1.75281391590257
5,2,4,0.25,0.666666666666667,1.19438355141829,2.575,5.97146366710117,3.375,1.64482879346762
5,2,4,0.25,0.708333333333333,1.19438355141829,2.575,5.97146366710117,3.578125,1.5027321738385
5,2,4,0.25,0.75,1.19438355141829,2.575,5.97146366710117,3.78125,1.33131902921029
5,2,4,0.25,0.791666666666667,1.19438355141829,2.575,5.97146366710117,3.984375,1.13723424696112
5,2,4,0.25,0.833333333333333,1.19438355141829,2.575,5.97146366710117,4.1875,0.92856816409251
5,2,4,0.25,0.875,1.19438355141829,2.575,5.97146366710117,4.390625,0.714382193033425
5,2,4,0.25,0.916666666666667,1.19438355141829,2.575,5.97146366710117,4.59375,0.50419134863571
5,2,4,0.25,0.958333333333333,1.19438355141829,2.575,5.97146366710117,4.796875,0.307430547725213
5,2,4,0.25,1,1.19438355141829,2.575,5.97146366710117,5,0.132932062877933
5,2,4,0.291666666666667,0,1.19438355141829,2.9875,5.97146366710117,0.125,3.29342917077255
5,2,4,0.291666666666667,0.0416666666666667,1.19438355141829,2.9875,5.97146366710117,0.328125,3.0039885922835
5,2,4,0.291666666666667,0.0833333333333333,1.19438355141829,2.9875,5.97146366710117,0.53125,2.68744650747885
5,2,4,0.291666666666667,0.125,1.19438355141829,2.9875,5.97146366710117,0.734375,2.35271673818848
5,2,4,0.291666666666667,0.166666666666667,1.19438355141829,2.9875,5.97146366710117,0.9375,2.01000877087271
5,2,4,0.291666666666667,0.208333333333333,1.19438355141829,2.9875,5.97146366710117,1.140625,1.67026411682297
5,2,4,0.291666666666667,0.25,1.19438355141829,2.9875,5.97146366710117,1.34375,1.34455020925429
5,2,4,0.291666666666667,0.291666666666667,1.19438355141829,2.9875,5.97146366710117,1.546875,1.0434578878005
5,2,4,0.291666666666667,0.333333333333333,1.19438355141829,2.9875,5.97146366710117,1.75,0.77653210492641
5,2,4,0.291666666666667,0.375,1.19438355141829,2.9875,5.97146366710117,1.953125,0.551757219257163
5,2,4,0.291666666666667,0.416666666666667,1.19438355141829,2.9875,5.97146366710117,2.15625,0.375132235333309
5,2,4,0.291666666666667,0.458333333333333,1.19438355141829,2.9875,5.97146366710117,2.359375,0.250355236543073
5,2,4,0.291666666666667,0.5,1.19438355141829,2.9875,5.97146366710117,2.5625,0.178634093528521
5,2,4,0.291666666666667,0.541666666666667,1.19438355141829,2.9875,5.97146366710117,2.765625,0.158633485133105
5,2,4,0.291666666666667,0.583333333333333,1.19438355141829,2.9875,5.97146366710117,2.96875,0.186560380813365
5,2,4,0.291666666666667,0.625,1.19438355141829,2.9875,5.97146366710117,3.171875,0.256383115612317
5,2,4,0.291666666666667,0.666666666666667,1.19438355141829,2.9875,5.97146366710117,3.375,0.360169267468085
5,2,4,0.291666666666667,0.708333333333333,1.19438355141829,2.9875,5.97146366710117,3.578125,0.488522170780395
5,2,4,0.291666666666667,0.75,1.19438355141829,2.9875,5.97146366710117,3.78125,0.631090754577087
5,2,4,0.291666666666667,0.791666666666667,1.19438355141829,2.9875,5.97146366710117,3.984375,0.77712224537793
5,2,4,0.291666666666667,0.833333333333333,1.19438355141829,2.9875,5.97146366710117,4.1875,0.916028609616664
5,2,4,0.291666666666667,0.875,1.19438355141829,2.9875,5.97146366710117,4.390625,1.03793771561553
5,2,4,0.291666666666667,0.916666666666667,1.19438355141829,2.9875,5.97146366710117,4.59375,1.13420195560157
5,2,4,0.291666666666667,0.958333333333333,1.19438355141829,2.9875,5.97146366710117,4.796875,1.19783929156881
5,2,4,0.291666666666667,1,1.19438355141829,2.9875,5.97146366710117,5,1.22388316264027
5,2,4,0.333333333333333,0,1.19438355141829,3.4,5.97146366710117,0.125,0.868820981208477
5,2,4,0.333333333333333,0.0416666666666667,1.19438355141829,3.4,5.97146366710117,0.328125,1.00424450552714
5,2,4,0.333333333333333,0.0833333333333333,1.19438355141829,3.4,5.97146366710117,0.53125,1.150676813802
5,2,4,0.333333333333333,0.125,1.19438355141829,3.4,5.97146366710117,0.734375,1.29671472214787
5,2,4,0.333333333333333,0.166666666666667,1.19438355141829,3.4,5.97146366710117,0.9375,1.43146836363921
5,2,4,0.333333333333333,0.208333333333333,1.19438355141829,3.4,5.97146366710117,1.140625,1.54513406090371
5,2,4,0.333333333333333,0.25,1.19438355141829,3.4,5.97146366710117,1.34375,1.62948769500594
5,2,4,0.333333333333333,0.291666666666667,1.19438355141829,3.4,5.97146366710117,1.546875,1.6783073542349
5,2,4,0.333333333333333,0.333333333333333,1.19438355141829,3.4,5.97146366710117,1.75,1.68766509598407
5,2,4,0.333333333333333,0.375,1.19438355141829,3.4,5.97146366710117,1.953125,1.65609425979086
5,2,4,0.333333333333333,0.416666666666667,1.19438355141829,3.4,5.97146366710117,2.15625,1.58461977203628
5,2,4,0.333333333333333,0.458333333333333,1.19438355141829,3.4,5.97146366710117,2.359375,1.47665155772177
5,2,4,0.333333333333333,0.5,1.19438355141829,3.4,5.97146366710117,2.5625,1.33774826963836
5,2,4,0.333333333333333,0.541666666666667,1.19438355141829,3.4,5.97146366710117,2.765625,1.17526389013641
5,2,4,0.333333333333333,0.583333333333333,1.19438355141829,3.4,5.97146366710117,2.96875,0.99789851424374
5,2,4,0.333333333333333,0.625,1.19438355141829,3.4,5.97146366710117,3.171875,0.815178962941335
5,2,4,0.333333333333333,0.666666666666667,1.19438355141829,3.4,5.97146366710117,3.375,0.636898623341538
5,2,4,0.333333333333333,0.708333333333333,1.19438355141829,3.4,5.97146366710117,3.578125,0.472552543903862
5,2,4,0.333333333333333,0.75,1.19438355141829,3.4,5.97146366710117,3.78125,0.330797606189559
5,2,4,0.333333333333333,0.791666666666667,1.19438355141829,3.4,5.97146366710117,3.984375,0.218969633324641
5,2,4,0.333333333333333,0.833333333333333,1.19438355141829,3.4,5.97146366710117,4.1875,0.142683101799212
5,2,4,0.333333333333333,0.875,1.19438355141829,3.4,5.97146366710117,4.390625,0.105534859246787
5,2,4,0.333333333333333,0.916666666666667,1.19438355141829,3.4,5.97146366710117,4.59375,0.108926197866523
5,2,4,0.333333333333333,0.958333333333333,1.19438355141829,3.4,5.97146366710117,4.796875,0.152010861047116
5,2,4,0.333333333333333,1,1.19438355141829,3.4,5.97146366710117,5,0.231768292277025
5,2,4,0.375,0,1.19438355141829,3.8125,5.97146366710117,0.125,0
5,2,4,0.375,0.0416666666666667,1.19438355141829,3.8125,5.97146366710117,0.328125,0
5,2,4,0.375,0.0833333333333333,1.19438355141829,3.8125,5.97146366710117,0.53125,0
5,2,4,0.375,0.125,1.19438355141829,3.8125,5.97146366710117,0.734375,0
5,2,4,0.375,0.166666666666667,1.19438355141829,3.8125,5.97146366710117,0.9375,0
5,2,4,0.375,0.208333333333333,1.19438355141829,3.8125,5.97146366710117,1.140625,0
5,2,4,0.375,0.25,1.19438355141829,3.8125,5.97146366710117,1.34375,0
5,2,4,0.375,0.291666666666667,1.19438355141829,3.8125,5.97146366710117,1.546875,0
5,2,4,0.375,0.333333333333333,1.19438355141829,3.8125,5.97146366710117,1.75,0
5,2,4,0.375,0.375,1.19438355141829,3.8125,5.97146366710117,1.953125,0
5,2,4,0.375,0.416666666666667,1.19438355141829,3.8125,5.97146366710117,2.15625,0.0670143646428571
5,2,4,0.375,0.458333333333333,1.19438355141829,3.8125,5.97146366710117,2.359375,0.315764765858064
5,2,4,0.375,0.5,1.19438355141829,3.8125,5.97146366710117,2.5625,0.572325954671423
5,2,4,0.375,0.541666666666667,1.19438355141829,3.8125,5.97146366710117,2.765625,0.82579808009837
5,2,4,0.375,0.583333333333333,1.19438355141829,3.8125,5.97146366710117,2.96875,1.06560656614646
5,2,4,0.375,0.625,1.19438355141829,3.8125,5.97146366710117,3.171875,1.28205126080061
5,2,4,0.375,0.666666666666667,1.19438355141829,3.8125,5.97146366710117,3.375,1.46680113233811
5,2,4,0.375,0.708333333333333,1.19438355141829,3.8125,5.97146366710117,3.578125,1.61330763216832
5,2,4,0.375,0.75,1.19438355141829,3.8125,5.97146366710117,3.78125,1.71711408877267
5,2,4,0.375,0.791666666666667,1.19438355141829,3.8125,5.97146366710117,3.984375,1.77604694570526
5,2,4,0.375,0.833333333333333,1.19438355141829,3.8125,5.97146366710117,4.1875,1.79028103945692
5,2,4,0.375,0.875,1.19438355141829,3.8125,5.97146366710117,4.390625,1.76227792351098
5,2,4,0.375,0.916666666666667,1.19438355141829,3.8125,5.97146366710117,4.59375,1.69660310452047
5,2,4,0.375,0.958333333333333,1.19438355141829,3.8125,5.97146366710117,4.796875,1.5996339254465
5,2,4,0.375,1,1.19438355141829,3.8125,5.97146366710117,5,1.47917451317111
5,2,4,0.416666666666667,0,1.19438355141829,4.225,5.97146366710117,0.125,0.524700931169711
5,2,4,0.416666666666667,0.0416666666666667,1.19438355141829,4.225,5.97146366710117,0.328125,0.667166560588899
5,2,4,0.416666666666667,0.0833333333333333,1.19438355141829,4.225,5.97146366710117,0.53125,0.764144656792707
5,2,4,0.416666666666667,0.125,1.19438355141829,4.225,5.97146366710117,0.734375,0.814669157371077
5,2,4,0.416666666666667,0.166666666666667,1.19438355141829,4.225,5.97146366710117,0.9375,0.820364626236266
5,2,4,0.416666666666667,0.208333333333333,1.19438355141829,4.225,5.97146366710117,1.140625,0.785308701458938
5,2,4,0.416666666666667,0.25,1.19438355141829,4.225,5.97146366710117,1.34375,0.715794133388802
5,2,4,0.416666666666667,0.291666666666667,1.19438355141829,4.225,5.97146366710117,1.546875,0.619967599264788
5,2,4,0.416666666666667,0.333333333333333,1.19438355141829,4.225,5.97146366710117,1.75,0.507356552566643
5,2,4,0.416666666666667,0.375,1.19438355141829,4.225,5.97146366710117,1.953125,0.388294878127208
5,2,4,0.416666666666667,0.416666666666667,1.19438355141829,4.225,5.97146366710117,2.15625,0.273305245578681
5,2,4,0.416666666666667,0.458333333333333,1.19438355141829,4.225,5.97146366710117,2.359375,0.172493551964796
5,2,4,0.416666666666667,0.5,1.19438355141829,4.225,5.97146366710117,2.5625,0.0949861091769423
5,2,4,0.416666666666667,0.541666666666667,1.19438355141829,4.225,5.97146366710117,2.765625,0.0484341897608364
5,2,4,0.416666666666667,0.583333333333333,1.19438355141829,4.225,5.97146366710117,2.96875,0.0386070847265164
5,2,4,0.416666666666667,0.625,1.19438355141829,4.225,5.97146366710117,3.171875,0.0690922065934891
5,2,4,0.416666666666667,0.666666666666667,1.19438355141829,4.225,5.97146366710117,3.375,0.1411207193528
5,2,4,0.416666666666667,0.708333333333333,1.19438355141829,4.225,5.97146366710117,3.578125,0.25352346474237
5,2,4,0.416666666666667,0.75,1.19438355141829,4.225,5.97146366710117,3.78125,0.402819386757356
5,2,4,0.416666666666667,0.791666666666667,1.19438355141829,4.225,5.97146366710117,3.984375,0.583428538931618
5,2,4,0.416666666666667,0.833333333333333,1.19438355141829,4.225,5.97146366710117,4.1875,0.787996212053099
5,2,4,0.416666666666667,0.875,1.19438355141829,4.225,5.97146366710117,4.390625,1.00780864845915
5,2,4,0.416666666666667,0.916666666666667,1.19438355141829,4.225,5.97146366710117,4.59375,1.23327732307697
5,2,4,0.416666666666667,0.958333333333333,1.19438355141829,4.225,5.97146366710117,4.796875,1.45446576899685
5,2,4,0.416666666666667,1,1.19438355141829,4.225,5.97146366710117,5,1.66163090085562
5,2,4,0.458333333333333,0,1.19438355141829,4.6375,5.97146366710117,0.125,0
5,2,4,0.458333333333333,0.0416666666666667,1.19438355141829,4.6375,5.97146366710117,0.328125,0
5,2,4,0.458333333333333,0.0833333333333333,1.19438355141829,4.6375,5.97146366710117,0.53125,0
5,2,4,0.458333333333333,0.125,1.19438355141829,4.6375,5.97146366710117,0.734375,0.0783300582401776
5,2,4,0.458333333333333,0.166666666666667,1.19438355141829,4.6375,5.97146366710117,0.9375,0.294892926229442
5,2,4,0.458333333333333,0.208333333333333,1.19438355141829,4.6375,5.97146366710117,1.140625,0.525727271789664
5,2,4,0.458333333333333,0.25,1.19438355141829,4.6375,5.97146366710117,1.34375,0.759630671936765
5,2,4,0.458333333333333,0.291666666666667,1.19438355141829,4.6375,5.97146366710117,1.546875,0.985377189297263
5,2,4,0.458333333333333,0.333333333333333,1.19438355141829,4.6375,5.97146366710117,1.75,1.19231578408993
5,2,4,0.458333333333333,0.375,1.19438355141829,4.6375,5.97146366710117,1.953125,1.37092878230816
5,2,4,0.458333333333333,0.416666666666667,1.19438355141829,4.6375,5.97146366710117,2.15625,1.51332103030009
5,2,4,0.458333333333333,0.458333333333333,1.19438355141829,4.6375,5.97146366710117,2.359375,1.61361463140155
5,2,4,0.458333333333333,0.5,1.19438355141829,4.6375,5.97146366710117,2.5625,1.66823024096938
5,2,4,0.458333333333333,0.541666666666667,1.19438355141829,4.6375,5.97146366710117,2.765625,1.67604342833483
5,2,4,0.458333333333333,0.583333333333333,1.19438355141829,4.6375,5.97146366710117,2.96875,1.63840985935085
5,2,4,0.458333333333333,0.625,1.19438355141829,4.6375,5.97146366710117,3.171875,1.55905734760876
5,2,4,0.458333333333333,0.666666666666667,1.19438355141829,4.6375,5.97146366710117,3.375,1.44384952446421
5,2,4,0.458333333333333,0.708333333333333,1.19438355141829,4.6375,5.97146366710117,3.578125,1.30043556045479
5,2,4,0.458333333333333,0.75,1.19438355141829,4.6375,5.97146366710117,3.78125,1.13780777509629
5,2,4,0.458333333333333,0.791666666666667,1.19438355141829,4.6375,5.97146366710117,3.984375,0.96579352970472
5,2,4,0.458333333333333,0.833333333333333,1.19438355141829,4.6375,5.97146366710117,4.1875,0.79451022376961
5,2,4,0.458333333333333,0.875,1.19438355141829,4.6375,5.97146366710117,4.390625,0.633813600465553
5,2,4,0.458333333333333,0.916666666666667,1.19438355141829,4.6375,5.97146366710117,4.59375,0.492768939287611
5,2,4,0.458333333333333,0.958333333333333,1.19438355141829,4.6375,5.97146366710117,4.796875,0.379172885708611
5,2,4,0.458333333333333,1,1.19438355141829,4.6375,5.97146366710117,5,0.299150841209979
5,2,4,0.5,0,1.19438355141829,5.05,5.97146366710117,0.125,1.69555872660623
5,2,4,0.5,0.0416666666666667,1.19438355141829,5.05,5.97146366710117,0.328125,1.45686898489853
5,2,4,0.5,0.0833333333333333,1.19438355141829,5.05,5.97146366710117,0.53125,1.20694853796463
5,2,4,0.5,0.125,1.19438355141829,5.05,5.97146366710117,0.734375,0.956705667338279
5,2,4,0.5,0.166666666666667,1.19438355141829,5.05,5.97146366710117,0.9375,0.717003462171969
5,2,4,0.5,0.208333333333333,1.19438355141829,5.05,5.97146366710117,1.140625,0.498084338732004
5,2,4,0.5,0.25,1.19438355141829,5.05,5.97146366710117,1.34375,0.309018871363191
5,2,4,0.5,0.291666666666667,1.19438355141829,5.05,5.97146366710117,1.546875,0.157225185587321
5,2,4,0.5,0.333333333333333,1.19438355141829,5.05,5.97146366710117,1.75,0.0480843968227002
5,2,4,0.5,0.375,1.19438355141829,5.05,5.97146366710117,1.953125,0
5,2,4,0.5,0.416666666666667,1.19438355141829,5.05,5.97146366710117,2.15625,0
5,2,4,0.5,0.458333333333333,1.19438355141829,5.05,5.97146366710117,2.359375,0
5,2,4,0.5,0.5,1.19438355141829,5.05,5.97146366710117,2.5625,0.0631450029387247
5,2,4,0.5,0.541666666666667,1.19438355141829,5.05,5.97146366710117,2.765625,0.165419942350752
5,2,4,0.5,0.583333333333333,1.19438355141829,5.05,5.97146366710117,2.96875,0.294123084300776
5,2,4,0.5,0.625,1.19438355141829,5.05,5.97146366710117,3.171875,0.440147131207514
5,2,4,0.5,0.666666666666667,1.19438355141829,5.05,5.97146366710117,3.375,0.593652785233867
5,2,4,0.5,0.708333333333333,1.19438355141829,5.05,5.97146366710117,3.578125,0.744616703649787
5,2,4,0.5,0.75,1.19438355141829,5.05,5.97146366710117,3.78125,0.883382914881057
5,2,4,0.5,0.791666666666667,1.19438355141829,5.05,5.97146366710117,3.984375,1.00118717467529
5,2,4,0.5,0.833333333333333,1.19438355141829,5.05,5.97146366710117,4.1875,1.09062543974517
5,2,4,0.5,0.875,1.19438355141829,5.05,5.97146366710117,4.390625,1.14604188892332
5,2,4,0.5,0.916666666666667,1.19438355141829,5.05,5.97146366710117,4.59375,1.16381674643287
5,2,4,0.5,0.958333333333333,1.19438355141829,5.05,5.97146366710117,4.796875,1.14253975523572
5,2,4,0.5,1,1.19438355141829,5.05,5.97146366710117,5,1.08306034247639
5,2,4,0.541666666666667,0,1.19438355141829,5.4625,5.97146366710117,0.125,1.28605260026202
5,2,4,0.541666666666667,0.0416666666666667,1.19438355141829,5.4625,5.97146366710117,0.328125,1.39402374924261
5,2,4,0.541666666666667,0.0833333333333333,1.19438355141829,5.4625,5.97146366710117,0.53125,1.48423752744289
5,2,4,0.541666666666667,0.125,1.19438355141829,5.4625,5.97146366710117,0.734375,1.5477280726924
5,2,4,0.541666666666667,0.166666666666667,1.19438355141829,5.4625,5.97146366710117,0.9375,1.57727720419079
5,2,4,0.541666666666667,0.208333333333333,1.19438355141829,5.4625,5.97146366710117,1.140625,1.56778863382226
5,2,4,0.541666666666667,0.25,1.19438355141829,5.4625,5.97146366710117,1.34375,1.51654397808302
5,2,4,0.541666666666667,0.291666666666667,1.19438355141829,5.4625,5.97146366710117,1.546875,1.42332341092371
5,2,4,0.541666666666667,0.333333333333333,1.19438355141829,5.4625,5.97146366710117,1.75,1.29038565500252
5,2,4,0.541666666666667,0.375,1.19438355141829,5.4625,5.97146366710117,1.953125,1.12231337263982
5,2,4,0.541666666666667,0.416666666666667,1.19438355141829,5.4625,5.97146366710117,2.15625,0.925735286926745
5,2,4,0.541666666666667,0.458333333333333,1.19438355141829,5.4625,5.97146366710117,2.359375,0.708942969947316
5,2,4,0.541666666666667,0.5,1.19438355141829,5.4625,5.97146366710117,2.5625,0.481423910753402
5,2,4,0.541666666666667,0.541666666666667,1.19438355141829,5.4625,5.97146366710117,2.765625,0.253335178442857
5,2,4,0.541666666666667,0.583333333333333,1.19438355141829,5.4625,5.97146366710117,2.96875,0.0349474519311451
5,2,4,0.541666666666667,0.625,1.19438355141829,5.4625,5.97146366710117,3.171875,0
5,2,4,0.541666666666667,0.666666666666667,1.19438355141829,5.4625,5.97146366710117,3.375,0
5,2,4,0.541666666666667,0.708333333333333,1.19438355141829,5.4625,5.97146366710117,3.578125,0
5,2,4,0.541666666666667,0.75,1.19438355141829,5.4625,5.97146366710117,3.78125,0
5,2,4,0.541666666666667,0.791666666666667,1.19438355141829,5.4625,5.97146366710117,3.984375,0
5,2,4,0.541666666666667,0.833333333333333,1.19438355141829,5.4625,5.97146366710117,4.1875,0
5,2,4,0.541666666666667,0.875,1.19438355141829,5.4625,5.97146366710117,4.390625,0
5,2,4,0.541666666666667,0.916666666666667,1.19438355141829,5.4625,5.97146366710117,4.59375,0
5,2,4,0.541666666666667,0.958333333333333,1.19438355141829,5.4625,5.97146366710117,4.796875,0
5,2,4,0.541666666666667,1,1.19438355141829,5.4625,5.97146366710117,5,0
5,2,4,0.583333333333333,0,1.19438355141829,5.875,5.97146366710117,0.125,0
5,2,4,0.583333333333333,0.0416666666666667,1.19438355141829,5.875,5.97146366710117,0.328125,0
5,2,4,0.583333333333333,0.0833333333333333,1.19438355141829,5.875,5.97146366710117,0.53125,0
5,2,4,0.583333333333333,0.125,1.19438355141829,5.875,5.97146366710117,0.734375,0
5,2,4,0.583333333333333,0.166666666666667,1.19438355141829,5.875,5.97146366710117,0.9375,0
5,2,4,0.583333333333333,0.208333333333333,1.19438355141829,5.875,5.97146366710117,1.140625,0
5,2,4,0.583333333333333,0.25,1.19438355141829,5.875,5.97146366710117,1.34375,0
5,2,4,0.583333333333333,0.291666666666667,1.19438355141829,5.875,5.97146366710117,1.546875,0
5,2,4,0.583333333333333,0.333333333333333,1.19438355141829,5.875,5.97146366710117,1.75,0
5,2,4,0.583333333333333,0.375,1.19438355141829,5.875,5.97146366710117,1.953125,0
5,2,4,0.583333333333333,0.416666666666667,1.19438355141829,5.875,5.97146366710117,2.15625,0.0155750256648577
5,2,4,0.583333333333333,0.458333333333333,1.19438355141829,5.875,5.97146366710117,2.359375,0.215145800799105
5,2,4,0.583333333333333,0.5,1.19438355141829,5.875,5.97146366710117,2.5625,0.403351912526567
5,2,4,0.583333333333333,0.541666666666667,1.19438355141829,5.875,5.97146366710117,2.765625,0.570976124422281
5,2,4,0.583333333333333,0.583333333333333,1.19438355141829,5.875,5.97146366710117,2.96875,0.7102927409097
5,2,4,0.583333333333333,0.625,1.19438355141829,5.875,5.97146366710117,3.171875,0.815458136771174
5,2,4,0.583333333333333,0.666666666666667,1.19438355141829,5.875,5.97146366710117,3.375,0.882792043632871
5,2,4,0.583333333333333,0.708333333333333,1.19438355141829,5.875,5.97146366710117,3.578125,0.910935068029119
5,2,4,0.583333333333333,0.75,1.19438355141829,5.875,5.97146366710117,3.78125,0.900875373777099
5,2,4,0.583333333333333,0.791666666666667,1.19438355141829,5.875,5.97146366710117,3.984375,0.855844620242586
5,2,4,0.583333333333333,0.833333333333333,1.19438355141829,5.875,5.97146366710117,4.1875,0.781091028611762
5,2,4,0.583333333333333,0.875,1.19438355141829,5.875,5.97146366710117,4.390625,0.683544719129706
5,2,4,0.583333333333333,0.916666666666667,1.19438355141829,5.875,5.97146366710117,4.59375,0.57139628869884
5,2,4,0.583333333333333,0.958333333333333,1.19438355141829,5.875,5.97146366710117,4.796875,0.4536125944191
5,2,4,0.583333333333333,1,1.19438355141829,5.875,5.97146366710117,5,0.339417619419924
5,2,4,0.625,0,1.19438355141829,6.2875,5.97146366710117,0.125,0
5,2,4,0.625,0.0416666666666667,1.19438355141829,6.2875,5.97146366710117,0.328125,0
5,2,4,0.625,0.0833333333333333,1.19438355141829,6.2875,5.97146366710117,0.53125,0
5,2,4,0.625,0.125,1.19438355141829,6.2875,5.97146366710117,0.734375,0
5,2,4,0.625,0.166666666666667,1.19438355141829,6.2875,5.97146366710117,0.9375,0
5,2,4,0.625,0.208333333333333,1.19438355141829,6.2875,5.97146366710117,1.140625,0
5,2,4,0.625,0.25,1.19438355141829,6.2875,5.97146366710117,1.34375,0
5,2,4,0.625,0.291666666666667,1.19438355141829,6.2875,5.97146366710117,1.546875,0
5,2,4,0.625,0.333333333333333,1.19438355141829,6.2875,5.97146366710117,1.75,0
5,2,4,0.625,0.375,1.19438355141829,6.2875,5.97146366710117,1.953125,0
5,2,4,0.625,0.416666666666667,1.19438355141829,6.2875,5.97146366710117,2.15625,0
5,2,4,0.625,0.458333333333333,1.19438355141829,6.2875,5.97146366710117,2.359375,0
5,2,4,0.625,0.5,1.19438355141829,6.2875,5.97146366710117,2.5625,0
5,2,4,0.625,0.541666666666667,1.19438355141829,6.2875,5.97146366710117,2.765625,0
5,2,4,0.625,0.583333333333333,1.19438355141829,6.2875,5.97146366710117,2.96875,0
5,2,4,0.625,0.625,1.19438355141829,6.2875,5.97146366710117,3.171875,0
5,2,4,0.625,0.666666666666667,1.19438355141829,6.2875,5.97146366710117,3.375,0
5,2,4,0.625,0.708333333333333,1.19438355141829,6.2875,5.97146366710117,3.578125,0
5,2,4,0.625,0.75,1.19438355141829,6.2875,5.97146366710117,3.78125,0
5,2,4,0.625,0.791666666666667,1.19438355141829,6.2875,5.97146366710117,3.984375,0.168798404103181
5,2,4,0.625,0.833333333333333,1.19438355141829,6.2875,5.97146366710117,4.1875,0.45266552566232
5,2,4,0.625,0.875,1.19438355141829,6.2875,5.97146366710117,4.390625,0.732278447891754
5,2,4,0.625,0.916666666666667,1.19438355141829,6.2875,5.97146366710117,4.59375,0.997767014705166
5,2,4,0.625,0.958333333333333,1.19438355141829,6.2875,5.97146366710117,4.796875,1.24014927408405
5,2,4,0.625,1,1.19438355141829,6.2875,5.97146366710117,5,1.45178548054381
5,2,4,0.666666666666667,0,1.19438355141829,6.7,5.97146366710117,0.125,0
5,2,4,0.666666666666667,0.0416666666666667,1.19438355141829,6.7,5.97146366710117,0.328125,0
5,2,4,0.666666666666667,0.0833333333333333,1.19438355141829,6.7,5.97146366710117,0.53125,0
5,2,4,0.666666666666667,0.125,1.19438355141829,6.7,5.97146366710117,0.734375,0
5,2,4,0.666666666666667,0.166666666666667,1.19438355141829,6.7,5.97146366710117,0.9375,0
5,2,4,0.666666666666667,0.208333333333333,1.19438355141829,6.7,5.97146366710117,1.140625,0
5,2,4,0.666666666666667,0.25,1.19438355141829,6.7,5.97146366710117,1.34375,0
5,2,4,0.666666666666667,0.291666666666667,1.19438355141829,6.7,5.97146366710117,1.546875,0
5,2,4,0.666666666666667,0.333333333333333,1.19438355141829,6.7,5.97146366710117,1.75,0
5,2,4,0.666666666666667,0.375,1.19438355141829,6.7,5.97146366710117,1.953125,0
5,2,4,0.666666666666667,0.416666666666667,1.19438355141829,6.7,5.97146366710117,2.15625,0
5,2,4,0.666666666666667,0.458333333333333,1.19438355141829,6.7,5.97146366710117,2.359375,0
5,2,4,0.666666666666667,0.5,1.19438355141829,6.7,5.97146366710117,2.5625,0
5,2,4,0.666666666666667,0.541666666666667,1.19438355141829,6.7,5.97146366710117,2.765625,0
5,2,4,0.666666666666667,0.583333333333333,1.19438355141829,6.7,5.97146366710117,2.96875,0
5,2,4,0.666666666666667,0.625,1.19438355141829,6.7,5.97146366710117,3.171875,0
5,2,4,0.666666666666667,0.666666666666667,1.19438355141829,6.7,5.97146366710117,3.375,0
5,2,4,0.666666666666667,0.708333333333333,1.19438355141829,6.7,5.97146366710117,3.578125,0
5,2,4,0.666666666666667,0.75,1.19438355141829,6.7,5.97146366710117,3.78125,0
5,2,4,0.666666666666667,0.791666666666667,1.19438355141829,6.7,5.97146366710117,3.984375,0
5,2,4,0.666666666666667,0.833333333333333,1.19438355141829,6.7,5.97146366710117,4.1875,0
5,2,4,0.666666666666667,0.875,1.19438355141829,6.7,5.97146366710117,4.390625,0
5,2,4,0.666666666666667,0.916666666666667,1.19438355141829,6.7,5.97146366710117,4.59375,0
5,2,4,0.666666666666667,0.958333333333333,1.19438355141829,6.7,5.97146366710117,4.796875,0
5,2,4,0.666666666666667,1,1.19438355141829,6.7,5.97146366710117,5,0
5,2,4,0.708333333333333,0,1.19438355141829,7.1125,5.97146366710117,0.125,0
5,2,4,0.708333333333333,0.0416666666666667,1.19438355141829,7.1125,5.97146366710117,0.328125,0
5,2,4,0.708333333333333,0.0833333333333333,1.19438355141829,7.1125,5.97146366710117,0.53125,0
5,2,4,0.708333333333333,0.125,1.19438355141829,7.1125,5.97146366710117,0.734375,0
5,2,4,0.708333333333333,0.166666666666667,1.19438355141829,7.1125,5.97146366710117,0.9375,0
5,2,4,0.708333333333333,0.208333333333333,1.19438355141829,7.1125,5.97146366710117,1.140625,0
5,2,4,0.708333333333333,0.25,1.19438355141829,7.1125,5.97146366710117,1.34375,0
5,2,4,0.708333333333333,0.291666666666667,1.19438355141829,7.1125,5.97146366710117,1.546875,0
5,2,4,0.708333333333333,0.333333333333333,1.19438355141829,7.1125,5.97146366710117,1.75,0
5,2,4,0.708333333333333,0.375,1.19438355141829,7.1125,5.97146366710117,1.953125,0
5,2,4,0.708333333333333,0.416666666666667,1.19438355141829,7.1125,5.97146366710117,2.15625,0
5,2,4,0.708333333333333,0.458333333333333,1.19438355141829,7.1125,5.97146366710117,2.359375,0
5,2,4,0.708333333333333,0.5,1.19438355141829,7.1125,5.97146366710117,2.5625,0
5,2,4,0.708333333333333,0.541666666666667,1.19438355141829,7.1125,5.97146366710117,2.765625,0
5,2,4,0.708333333333333,0.583333333333333,1.19438355141829,7.1125,5.97146366710117,2.96875,0
5,2,4,0.708333333333333,0.625,1.19438355141829,7.1125,5.97146366710117,3.171875,0
5,2,4,0.708333333333333,0.666666666666667,1.19438355141829,7.1125,5.97146366710117,3.375,0
5,2,4,0.708333333333333,0.708333333333333,1.19438355141829,7.1125,5.97146366710117,3.578125,0
5,2,4,0.708333333333333,0.75,1.19438355141829,7.1125,5.97146366710117,3.78125,0
5,2,4,0.708333333333333,0.791666666666667,1.19438355141829,7.1125,5.97146366710117,3.984375,0
5,2,4,0.708333333333333,0.833333333333333,1.19438355141829,7.1125,5.97146366710117,4.1875,0
5,2,4,0.708333333333333,0.875,1.19438355141829,7.1125,5.97146366710117,4.390625,0
5,2,4,0.708333333333333,0.916666666666667,1.19438355141829,7.1125,5.97146366710117,4.59375,0.0201844982724279
5,2,4,0.708333333333333,0.958333333333333,1.19438355141829,7.1125,5.97146366710117,4.796875,0.00721345144614627
5,2,4,0.708333333333333,1,1.19438355141829,7.1125,5.97146366710117,5,0
5,2,4,0.75,0,1.19438355141829,7.525,5.97146366710117,0.125,0
5,2,4,0.75,0.0416666666666667,1.19438355141829,7.525,5.97146366710117,0.328125,0
5,2,4,0.75,0.0833333333333333,1.19438355141829,7.525,5.97146366710117,0.53125,0
5,2,4,0.75,0.125,1.19438355141829,7.525,5.97146366710117,0.734375,0
5,2,4,0.75,0.166666666666667,1.19438355141829,7.525,5.97146366710117,0.9375,0
5,2,4,0.75,0.208333333333333,1.19438355141829,7.525,5.97146366710117,1.140625,0
5,2,4,0.75,0.25,1.19438355141829,7.525,5.97146366710117,1.34375,0
5,2,4,0.75,0.291666666666667,1.19438355141829,7.525,5.97146366710117,1.546875,0
5,2,4,0.75,0.333333333333333,1.19438355141829,7.525,5.97146366710117,1.75,0
5,2,4,0.75,0.375,1.19438355141829,7.525,5.97146366710117,1.953125,0
5,2,4,0.75,0.416666666666667,1.19438355141829,7.525,5.97146366710117,2.15625,0
5,2,4,0.75,0.458333333333333,1.19438355141829,7.525,5.97146366710117,2.359375,0
5,2,4,0.75,0.5,1.19438355141829,7.525,5.97146366710117,2.5625,0
5,2,4,0.75,0.541666666666667,1.19438355141829,7.525,5.97146366710117,2.765625,0
5,2,4,0.75,0.583333333333333,1.19438355141829,7.525,5.97146366710117,2.96875,0
5,2,4,0.75,0.625,1.19438355141829,7.525,5.97146366710117,3.171875,0
5,2,4,0.75,0.666666666666667,1.19438355141829,7.525,5.97146366710117,3.375,0
5,2,4,0.75,0.708333333333333,1.19438355141829,7.525,5.97146366710117,3.578125,0
5,2,4,0.75,0.75,1.19438355141829,7.525,5.97146366710117,3.78125,0
5,2,4,0.75,0.791666666666667,1.19438355141829,7.525,5.97146366710117,3.984375,0
5,2,4,0.75,0.833333333333333,1.19438355141829,7.525,5.97146366710117,4.1875,0
5,2,4,0.75,0.875,1.19438355141829,7.525,5.97146366710117,4.390625,0
5,2,4,0.75,0.916666666666667,1.19438355141829,7.525,5.97146366710117,4.59375,0
5,2,4,0.75,0.958333333333333,1.19438355141829,7.525,5.97146366710117,4.796875,0
5,2,4,0.75,1,1.19438355141829,7.525,5.97146366710117,5,0
5,2,4,0.791666666666667,0,1.19438355141829,7.9375,5.97146366710117,0.125,0
5,2,4,0.791666666666667,0.0416666666666667,1.19438355141829,7.9375,5.97146366710117,0.328125,0
5,2,4,0.791666666666667,0.0833333333333333,1.19438355141829,7.9375,5.97146366710117,0.53125,0
5,2,4,0.791666666666667,0.125,1.19438355141829,7.9375,5.97146366710117,0.734375,0
5,2,4,0.791666666666667,0.166666666666667,1.19438355141829,7.9375,5.97146366710117,0.9375,0
5,2,4,0.791666666666667,0.208333333333333,1.19438355141829,7.9375,5.97146366710117,1.140625,0
5,2,4,0.791666666666667,0.25,1.19438355141829,7.9375,5.97146366710117,1.34375,0
5,2,4,0.791666666666667,0.291666666666667,1.19438355141829,7.9375,5.97146366710117,1.546875,0
5,2,4,0.791666666666667,0.333333333333333,1.19438355141829,7.9375,5.97146366710117,1.75,0
5,2,4,0.791666666666667,0.375,1.19438355141829,7.9375,5.97146366710117,1.953125,0
5,2,4,0.791666666666667,0.416666666666667,1.19438355141829,7.9375,5.97146366710117,2.15625,0
5,2,4,0.791666666666667,0.458333333333333,1.19438355141829,7.9375,5.97146366710117,2.359375,0
5,2,4,0.791666666666667,0.5,1.19438355141829,7.9375,5.97146366710117,2.5625,0
5,2,4,0.791666666666667,0.541666666666667,1.19438355141829,7.9375,5.97146366710117,2.765625,0
5,2,4,0.791666666666667,0.583333333333333,1.19438355141829,7.9375,5.97146366710117,2.96875,0
5,2,4,0.791666666666667,0.625,1.19438355141829,7.9375,5.97146366710117,3.171875,0
5,2,4,0.791666666666667,0.666666666666667,1.19438355141829,7.9375,5.97146366710117,3.375,0
5,2,4,0.791666666666667,0.708333333333333,1.19438355141829,7.9375,5.97146366710117,3.578125,0
5,2,4,0.791666666666667,0.75,1.19438355141829,7.9375,5.97146366710117,3.78125,0
5,2,4,0.791666666666667,0.791666666666667,1.19438355141829,7.9375,5.97146366710117,3.984375,0
5,2,4,0.791666666666667,0.833333333333333,1.19438355141829,7.9375,5.97146366710117,4.1875,0
5,2,4,0.791666666666667,0.875,1.19438355141829,7.9375,5.97146366710117,4.390625,0
5,2,4,0.791666666666667,0.916666666666667,1.19438355141829,7.9375,5.97146366710117,4.59375,0
5,2,4,0.791666666666667,0.958333333333333,1.19438355141829,7.9375,5.97146366710117,4.796875,0
5,2,4,0.791666666666667,1,1.19438355141829,7.9375,5.97146366710117,5,0
5,2,4,0.833333333333333,0,1.19438355141829,8.35,5.97146366710117,0.125,0
5,2,4,0.833333333333333,0.0416666666666667,1.19438355141829,8.35,5.97146366710117,0.328125,0
5,2,4,0.833333333333333,0.0833333333333333,1.19438355141829,8.35,5.97146366710117,0.53125,0
5,2,4,0.833333333333333,0.125,1.19438355141829,8.35,5.97146366710117,0.734375,0
5,2,4,0.833333333333333,0.166666666666667,1.19438355141829,8.35,5.97146366710117,0.9375,0
5,2,4,0.833333333333333,0.208333333333333,1.19438355141829,8.35,5.97146366710117,1.140625,0
5,2,4,0.833333333333333,0.25,1.19438355141829,8.35,5.97146366710117,1.34375,0
5,2,4,0.833333333333333,0.291666666666667,1.19438355141829,8.35,5.97146366710117,1.546875,0
5,2,4,0.833333333333333,0.333333333333333,1.19438355141829,8.35,5.97146366710117,1.75,0
5,2,4,0.833333333333333,0.375,1.19438355141829,8.35,5.97146366710117,1.953125,0
5,2,4,0.833333333333333,0.416666666666667,1.19438355141829,8.35,5.97146366710117,2.15625,0
5,2,4,0.833333333333333,0.458333333333333,1.19438355141829,8.35,5.97146366710117,2.359375,0
5,2,4,0.833333333333333,0.5,1.19438355141829,8.35,5.97146366710117,2.5625,0
5,2,4,0.833333333333333,0.541666666666667,1.19438355141829,8.35,5.97146366710117,2.765625,0
5,2,4,0.833333333333333,0.583333333333333,1.19438355141829,8.35,5.97146366710117,2.96875,0
5,2,4,0.833333333333333,0.625,1.19438355141829,8.35,5.97146366710117,3.171875,0
5,2,4,0.833333333333333,0.666666666666667,1.19438355141829,8.35,5.97146366710117,3.375,0
5,2,4,0.833333333333333,0.708333333333333,1.19438355141829,8.35,5.97146366710117,3.578125,0
5,2,4,0.833333333333333,0.75,1.19438355141829,8.35,5.97146366710117,3.78125,0
5,2,4,0.833333333333333,0.791666666666667,1.19438355141829,8.35,5.97146366710117,3.984375,0
5,2,4,0.833333333333333,0.833333333333333,1.19438355141829,8.35,5.97146366710117,4.1875,0.0781054700840053
5,2,4,0.833333333333333,0.875,1.19438355141829,8.35,5.97146366710117,4.390625,0.314637176390899
5,2,4,0.833333333333333,0.916666666666667,1.19438355141829,8.35,5.97146366710117,4.59375,0.514837068952582
5,2,4,0.833333333333333,0.958333333333333,1.19438355141829,8.35,5.97146366710117,4.796875,0.673870485118351
5,2,4,0.833333333333333,1,1.19438355141829,8.35,5.97146366710117,5,0.788929460852059
5,2,4,0.875,0,1.19438355141829,8.7625,5.97146366710117,0.125,0
5,2,4,0.875,0.0416666666666667,1.19438355141829,8.7625,5.97146366710117,0.328125,0
5,2,4,0.875,0.0833333333333333,1.19438355141829,8.7625,5.97146366710117,0.53125,0
5,2,4,0.875,0.125,1.19438355141829,8.7625,5.97146366710117,0.734375,0
5,2,4,0.875,0.166666666666667,1.19438355141829,8.7625,5.97146366710117,0.9375,0
5,2,4,0.875,0.208333333333333,1.19438355141829,8.7625,5.97146366710117,1.140625,0
5,2,4,0.875,0.25,1.19438355141829,8.7625,5.97146366710117,1.34375,0
5,2,4,0.875,0.291666666666667,1.19438355141829,8.7625,5.97146366710117,1.546875,0
5,2,4,0.875,0.333333333333333,1.19438355141829,8.7625,5.97146366710117,1.75,0
5,2,4,0.875,0.375,1.19438355141829,8.7625,5.97146366710117,1.953125,0
5,2,4,0.875,0.416666666666667,1.19438355141829,8.7625,5.97146366710117,2.15625,0
5,2,4,0.875,0.458333333333333,1.19438355141829,8.7625,5.97146366710117,2.359375,0
5,2,4,0.875,0.5,1.19438355141829,8.7625,5.97146366710117,2.5625,0
5,2,4,0.875,0.541666666666667,1.19438355141829,8.7625,5.97146366710117,2.765625,0
5,2,4,0.875,0.583333333333333,1.19438355141829,8.7625,5.97146366710117,2.96875,0
5,2,4,0.875,0.625,1.19438355141829,8.7625,5.97146366710117,3.171875,0
5,2,4,0.875,0.666666666666667,1.19438355141829,8.7625,5.97146366710117,3.375,0
5,2,4,0.875,0.708333333333333,1.19438355141829,8.7625,5.97146366710117,3.578125,0
5,2,4,0.875,0.75,1.19438355141829,8.7625,5.97146366710117,3.78125,0
5,2,4,0.875,0.791666666666667,1.19438355141829,8.7625,5.97146366710117,3.984375,0
5,2,4,0.875,0.833333333333333,1.19438355141829,8.7625,5.97146366710117,4.1875,0
5,2,4,0.875,0.875,1.19438355141829,8.7625,5.97146366710117,4.390625,0
5,2,4,0.875,0.916666666666667,1.19438355141829,8.7625,5.97146366710117,4.59375,0
5,2,4,0.875,0.958333333333333,1.19438355141829,8.7625,5.97146366710117,4.796875,0
5,2,4,0.875,1,1.19438355141829,8.7625,5.97146366710117,5,0.184797598209762
5,2,4,0.916666666666667,0,1.19438355141829,9.175,5.97146366710117,0.125,0
5,2,4,0.916666666666667,0.0416666666666667,1.19438355141829,9.175,5.97146366710117,0.328125,0
5,2,4,0.916666666666667,0.0833333333333333,1.19438355141829,9.175,5.97146366710117,0.53125,0
5,2,4,0.916666666666667,0.125,1.19438355141829,9.175,5.97146366710117,0.734375,0
5,2,4,0.916666666666667,0.166666666666667,1.19438355141829,9.175,5.97146366710117,0.9375,0
5,2,4,0.916666666666667,0.208333333333333,1.19438355141829,9.175,5.97146366710117,1.140625,0
5,2,4,0.916666666666667,0.25,1.19438355141829,9.175,5.97146366710117,1.34375,0
5,2,4,0.916666666666667,0.291666666666667,1.19438355141829,9.175,5.97146366710117,1.546875,0
5,2,4,0.916666666666667,0.333333333333333,1.19438355141829,9.175,5.97146366710117,1.75,0
5,2,4,0.916666666666667,0.375,1.19438355141829,9.175,5.97146366710117,1.953125,0
5,2,4,0.916666666666667,0.416666666666667,1.19438355141829,9.175,5.97146366710117,2.15625,0
5,2,4,0.916666666666667,0.458333333333333,1.19438355141829,9.175,5.97146366710117,2.359375,0
5,2,4,0.916666666666667,0.5,1.19438355141829,9.175,5.97146366710117,2.5625,0
5,2,4,0.916666666666667,0.541666666666667,1.19438355141829,9.175,5.97146366710117,2.765625,0
5,2,4,0.916666666666667,0.583333333333333,1.19438355141829,9.175,5.97146366710117,2.96875,0
5,2,4,0.916666666666667,0.625,1.19438355141829,9.175,5.97146366710117,3.171875,0
5,2,4,0.916666666666667,0.666666666666667,1.19438355141829,9.175,5.97146366710117,3.375,0
5,2,4,0.916666666666667,0.708333333333333,1.19438355141829,9.175,5.97146366710117,3.578125,0.0824359430724894
5,2,4,0.916666666666667,0.75,1.19438355141829,9.175,5.97146366710117,3.78125,0.279612323979019
5,2,4,0.916666666666667,0.791666666666667,1.19438355141829,9.175,5.97146366710117,3.984375,0.428632840417867
5,2,4,0.916666666666667,0.833333333333333,1.19438355141829,9.175,5.97146366710117,4.1875,0.531566283287608
5,2,4,0.916666666666667,0.875,1.19438355141829,9.175,5.97146366710117,4.390625,0.592544508085795
5,2,4,0.916666666666667,0.916666666666667,1.19438355141829,9.175,5.97146366710117,4.59375,0.617492623080144
5,2,4,0.916666666666667,0.958333333333333,1.19438355141829,9.175,5.97146366710117,4.796875,0.613768696950673
5,2,4,0.916666666666667,1,1.19438355141829,9.175,5.97146366710117,5,0.589734407628587
5,2,4,0.958333333333333,0,1.19438355141829,9.5875,5.97146366710117,0.125,0
5,2,4,0.958333333333333,0.0416666666666667,1.19438355141829,9.5875,5.97146366710117,0.328125,0
5,2,4,0.958333333333333,0.0833333333333333,1.19438355141829,9.5875,5.97146366710117,0.53125,0
5,2,4,0.958333333333333,0.125,1.19438355141829,9.5875,5.97146366710117,0.734375,0
5,2,4,0.958333333333333,0.166666666666667,1.19438355141829,9.5875,5.97146366710117,0.9375,0
5,2,4,0.958333333333333,0.208333333333333,1.19438355141829,9.5875,5.97146366710117,1.140625,0
5,2,4,0.958333333333333,0.25,1.19438355141829,9.5875,5.97146366710117,1.34375,0
5,2,4,0.958333333333333,0.291666666666667,1.19438355141829,9.5875,5.97146366710117,1.546875,0
5,2,4,0.958333333333333,0.333333333333333,1.19438355141829,9.5875,5.97146366710117,1.75,0
5,2,4,0.958333333333333,0.375,1.19438355141829,9.5875,5.97146366710117,1.953125,0
5,2,4,0.958333333333333,0.416666666666667,1.19438355141829,9.5875,5.97146366710117,2.15625,0
5,2,4,0.958333333333333,0.458333333333333,1.19438355141829,9.5875,5.97146366710117,2.359375,0
5,2,4,0.958333333333333,0.5,1.19438355141829,9.5875,5.97146366710117,2.5625,0
5,2,4,0.958333333333333,0.541666666666667,1.19438355141829,9.5875,5.97146366710117,2.765625,0
5,2,4,0.958333333333333,0.583333333333333,1.19438355141829,9.5875,5.97146366710117,2.96875,0
5,2,4,0.958333333333333,0.625,1.19438355141829,9.5875,5.97146366710117,3.171875,0
5,2,4,0.958333333333333,0.666666666666667,1.19438355141829,9.5875,5.97146366710117,3.375,0
5,2,4,0.958333333333333,0.708333333333333,1.19438355141829,9.5875,5.97146366710117,3.578125,0
5,2,4,0.958333333333333,0.75,1.19438355141829,9.5875,5.97146366710117,3.78125,0
5,2,4,0.958333333333333,0.791666666666667,1.19438355141829,9.5875,5.97146366710117,3.984375,0
5,2,4,0.958333333333333,0.833333333333333,1.19438355141829,9.5875,5.97146366710117,4.1875,0
5,2,4,0.958333333333333,0.875,1.19438355141829,9.5875,5.97146366710117,4.390625,0
5,2,4,0.958333333333333,0.916666666666667,1.19438355141829,9.5875,5.97146366710117,4.59375,0
5,2,4,0.958333333333333,0.958333333333333,1.19438355141829,9.5875,5.97146366710117,4.796875,0
5,2,4,0.958333333333333,1,1.19438355141829,9.5875,5.97146366710117,5,0.00318699915213725
5,2,4,1,0,1.19438355141829,10,5.97146366710117,0.125,0
5,2,4,1,0.0416666666666667,1.19438355141829,10,5.97146366710117,0.328125,0
5,2,4,1,0.0833333333333333,1.19438355141829,10,5.97146366710117,0.53125,0
5,2,4,1,0.125,1.19438355141829,10,5.97146366710117,0.734375,0
5,2,4,1,0.166666666666667,1.19438355141829,10,5.97146366710117,0.9375,0
5,2,4,1,0.208333333333333,1.19438355141829,10,5.97146366710117,1.140625,0
5,2,4,1,0.25,1.19438355141829,10,5.97146366710117,1.34375,0
5,2,4,1,0.291666666666667,1.19438355141829,10,5.97146366710117,1.546875,0
5,2,4,1,0.333333333333333,1.19438355141829,10,5.97146366710117,1.75,0
5,2,4,1,0.375,1.19438355141829,10,5.97146366710117,1.953125,0
5,2,4,1,0.416666666666667,1.19438355141829,10,5.97146366710117,2.15625,0
5,2,4,1,0.458333333333333,1.19438355141829,10,5.97146366710117,2.359375,0
5,2,4,1,0.5,1.19438355141829,10,5.97146366710117,2.5625,0.00625904609048988
5,2,4,1,0.541666666666667,1.19438355141829,10,5.97146366710117,2.765625,0
5,2,4,1,0.583333333333333,1.19438355141829,10,5.97146366710117,2.96875,0
5,2,4,1,0.625,1.19438355141829,10,5.97146366710117,3.171875,0
5,2,4,1,0.666666666666667,1.19438355141829,10,5.97146366710117,3.375,0
5,2,4,1,0.708333333333333,1.19438355141829,10,5.97146366710117,3.578125,0
5,2,4,1,0.75,1.19438355141829,10,5.97146366710117,3.78125,0
5,2,4,1,0.791666666666667,1.19438355141829,10,5.97146366710117,3.984375,0
5,2,4,1,0.833333333333333,1.19438355141829,10,5.97146366710117,4.1875,0
5,2,4,1,0.875,1.19438355141829,10,5.97146366710117,4.390625,0
5,2,4,1,0.916666666666667,1.19438355141829,10,5.97146366710117,4.59375,0
5,2,4,1,0.958333333333333,1.19438355141829,10,5.97146366710117,4.796875,0
5,2,4,1,1,1.19438355141829,10,5.97146366710117,5,0
6,3,4,0,0,1.19438355141829,5.90398975492891,0.1,0.125,1.68154588421715
6,3,4,0,0.0416666666666667,1.19438355141829,5.90398975492891,0.1,0.328125,1.81424546198313
6,3,4,0,0.0833333333333333,1.19438355141829,5.90398975492891,0.1,0.53125,1.95737743232444
6,3,4,0,0.125,1.19438355141829,5.90398975492891,0.1,0.734375,2.10005220272684
6,3,4,0,0.166666666666667,1.19438355141829,5.90398975492891,0.1,0.9375,2.23166441722529
6,3,4,0,0.208333333333333,1.19438355141829,5.90398975492891,0.1,1.140625,2.34246697915702
6,3,4,0,0.25,1.19438355141829,5.90398975492891,0.1,1.34375,2.42409926704879
6,3,4,0,0.291666666666667,1.19438355141829,5.90398975492891,0.1,1.546875,2.47004158917438
6,3,4,0,0.333333333333333,1.19438355141829,5.90398975492891,0.1,1.75,2.47597153254177
6,3,4,0,0.375,1.19438355141829,5.90398975492891,0.1,1.953125,2.4400028136095
6,3,4,0,0.416666666666667,1.19438355141829,5.90398975492891,0.1,2.15625,2.3627933157737
6,3,4,0,0.458333333333333,1.19438355141829,5.90398975492891,0.1,2.359375,2.24751589451031
6,3,4,0,0.5,1.19438355141829,5.90398975492891,0.1,2.5625,2.09969286484853
6,3,4,0,0.541666666666667,1.19438355141829,5.90398975492891,0.1,2.765625,1.92690244515136
6,3,4,0,0.583333333333333,1.19438355141829,5.90398975492891,0.1,2.96875,1.73837240186275
6,3,4,0,0.625,1.19438355141829,5.90398975492891,0.1,3.171875,1.54448232824209
6,3,4,0,0.666666666666667,1.19438355141829,5.90398975492891,0.1,3.375,1.35620103709012
6,3,4,0,0.708333333333333,1.19438355141829,5.90398975492891,0.1,3.578125,1.18448915313315
6,3,4,0,0.75,1.19438355141829,5.90398975492891,0.1,3.78125,1.03969894602569
6,3,4,0,0.791666666666667,1.19438355141829,5.90398975492891,0.1,3.984375,0.93100366519028
6,3,4,0,0.833333333333333,1.19438355141829,5.90398975492891,0.1,4.1875,0.865887174174791
6,3,4,0,0.875,1.19438355141829,5.90398975492891,0.1,4.390625,0.84972168641495
6,3,4,0,0.916666666666667,1.19438355141829,5.90398975492891,0.1,4.59375,0.88545705742104
6,3,4,0,0.958333333333333,1.19438355141829,5.90398975492891,0.1,4.796875,0.973439571579727
6,3,4,0,1,1.19438355141829,5.90398975492891,0.1,5,1.11137168374904
6,3,4,0.0416666666666667,0,1.19438355141829,5.90398975492891,0.5125,0.125,1.77472112415713
6,3,4,0.0416666666666667,0.0416666666666667,1.19438355141829,5.90398975492891,0.5125,0.328125,1.9135107714743
6,3,4,0.0416666666666667,0.0833333333333333,1.19438355141829,5.90398975492891,0.5125,0.53125,2.04847991820303
6,3,4,0.0416666666666667,0.125,1.19438355141829,5.90398975492891,0.5125,0.734375,2.16924753128057
6,3,4,0.0416666666666667,0.166666666666667,1.19438355141829,5.90398975492891,0.5125,0.9375,2.26646485328809
6,3,4,0.0416666666666667,0.208333333333333,1.19438355141829,5.90398975492891,0.5125,1.140625,2.33232107653496
6,3,4,0.0416666666666667,0.25,1.19438355141829,5.90398975492891,0.5125,1.34375,2.3609667570887
6,3,4,0.0416666666666667,0.291666666666667,1.19438355141829,5.90398975492891,0.5125,1.546875,2.34883246321048
6,3,4,0.0416666666666667,0.333333333333333,1.19438355141829,5.90398975492891,0.5125,1.75,2.29482543331857
6,3,4,0.0416666666666667,0.375,1.19438355141829,5.90398975492891,0.5125,1.953125,2.20039330404524
6,3,4,0.0416666666666667,0.416666666666667,1.19438355141829,5.90398975492891,0.5125,2.15625,2.06945095954757
6,3,4,0.0416666666666667,0.458333333333333,1.19438355141829,5.90398975492891,0.5125,2.359375,1.90817386611992
6,3,4,0.0416666666666667,0.5,1.19438355141829,5.90398975492891,0.5125,2.5625,1.7246684662944
6,3,4,0.0416666666666667,0.541666666666667,1.19438355141829,5.90398975492891,0.5125,2.765625,1.52853689731202
6,3,4,0.0416666666666667,0.583333333333333,1.19438355141829,5.90398975492891,0.5125,2.96875,1.33035909337675
6,3,4,0.0416666666666667,0.625,1.19438355141829,5.90398975492891,0.5125,3.171875,1.14111992948447
6,3,4,0.0416666666666667,0.666666666666667,1.19438355141829,5.90398975492891,0.5125,3.375,0.971612020223392
6,3,4,0.0416666666666667,0.708333333333333,1.19438355141829,5.90398975492891,0.5125,3.578125,0.831846312257412
6,3,4,0.0416666666666667,0.75,1.19438355141829,5.90398975492891,0.5125,3.78125,0.730502468743609
6,3,4,0.0416666666666667,0.791666666666667,1.19438355141829,5.90398975492891,0.5125,3.984375,0.674447745597172
6,3,4,0.0416666666666667,0.833333333333333,1.19438355141829,5.90398975492891,0.5125,4.1875,0.668351712877925
6,3,4,0.0416666666666667,0.875,1.19438355141829,5.90398975492891,0.5125,4.390625,0.71441671866877
6,3,4,0.0416666666666667,0.916666666666667,1.19438355141829,5.90398975492891,0.5125,4.59375,0.812239931569141
6,3,4,0.0416666666666667,0.958333333333333,1.19438355141829,5.90398975492891,0.5125,4.796875,0.9588155166718
6,3,4,0.0416666666666667,1,1.19438355141829,5.90398975492891,0.5125,5,1.14867858183008
6,3,4,0.0833333333333333,0,1.19438355141829,5.90398975492891,0.925,0.125,1.87619219737443
6,3,4,0.0833333333333333,0.0416666666666667,1.19438355141829,5.90398975492891,0.925,0.328125,2.00281441522899
6,3,4,0.0833333333333333,0.0833333333333333,1.19438355141829,5.90398975492891,0.925,0.53125,2.11214671469508
6,3,4,0.0833333333333333,0.125,1.19438355141829,5.90398975492891,0.925,0.734375,2.19528030484655
6,3,4,0.0833333333333333,0.166666666666667,1.19438355141829,5.90398975492891,0.925,0.9375,2.24499017102186
6,3,4,0.0833333333333333,0.208333333333333,1.19438355141829,5.90398975492891,0.925,1.140625,2.25612525855351
6,3,4,0.0833333333333333,0.25,1.19438355141829,5.90398975492891,0.925,1.34375,2.22588765229228
6,3,4,0.0833333333333333,0.291666666666667,1.19438355141829,5.90398975492891,0.925,1.546875,2.1539858381575
6,3,4,0.0833333333333333,0.333333333333333,1.19438355141829,5.90398975492891,0.925,1.75,2.04265370663208
6,3,4,0.0833333333333333,0.375,1.19438355141829,5.90398975492891,0.925,1.953125,1.89653361389396
6,3,4,0.0833333333333333,0.416666666666667,1.19438355141829,5.90398975492891,0.925,2.15625,1.72242860790342
6,3,4,0.0833333333333333,0.458333333333333,1.19438355141829,5.90398975492891,0.925,2.359375,1.52893914525827
6,3,4,0.0833333333333333,0.5,1.19438355141829,5.90398975492891,0.925,2.5625,1.32600063684199
6,3,4,0.0833333333333333,0.541666666666667,1.19438355141829,5.90398975492891,0.925,2.765625,1.12434768480116
6,3,4,0.0833333333333333,0.583333333333333,1.19438355141829,5.90398975492891,0.925,2.96875,0.934933571614269
6,3,4,0.0833333333333333,0.625,1.19438355141829,5.90398975492891,0.925,3.171875,0.768336069263007
6,3,4,0.0833333333333333,0.666666666666667,1.19438355141829,5.90398975492891,0.925,3.375,0.634181529977084
6,3,4,0.0833333333333333,0.708333333333333,1.19438355141829,5.90398975492891,0.925,3.578125,0.540618263516524
6,3,4,0.0833333333333333,0.75,1.19438355141829,5.90398975492891,0.925,3.78125,0.493867530081685
6,3,4,0.0833333333333333,0.791666666666667,1.19438355141829,5.90398975492891,0.925,3.984375,0.497876287468253
6,3,4,0.0833333333333333,0.833333333333333,1.19438355141829,5.90398975492891,0.925,4.1875,0.554090452161761
6,3,4,0.0833333333333333,0.875,1.19438355141829,5.90398975492891,0.925,4.390625,0.661361208980644
6,3,4,0.0833333333333333,0.916666666666667,1.19438355141829,5.90398975492891,0.925,4.59375,0.815990134821523
6,3,4,0.0833333333333333,0.958333333333333,1.19438355141829,5.90398975492891,0.925,4.796875,1.01191194261142
6,3,4,0.0833333333333333,1,1.19438355141829,5.90398975492891,0.925,5,1.24100680880061
6,3,4,0.125,0,1.19438355141829,5.90398975492891,1.3375,0.125,1.96288213738967
6,3,4,0.125,0.0416666666666667,1.19438355141829,5.90398975492891,1.3375,0.328125,2.06024261045431
6,3,4,0.125,0.0833333333333333,1.19438355141829,5.90398975492891,1.3375,0.53125,2.1288526790605
6,3,4,0.125,0.125,1.19438355141829,5.90398975492891,1.3375,0.734375,2.16210632996059
6,3,4,0.125,0.166666666666667,1.19438355141829,5.90398975492891,1.3375,0.9375,2.15557612200484
6,3,4,0.125,0.208333333333333,1.19438355141829,5.90398975492891,1.3375,1.140625,2.10725131127756
6,3,4,0.125,0.25,1.19438355141829,5.90398975492891,1.3375,1.34375,2.01764709686844
6,3,4,0.125,0.291666666666667,1.19438355141829,5.90398975492891,1.3375,1.546875,1.88977747468561
6,3,4,0.125,0.333333333333333,1.19438355141829,5.90398975492891,1.3375,1.75,1.72899441544974
6,3,4,0.125,0.375,1.19438355141829,5.90398975492891,1.3375,1.953125,1.54270275931989
6,3,4,0.125,0.416666666666667,1.19438355141829,5.90398975492891,1.3375,2.15625,1.33996234135407
6,3,4,0.125,0.458333333333333,1.19438355141829,5.90398975492891,1.3375,2.359375,1.13100082730759
6,3,4,0.125,0.5,1.19438355141829,5.90398975492891,1.3375,2.5625,0.926662634946045
6,3,4,0.125,0.541666666666667,1.19438355141829,5.90398975492891,1.3375,2.765625,0.737823422880119
6,3,4,0.125,0.583333333333333,1.19438355141829,5.90398975492891,1.3375,2.96875,0.574801559023156
6,3,4,0.125,0.625,1.19438355141829,5.90398975492891,1.3375,3.171875,0.446798214650588
6,3,4,0.125,0.666666666666667,1.19438355141829,5.90398975492891,1.3375,3.375,0.361396225837304
6,3,4,0.125,0.708333333333333,1.19438355141829,5.90398975492891,1.3375,3.578125,0.324144674413627
6,3,4,0.125,0.75,1.19438355141829,5.90398975492891,1.3375,3.78125,0.338251452691104
6,3,4,0.125,0.791666666666667,1.19438355141829,5.90398975492891,1.3375,3.984375,0.404400245579707
6,3,4,0.125,0.833333333333333,1.19438355141829,5.90398975492891,1.3375,4.1875,0.520701685232342
6,3,4,0.125,0.875,1.19438355141829,5.90398975492891,1.3375,4.390625,0.682781735332739
6,3,4,0.125,0.916666666666667,1.19438355141829,5.90398975492891,1.3375,4.59375,0.884003085532444
6,3,4,0.125,0.958333333333333,1.19438355141829,5.90398975492891,1.3375,4.796875,1.11580892278949
6,3,4,0.125,1,1.19438355141829,5.90398975492891,1.3375,5,1.36817245099633
6,3,4,0.166666666666667,0,1.19438355141829,5.90398975492891,1.75,0.125,2.01337954835058
6,3,4,0.166666666666667,0.0416666666666667,1.19438355141829,5.90398975492891,1.75,0.328125,2.06708874932847
6,3,4,0.166666666666667,0.0833333333333333,1.19438355141829,5.90398975492891,1.75,0.53125,2.08364050137762
6,3,4,0.166666666666667,0.125,1.19438355141829,5.90398975492891,1.75,0.734375,2.05935290775879
6,3,4,0.166666666666667,0.166666666666667,1.19438355141829,5.90398975492891,1.75,0.9375,1.99301481978829
6,3,4,0.166666666666667,0.208333333333333,1.19438355141829,5.90398975492891,1.75,1.140625,1.88595035358791
6,3,4,0.166666666666667,0.25,1.19438355141829,5.90398975492891,1.75,1.34375,1.74194432925299
6,3,4,0.166666666666667,0.291666666666667,1.19438355141829,5.90398975492891,1.75,1.546875,1.56704071925316
6,3,4,0.166666666666667,0.333333333333333,1.19438355141829,5.90398975492891,1.75,1.75,1.3692179624035
6,3,4,0.166666666666667,0.375,1.19438355141829,5.90398975492891,1.75,1.953125,1.1579598836453
6,3,4,0.166666666666667,0.416666666666667,1.19438355141829,5.90398975492891,1.75,2.15625,0.943745681280035
6,3,4,0.166666666666667,0.458333333333333,1.19438355141829,5.90398975492891,1.75,2.359375,0.737485852526846
6,3,4,0.166666666666667,0.5,1.19438355141829,5.90398975492891,1.75,2.5625,0.54993426123875
6,3,4,0.166666666666667,0.541666666666667,1.19438355141829,5.90398975492891,1.75,2.765625,0.391107879598973
6,3,4,0.166666666666667,0.583333333333333,1.19438355141829,5.90398975492891,1.75,2.96875,0.269745357565763
6,3,4,0.166666666666667,0.625,1.19438355141829,5.90398975492891,1.75,3.171875,0.192833440053481
6,3,4,0.166666666666667,0.666666666666667,1.19438355141829,5.90398975492891,1.75,3.375,0.165226868438425
6,3,4,0.166666666666667,0.708333333333333,1.19438355141829,5.90398975492891,1.75,3.578125,0.189381886427252
6,3,4,0.166666666666667,0.75,1.19438355141829,5.90398975492891,1.75,3.78125,0.265217586591944
6,3,4,0.166666666666667,0.791666666666667,1.19438355141829,5.90398975492891,1.75,3.984375,0.390112269432982
6,3,4,0.166666666666667,0.833333333333333,1.19438355141829,5.90398975492891,1.75,4.1875,0.559034887023492
6,3,4,0.166666666666667,0.875,1.19438355141829,5.90398975492891,1.75,4.390625,0.764804696815747
6,3,4,0.166666666666667,0.916666666666667,1.19438355141829,5.90398975492891,1.75,4.59375,0.998465797998171
6,3,4,0.166666666666667,0.958333333333333,1.19438355141829,5.90398975492891,1.75,4.796875,1.24975770184464
6,3,4,0.166666666666667,1,1.19438355141829,5.90398975492891,1.75,5,1.50765857361635
6,3,4,0.208333333333333,0,1.19438355141829,5.90398975492891,2.1625,0.125,2.00984988584619
6,3,4,0.208333333333333,0.0416666666666667,1.19438355141829,5.90398975492891,2.1625,0.328125,2.00952238512595
6,3,4,0.208333333333333,0.0833333333333333,1.19438355141829,5.90398975492891,2.1625,0.53125,1.96745245545328
6,3,4,0.208333333333333,0.125,1.19438355141829,5.90398975492891,2.1625,0.734375,1.88323735574429
6,3,4,0.208333333333333,0.166666666666667,1.19438355141829,5.90398975492891,2.1625,0.9375,1.75900833672837
6,3,4,0.208333333333333,0.208333333333333,1.19438355141829,5.90398975492891,2.1625,1.140625,1.59931072718757
6,3,4,0.208333333333333,0.25,1.19438355141829,5.90398975492891,2.1625,1.34375,1.41085908700544
6,3,4,0.208333333333333,0.291666666666667,1.19438355141829,5.90398975492891,2.1625,1.546875,1.20217621831547
6,3,4,0.208333333333333,0.333333333333333,1.19438355141829,5.90398975492891,2.1625,1.75,0.983134061404833
6,3,4,0.208333333333333,0.375,1.19438355141829,5.90398975492891,2.1625,1.953125,0.764422961225644
6,3,4,0.208333333333333,0.416666666666667,1.19438355141829,5.90398975492891,2.1625,2.15625,0.556976994081682
6,3,4,0.208333333333333,0.458333333333333,1.19438355141829,5.90398975492891,2.1625,2.359375,0.37138615118936
6,3,4,0.208333333333333,0.5,1.19438355141829,5.90398975492891,2.1625,2.5625,0.217326754654058
6,3,4,0.208333333333333,0.541666666666667,1.19438355141829,5.90398975492891,2.1625,2.765625,0.103040925201988
6,3,4,0.208333333333333,0.583333333333333,1.19438355141829,5.90398975492891,2.1625,2.96875,0.0348926450135213
6,3,4,0.208333333333333,0.625,1.19438355141829,5.90398975492891,2.1625,3.171875,0.0170243443958974
6,3,4,0.208333333333333,0.666666666666667,1.19438355141829,5.90398975492891,2.1625,3.375,0.0511322929845349
6,3,4,0.208333333333333,0.708333333333333,1.19438355141829,5.90398975492891,2.1625,3.578125,0.136372630043839
6,3,4,0.208333333333333,0.75,1.19438355141829,5.90398975492891,2.1625,3.78125,0.269402724669864
6,3,4,0.208333333333333,0.791666666666667,1.19438355141829,5.90398975492891,2.1625,3.984375,0.444555239217383
6,3,4,0.208333333333333,0.833333333333333,1.19438355141829,5.90398975492891,2.1625,4.1875,0.654135286831618
6,3,4,0.208333333333333,0.875,1.19438355141829,5.90398975492891,2.1625,4.390625,0.888824817531756
6,3,4,0.208333333333333,0.916666666666667,1.19438355141829,5.90398975492891,2.1625,4.59375,1.1381731621923
6,3,4,0.208333333333333,0.958333333333333,1.19438355141829,5.90398975492891,2.1625,4.796875,1.39114883074809
6,3,4,0.208333333333333,1,1.19438355141829,5.90398975492891,2.1625,5,1.63672486892418
6,3,4,0.25,0,1.19438355141829,5.90398975492891,2.575,0.125,1.93962617646645
6,3,4,0.25,0.0416666666666667,1.19438355141829,5.90398975492891,2.575,0.328125,1.87982096869626
6,3,4,0.25,0.0833333333333333,1.19438355141829,5.90398975492891,2.575,0.53125,1.77793315868065
6,3,4,0.25,0.125,1.19438355141829,5.90398975492891,2.575,0.734375,1.63689558579699
6,3,4,0.25,0.166666666666667,1.19438355141829,5.90398975492891,2.575,0.9375,1.46200057215418
6,3,4,0.25,0.208333333333333,1.19438355141829,5.90398975492891,2.575,1.140625,1.26060922469934
6,3,4,0.25,0.25,1.19438355141829,5.90398975492891,2.575,1.34375,1.04175773847589
6,3,4,0.25,0.291666666666667,1.19438355141829,5.90398975492891,2.575,1.546875,0.81566951150362
6,3,4,0.25,0.333333333333333,1.19438355141829,5.90398975492891,2.575,1.75,0.593205860563536
6,3,4,0.25,0.375,1.19438355141829,5.90398975492891,2.575,1.953125,0.385283171977793
6,3,4,0.25,0.416666666666667,1.19438355141829,5.90398975492891,2.575,2.15625,0.202287446813985
6,3,4,0.25,0.458333333333333,1.19438355141829,5.90398975492891,2.575,2.359375,0.0535180960174791
6,3,4,0.25,0.5,1.19438355141829,5.90398975492891,2.575,2.5625,0
6,3,4,0.25,0.541666666666667,1.19438355141829,5.90398975492891,2.575,2.765625,0
6,3,4,0.25,0.583333333333333,1.19438355141829,5.90398975492891,2.575,2.96875,0
6,3,4,0.25,0.625,1.19438355141829,5.90398975492891,2.575,3.171875,0
6,3,4,0.25,0.666666666666667,1.19438355141829,5.90398975492891,2.575,3.375,0.0176725181171067
6,3,4,0.25,0.708333333333333,1.19438355141829,5.90398975492891,2.575,3.578125,0.158356888914751
6,3,4,0.25,0.75,1.19438355141829,5.90398975492891,2.575,3.78125,0.339120659976275
6,3,4,0.25,0.791666666666667,1.19438355141829,5.90398975492891,2.575,3.984375,0.55178543650977
6,3,4,0.25,0.833333333333333,1.19438355141829,5.90398975492891,2.575,4.1875,0.786707582174849
6,3,4,0.25,0.875,1.19438355141829,5.90398975492891,2.575,4.390625,1.03328755876051
6,3,4,0.25,0.916666666666667,1.19438355141829,5.90398975492891,2.575,4.59375,1.28052903516369
6,3,4,0.25,0.958333333333333,1.19438355141829,5.90398975492891,2.575,4.796875,1.51761936240136
6,3,4,0.25,1,1.19438355141829,5.90398975492891,2.575,5,1.73450205325561
6,3,4,0.291666666666667,0,1.19438355141829,5.90398975492891,2.9875,0.125,1.79633890874819
6,3,4,0.291666666666667,0.0416666666666667,1.19438355141829,5.90398975492891,2.9875,0.328125,1.67705651182479
6,3,4,0.291666666666667,0.0833333333333333,1.19438355141829,5.90398975492891,2.9875,0.53125,1.51963439846345
6,3,4,0.291666666666667,0.125,1.19438355141829,5.90398975492891,2.9875,0.734375,1.3300930067183
6,3,4,0.291666666666667,0.166666666666667,1.19438355141829,5.90398975492891,2.9875,0.9375,1.11641461721411
6,3,4,0.291666666666667,0.208333333333333,1.19438355141829,5.90398975492891,2.9875,1.140625,0.88811500300911
6,3,4,0.291666666666667,0.25,1.19438355141829,5.90398975492891,2.9875,1.34375,0.655731110888474
6,3,4,0.291666666666667,0.291666666666667,1.19438355141829,5.90398975492891,2.9875,1.546875,0.430254915492307
6,3,4,0.291666666666667,0.333333333333333,1.19438355141829,5.90398975492891,2.9875,1.75,0.222544675482775
6,3,4,0.291666666666667,0.375,1.19438355141829,5.90398975492891,2.9875,1.953125,0.0427444529413317
6,3,4,0.291666666666667,0.416666666666667,1.19438355141829,5.90398975492891,2.9875,2.15625,0
6,3,4,0.291666666666667,0.458333333333333,1.19438355141829,5.90398975492891,2.9875,2.359375,0
6,3,4,0.291666666666667,0.5,1.19438355141829,5.90398975492891,2.9875,2.5625,0
6,3,4,0.291666666666667,0.541666666666667,1.19438355141829,5.90398975492891,2.9875,2.765625,0
6,3,4,0.291666666666667,0.583333333333333,1.19438355141829,5.90398975492891,2.9875,2.96875,0
6,3,4,0.291666666666667,0.625,1.19438355141829,5.90398975492891,2.9875,3.171875,0
6,3,4,0.291666666666667,0.666666666666667,1.19438355141829,5.90398975492891,2.9875,3.375,0.0567517597615914
6,3,4,0.291666666666667,0.708333333333333,1.19438355141829,5.90398975492891,2.9875,3.578125,0.242496883621725
6,3,4,0.291666666666667,0.75,1.19438355141829,5.90398975492891,2.9875,3.78125,0.457528763241776
6,3,4,0.291666666666667,0.791666666666667,1.19438355141829,5.90398975492891,2.9875,3.984375,0.691915365685167
6,3,4,0.291666666666667,0.833333333333333,1.19438355141829,5.90398975492891,2.9875,4.1875,0.93494827262641
6,3,4,0.291666666666667,0.875,1.19438355141829,5.90398975492891,2.9875,4.390625,1.17570774911839
6,3,4,0.291666666666667,0.916666666666667,1.19438355141829,5.90398975492891,2.9875,4.59375,1.40363723353134
6,3,4,0.291666666666667,0.958333333333333,1.19438355141829,5.90398975492891,2.9875,4.796875,1.60909771719841
6,3,4,0.291666666666667,1,1.19438355141829,5.90398975492891,2.9875,5,1.78387404880914
6,3,4,0.333333333333333,0,1.19438355141829,5.90398975492891,3.4,0.125,1.58048653885589
6,3,4,0.333333333333333,0.0416666666666667,1.19438355141829,5.90398975492891,3.4,0.328125,1.40717863996935
6,3,4,0.333333333333333,0.0833333333333333,1.19438355141829,5.90398975492891,3.4,0.53125,1.20360741581076
6,3,4,0.333333333333333,0.125,1.19438355141829,5.90398975492891,3.4,0.734375,0.978349100168939
6,3,4,0.333333333333333,0.166666666666667,1.19438355141829,5.90398975492891,3.4,0.9375,0.741361885188226
6,3,4,0.333333333333333,0.208333333333333,1.19438355141829,5.90398975492891,3.4,1.140625,0.503456445732076
6,3,4,0.333333333333333,0.25,1.19438355141829,5.90398975492891,3.4,1.34375,0.275714250083662
6,3,4,0.333333333333333,0.291666666666667,1.19438355141829,5.90398975492891,3.4,1.546875,0.0688954770693823
6,3,4,0.333333333333333,0.333333333333333,1.19438355141829,5.90398975492891,3.4,1.75,0
6,3,4,0.333333333333333,0.375,1.19438355141829,5.90398975492891,3.4,1.953125,0
6,3,4,0.333333333333333,0.416666666666667,1.19438355141829,5.90398975492891,3.4,2.15625,0
6,3,4,0.333333333333333,0.458333333333333,1.19438355141829,5.90398975492891,3.4,2.359375,0
6,3,4,0.333333333333333,0.5,1.19438355141829,5.90398975492891,3.4,2.5625,0
6,3,4,0.333333333333333,0.541666666666667,1.19438355141829,5.90398975492891,3.4,2.765625,0
6,3,4,0.333333333333333,0.583333333333333,1.19438355141829,5.90398975492891,3.4,2.96875,0
6,3,4,0.333333333333333,0.625,1.19438355141829,5.90398975492891,3.4,3.171875,0
6,3,4,0.333333333333333,0.666666666666667,1.19438355141829,5.90398975492891,3.4,3.375,0.154456704231313
6,3,4,0.333333333333333,0.708333333333333,1.19438355141829,5.90398975492891,3.4,3.578125,0.37113817132979
6,3,4,0.333333333333333,0.75,1.19438355141829,5.90398975492891,3.4,3.78125,0.604240767852651
6,3,4,0.333333333333333,0.791666666666667,1.19438355141829,5.90398975492891,3.4,3.984375,0.842986955040189
6,3,4,0.333333333333333,0.833333333333333,1.19438355141829,5.90398975492891,3.4,4.1875,1.07657292866324
6,3,4,0.333333333333333,0.875,1.19438355141829,5.90398975492891,3.4,4.390625,1.29473580989756
6,3,4,0.333333333333333,0.916666666666667,1.19438355141829,5.90398975492891,3.4,4.59375,1.48828899158958
6,3,4,0.333333333333333,0.958333333333333,1.19438355141829,5.90398975492891,3.4,4.796875,1.6495988319748
6,3,4,0.333333333333333,1,1.19438355141829,5.90398975492891,3.4,5,1.77297775784383
6,3,4,0.375,0,1.19438355141829,5.90398975492891,3.8125,0.125,1.2993982607361
6,3,4,0.375,0.0416666666666667,1.19438355141829,5.90398975492891,3.8125,0.328125,1.08248960520179
6,3,4,0.375,0.0833333333333333,1.19438355141829,5.90398975492891,3.8125,0.53125,0.846421318651794
6,3,4,0.375,0.125,1.19438355141829,5.90398975492891,3.8125,0.734375,0.601559133910472
6,3,4,0.375,0.166666666666667,1.19438355141829,5.90398975492891,3.8125,0.9375,0.35894345127098
6,3,4,0.375,0.208333333333333,1.19438355141829,5.90398975492891,3.8125,1.140625,0.129702421070621
6,3,4,0.375,0.25,1.19438355141829,5.90398975492891,3.8125,1.34375,0
6,3,4,0.375,0.291666666666667,1.19438355141829,5.90398975492891,3.8125,1.546875,0
6,3,4,0.375,0.333333333333333,1.19438355141829,5.90398975492891,3.8125,1.75,0
6,3,4,0.375,0.375,1.19438355141829,5.90398975492891,3.8125,1.953125,0
6,3,4,0.375,0.416666666666667,1.19438355141829,5.90398975492891,3.8125,2.15625,0
6,3,4,0.375,0.458333333333333,1.19438355141829,5.90398975492891,3.8125,2.359375,0
6,3,4,0.375,0.5,1.19438355141829,5.90398975492891,3.8125,2.5625,0
6,3,4,0.375,0.541666666666667,1.19438355141829,5.90398975492891,3.8125,2.765625,0
6,3,4,0.375,0.583333333333333,1.19438355141829,5.90398975492891,3.8125,2.96875,0
6,3,4,0.375,0.625,1.19438355141829,5.90398975492891,3.8125,3.171875,0.0747993022932523
6,3,4,0.375,0.666666666666667,1.19438355141829,5.90398975492891,3.8125,3.375,0.29240440100898
6,3,4,0.375,0.708333333333333,1.19438355141829,5.90398975492891,3.8125,3.578125,0.523483618641293
6,3,4,0.375,0.75,1.19438355141829,5.90398975492891,3.8125,3.78125,0.757231451085522
6,3,4,0.375,0.791666666666667,1.19438355141829,5.90398975492891,3.8125,3.984375,0.982998524441885
6,3,4,0.375,0.833333333333333,1.19438355141829,5.90398975492891,3.8125,4.1875,1.19085046326471
6,3,4,0.375,0.875,1.19438355141829,5.90398975492891,3.8125,4.390625,1.37208306228429
6,3,4,0.375,0.916666666666667,1.19438355141829,5.90398975492891,3.8125,4.59375,1.5196686365159
6,3,4,0.375,0.958333333333333,1.19438355141829,5.90398975492891,3.8125,4.796875,1.62861065713728
6,3,4,0.375,1,1.19438355141829,5.90398975492891,3.8125,5,1.69618865554517
6,3,4,0.416666666666667,0,1.19438355141829,5.90398975492891,4.225,0.125,0.966594734911283
6,3,4,0.416666666666667,0.0416666666666667,1.19438355141829,5.90398975492891,4.225,0.328125,0.720560749604284
6,3,4,0.416666666666667,0.0833333333333333,1.19438355141829,5.90398975492891,4.225,0.53125,0.468698505910503
6,3,4,0.416666666666667,0.125,1.19438355141829,5.90398975492891,4.225,0.734375,0.222234838939267
6,3,4,0.416666666666667,0.166666666666667,1.19438355141829,5.90398975492891,4.225,0.9375,0
6,3,4,0.416666666666667,0.208333333333333,1.19438355141829,5.90398975492891,4.225,1.140625,0
6,3,4,0.416666666666667,0.25,1.19438355141829,5.90398975492891,4.225,1.34375,0
6,3,4,0.416666666666667,0.291666666666667,1.19438355141829,5.90398975492891,4.225,1.546875,0
6,3,4,0.416666666666667,0.333333333333333,1.19438355141829,5.90398975492891,4.225,1.75,0
6,3,4,0.416666666666667,0.375,1.19438355141829,5.90398975492891,4.225,1.953125,0
6,3,4,0.416666666666667,0.416666666666667,1.19438355141829,5.90398975492891,4.225,2.15625,0
6,3,4,0.416666666666667,0.458333333333333,1.19438355141829,5.90398975492891,4.225,2.359375,0
6,3,4,0.416666666666667,0.5,1.19438355141829,5.90398975492891,4.225,2.5625,0
6,3,4,0.416666666666667,0.541666666666667,1.19438355141829,5.90398975492891,4.225,2.765625,0
6,3,4,0.416666666666667,0.583333333333333,1.19438355141829,5.90398975492891,4.225,2.96875,0.00336604153324965
6,3,4,0.416666666666667,0.625,1.19438355141829,5.90398975492891,4.225,3.171875,0.221153882535902
6,3,4,0.416666666666667,0.666666666666667,1.19438355141829,5.90398975492891,4.225,3.375,0.449469560366267
6,3,4,0.416666666666667,0.708333333333333,1.19438355141829,5.90398975492891,4.225,3.578125,0.677522817628389
6,3,4,0.416666666666667,0.75,1.19438355141829,5.90398975492891,4.225,3.78125,0.894858202299036
6,3,4,0.416666666666667,0.791666666666667,1.19438355141829,5.90398975492891,4.225,3.984375,1.09190280765675
6,3,4,0.416666666666667,0.833333333333333,1.19438355141829,5.90398975492891,4.225,4.1875,1.26046170104156
6,3,4,0.416666666666667,0.875,1.19438355141829,5.90398975492891,4.225,4.390625,1.39413309304263
6,3,4,0.416666666666667,0.916666666666667,1.19438355141829,5.90398975492891,4.225,4.59375,1.48862369952108
6,3,4,0.416666666666667,0.958333333333333,1.19438355141829,5.90398975492891,4.225,4.796875,1.54194929589036
6,3,4,0.416666666666667,1,1.19438355141829,5.90398975492891,4.225,5,1.55451019649475
6,3,4,0.458333333333333,0,1.19438355141829,5.90398975492891,4.6375,0.125,0.600605423275902
6,3,4,0.458333333333333,0.0416666666666667,1.19438355141829,5.90398975492891,4.6375,0.328125,0.342688746494108
6,3,4,0.458333333333333,0.0833333333333333,1.19438355141829,5.90398975492891,4.6375,0.53125,0.0933017315419413
6,3,4,0.458333333333333,0.125,1.19438355141829,5.90398975492891,4.6375,0.734375,0
6,3,4,0.458333333333333,0.166666666666667,1.19438355141829,5.90398975492891,4.6375,0.9375,0
6,3,4,0.458333333333333,0.208333333333333,1.19438355141829,5.90398975492891,4.6375,1.140625,0
6,3,4,0.458333333333333,0.25,1.19438355141829,5.90398975492891,4.6375,1.34375,0
6,3,4,0.458333333333333,0.291666666666667,1.19438355141829,5.90398975492891,4.6375,1.546875,0
6,3,4,0.458333333333333,0.333333333333333,1.19438355141829,5.90398975492891,4.6375,1.75,0
6,3,4,0.458333333333333,0.375,1.19438355141829,5.90398975492891,4.6375,1.953125,0
6,3,4,0.458333333333333,0.416666666666667,1.19438355141829,5.90398975492891,4.6375,2.15625,0
6,3,4,0.458333333333333,0.458333333333333,1.19438355141829,5.90398975492891,4.6375,2.359375,0
6,3,4,0.458333333333333,0.5,1.19438355141829,5.90398975492891,4.6375,2.5625,0
6,3,4,0.458333333333333,0.541666666666667,1.19438355141829,5.90398975492891,4.6375,2.765625,0
6,3,4,0.458333333333333,0.583333333333333,1.19438355141829,5.90398975492891,4.6375,2.96875,0.157263241658246
6,3,4,0.458333333333333,0.625,1.19438355141829,5.90398975492891,4.6375,3.171875,0.382066941629349
6,3,4,0.458333333333333,0.666666666666667,1.19438355141829,5.90398975492891,4.6375,3.375,0.603733697202119
6,3,4,0.458333333333333,0.708333333333333,1.19438355141829,5.90398975492891,4.6375,3.578125,0.812042382202752
6,3,4,0.458333333333333,0.75,1.19438355141829,5.90398975492891,4.6375,3.78125,0.997815928745992
6,3,4,0.458333333333333,0.791666666666667,1.19438355141829,5.90398975492891,4.6375,3.984375,1.1533936025193
6,3,4,0.458333333333333,0.833333333333333,1.19438355141829,5.90398975492891,4.6375,4.1875,1.27301542148115
6,3,4,0.458333333333333,0.875,1.19438355141829,5.90398975492891,4.6375,4.390625,1.35309870294755
6,3,4,0.458333333333333,0.916666666666667,1.19438355141829,5.90398975492891,4.6375,4.59375,1.39239409436355
6,3,4,0.458333333333333,0.958333333333333,1.19438355141829,5.90398975492891,4.6375,4.796875,1.39201509569308
6,3,4,0.458333333333333,1,1.19438355141829,5.90398975492891,4.6375,5,1.35533984295322
6,3,4,0.5,0,1.19438355141829,5.90398975492891,5.05,0.125,0.223348338687793
6,3,4,0.5,0.0416666666666667,1.19438355141829,5.90398975492891,5.05,0.328125,0
6,3,4,0.5,0.0833333333333333,1.19438355141829,5.90398975492891,5.05,0.53125,0
6,3,4,0.5,0.125,1.19438355141829,5.90398975492891,5.05,0.734375,0
6,3,4,0.5,0.166666666666667,1.19438355141829,5.90398975492891,5.05,0.9375,0
6,3,4,0.5,0.208333333333333,1.19438355141829,5.90398975492891,5.05,1.140625,0
6,3,4,0.5,0.25,1.19438355141829,5.90398975492891,5.05,1.34375,0
6,3,4,0.5,0.291666666666667,1.19438355141829,5.90398975492891,5.05,1.546875,0
6,3,4,0.5,0.333333333333333,1.19438355141829,5.90398975492891,5.05,1.75,0
6,3,4,0.5,0.375,1.19438355141829,5.90398975492891,5.05,1.953125,0
6,3,4,0.5,0.416666666666667,1.19438355141829,5.90398975492891,5.05,2.15625,0
6,3,4,0.5,0.458333333333333,1.19438355141829,5.90398975492891,5.05,2.359375,0
6,3,4,0.5,0.5,1.19438355141829,5.90398975492891,5.05,2.5625,0
6,3,4,0.5,0.541666666666667,1.19438355141829,5.90398975492891,5.05,2.765625,0.100669234602551
6,3,4,0.5,0.583333333333333,1.19438355141829,5.90398975492891,5.05,2.96875,0.321200013867589
6,3,4,0.5,0.625,1.19438355141829,5.90398975492891,5.05,3.171875,0.535784214702838
6,3,4,0.5,0.666666666666667,1.19438355141829,5.90398975492891,5.05,3.375,0.734477630473717
6,3,4,0.5,0.708333333333333,1.19438355141829,5.90398975492891,5.05,3.578125,0.908533892297308
6,3,4,0.5,0.75,1.19438355141829,5.90398975492891,5.05,3.78125,1.05085159847748
6,3,4,0.5,0.791666666666667,1.19438355141829,5.90398975492891,5.05,3.984375,1.15632670320695
6,3,4,0.5,0.833333333333333,1.19438355141829,5.90398975492891,5.05,4.1875,1.2220905569826
6,3,4,0.5,0.875,1.19438355141829,5.90398975492891,5.05,4.390625,1.247622689579
6,3,4,0.5,0.916666666666667,1.19438355141829,5.90398975492891,5.05,4.59375,1.23473484996106
6,3,4,0.5,0.958333333333333,1.19438355141829,5.90398975492891,5.05,4.796875,1.18742946020379
6,3,4,0.5,1,1.19438355141829,5.90398975492891,5.05,5,1.11164070746626
6,3,4,0.541666666666667,0,1.19438355141829,5.90398975492891,5.4625,0.125,0
6,3,4,0.541666666666667,0.0416666666666667,1.19438355141829,5.90398975492891,5.4625,0.328125,0
6,3,4,0.541666666666667,0.0833333333333333,1.19438355141829,5.90398975492891,5.4625,0.53125,0
6,3,4,0.541666666666667,0.125,1.19438355141829,5.90398975492891,5.4625,0.734375,0
6,3,4,0.541666666666667,0.166666666666667,1.19438355141829,5.90398975492891,5.4625,0.9375,0
6,3,4,0.541666666666667,0.208333333333333,1.19438355141829,5.90398975492891,5.4625,1.140625,0
6,3,4,0.541666666666667,0.25,1.19438355141829,5.90398975492891,5.4625,1.34375,0
6,3,4,0.541666666666667,0.291666666666667,1.19438355141829,5.90398975492891,5.4625,1.546875,0
6,3,4,0.541666666666667,0.333333333333333,1.19438355141829,5.90398975492891,5.4625,1.75,0
6,3,4,0.541666666666667,0.375,1.19438355141829,5.90398975492891,5.4625,1.953125,0
6,3,4,0.541666666666667,0.416666666666667,1.19438355141829,5.90398975492891,5.4625,2.15625,0
6,3,4,0.541666666666667,0.458333333333333,1.19438355141829,5.90398975492891,5.4625,2.359375,0
6,3,4,0.541666666666667,0.5,1.19438355141829,5.90398975492891,5.4625,2.5625,0.0513747630586131
6,3,4,0.541666666666667,0.541666666666667,1.19438355141829,5.90398975492891,5.4625,2.765625,0.266856309341208
6,3,4,0.541666666666667,0.583333333333333,1.19438355141829,5.90398975492891,5.4625,2.96875,0.47365367698444
6,3,4,0.541666666666667,0.625,1.19438355141829,5.90398975492891,5.4625,3.171875,0.662141801250757
6,3,4,0.541666666666667,0.666666666666667,1.19438355141829,5.90398975492891,5.4625,3.375,0.824040158879104
6,3,4,0.541666666666667,0.708333333333333,1.19438355141829,5.90398975492891,5.4625,3.578125,0.952832588130271
6,3,4,0.541666666666667,0.75,1.19438355141829,5.90398975492891,5.4625,3.78125,1.04408492129768
6,3,4,0.541666666666667,0.791666666666667,1.19438355141829,5.90398975492891,5.4625,3.984375,1.09564423116596
6,3,4,0.541666666666667,0.833333333333333,1.19438355141829,5.90398975492891,5.4625,4.1875,1.10770938597691
6,3,4,0.541666666666667,0.875,1.19438355141829,5.90398975492891,5.4625,4.390625,1.08277133620775
6,3,4,0.541666666666667,0.916666666666667,1.19438355141829,5.90398975492891,5.4625,4.59375,1.02542949838006
6,3,4,0.541666666666667,0.958333333333333,1.19438355141829,5.90398975492891,5.4625,4.796875,0.942096251321523
6,3,4,0.541666666666667,1,1.19438355141829,5.90398975492891,5.4625,5,0.840606315792099
6,3,4,0.583333333333333,0,1.19438355141829,5.90398975492891,5.875,0.125,0
6,3,4,0.583333333333333,0.0416666666666667,1.19438355141829,5.90398975492891,5.875,0.328125,0
6,3,4,0.583333333333333,0.0833333333333333,1.19438355141829,5.90398975492891,5.875,0.53125,0
6,3,4,0.583333333333333,0.125,1.19438355141829,5.90398975492891,5.875,0.734375,0
6,3,4,0.583333333333333,0.166666666666667,1.19438355141829,5.90398975492891,5.875,0.9375,0
6,3,4,0.583333333333333,0.208333333333333,1.19438355141829,5.90398975492891,5.875,1.140625,0
6,3,4,0.583333333333333,0.25,1.19438355141829,5.90398975492891,5.875,1.34375,0
6,3,4,0.583333333333333,0.291666666666667,1.19438355141829,5.90398975492891,5.875,1.546875,0
6,3,4,0.583333333333333,0.333333333333333,1.19438355141829,5.90398975492891,5.875,1.75,0
6,3,4,0.583333333333333,0.375,1.19438355141829,5.90398975492891,5.875,1.953125,0
6,3,4,0.583333333333333,0.416666666666667,1.19438355141829,5.90398975492891,5.875,2.15625,0
6,3,4,0.583333333333333,0.458333333333333,1.19438355141829,5.90398975492891,5.875,2.359375,0.00945117850307813
6,3,4,0.583333333333333,0.5,1.19438355141829,5.90398975492891,5.875,2.5625,0.219090820802271
6,3,4,0.583333333333333,0.541666666666667,1.19438355141829,5.90398975492891,5.875,2.765625,0.417384989721567
6,3,4,0.583333333333333,0.583333333333333,1.19438355141829,5.90398975492891,5.875,2.96875,0.595071045075776
6,3,4,0.583333333333333,0.625,1.19438355141829,5.90398975492891,5.875,3.171875,0.744369175818629
6,3,4,0.583333333333333,0.666666666666667,1.19438355141829,5.90398975492891,5.875,3.375,0.859373452680041
6,3,4,0.583333333333333,0.708333333333333,1.19438355141829,5.90398975492891,5.875,3.578125,0.936333576465121
6,3,4,0.583333333333333,0.75,1.19438355141829,5.90398975492891,5.875,3.78125,0.973813727415953
6,3,4,0.583333333333333,0.791666666666667,1.19438355141829,5.90398975492891,5.875,3.984375,0.972720964276287
6,3,4,0.583333333333333,0.833333333333333,1.19438355141829,5.90398975492891,5.875,4.1875,0.936203553863755
6,3,4,0.583333333333333,0.875,1.19438355141829,5.90398975492891,5.875,4.390625,0.869427461143842
6,3,4,0.583333333333333,0.916666666666667,1.19438355141829,5.90398975492891,5.875,4.59375,0.779246163643935
6,3,4,0.583333333333333,0.958333333333333,1.19438355141829,5.90398975492891,5.875,4.796875,0.673783434167316
6,3,4,0.583333333333333,1,1.19438355141829,5.90398975492891,5.875,5,0.561952840261546
6,3,4,0.625,0,1.19438355141829,5.90398975492891,6.2875,0.125,0
6,3,4,0.625,0.0416666666666667,1.19438355141829,5.90398975492891,6.2875,0.328125,0
6,3,4,0.625,0.0833333333333333,1.19438355141829,5.90398975492891,6.2875,0.53125,0
6,3,4,0.625,0.125,1.19438355141829,5.90398975492891,6.2875,0.734375,0
6,3,4,0.625,0.166666666666667,1.19438355141829,5.90398975492891,6.2875,0.9375,0
6,3,4,0.625,0.208333333333333,1.19438355141829,5.90398975492891,6.2875,1.140625,0
6,3,4,0.625,0.25,1.19438355141829,5.90398975492891,6.2875,1.34375,0
6,3,4,0.625,0.291666666666667,1.19438355141829,5.90398975492891,6.2875,1.546875,0
6,3,4,0.625,0.333333333333333,1.19438355141829,5.90398975492891,6.2875,1.75,0
6,3,4,0.625,0.375,1.19438355141829,5.90398975492891,6.2875,1.953125,0
6,3,4,0.625,0.416666666666667,1.19438355141829,5.90398975492891,6.2875,2.15625,0
6,3,4,0.625,0.458333333333333,1.19438355141829,5.90398975492891,6.2875,2.359375,0.178025299287818
6,3,4,0.625,0.5,1.19438355141829,5.90398975492891,6.2875,2.5625,0.367085814864405
6,3,4,0.625,0.541666666666667,1.19438355141829,5.90398975492891,6.2875,2.765625,0.533361359908227
6,3,4,0.625,0.583333333333333,1.19438355141829,5.90398975492891,6.2875,2.96875,0.669608827478949
6,3,4,0.625,0.625,1.19438355141829,5.90398975492891,6.2875,3.171875,0.770557028333076
6,3,4,0.625,0.666666666666667,1.19438355141829,5.90398975492891,6.2875,3.375,0.833152223800273
6,3,4,0.625,0.708333333333333,1.19438355141829,5.90398975492891,6.2875,3.578125,0.856676257577974
6,3,4,0.625,0.75,1.19438355141829,5.90398975492891,6.2875,3.78125,0.842732671323378
6,3,4,0.625,0.791666666666667,1.19438355141829,5.90398975492891,6.2875,3.984375,0.795103916419754
6,3,4,0.625,0.833333333333333,1.19438355141829,5.90398975492891,6.2875,4.1875,0.719490148079479
6,3,4,0.625,0.875,1.19438355141829,5.90398975492891,6.2875,4.390625,0.623146713651246
6,3,4,0.625,0.916666666666667,1.19438355141829,5.90398975492891,6.2875,4.59375,0.514442828181321
6,3,4,0.625,0.958333333333333,1.19438355141829,5.90398975492891,6.2875,4.796875,0.402367407168819
6,3,4,0.625,1,1.19438355141829,5.90398975492891,6.2875,5,0.296008903393405
6,3,4,0.666666666666667,0,1.19438355141829,5.90398975492891,6.7,0.125,0
6,3,4,0.666666666666667,0.0416666666666667,1.19438355141829,5.90398975492891,6.7,0.328125,0
6,3,4,0.666666666666667,0.0833333333333333,1.19438355141829,5.90398975492891,6.7,0.53125,0
6,3,4,0.666666666666667,0.125,1.19438355141829,5.90398975492891,6.7,0.734375,0
6,3,4,0.666666666666667,0.166666666666667,1.19438355141829,5.90398975492891,6.7,0.9375,0
6,3,4,0.666666666666667,0.208333333333333,1.19438355141829,5.90398975492891,6.7,1.140625,0
6,3,4,0.666666666666667,0.25,1.19438355141829,5.90398975492891,6.7,1.34375,0
6,3,4,0.666666666666667,0.291666666666667,1.19438355141829,5.90398975492891,6.7,1.546875,0
6,3,4,0.666666666666667,0.333333333333333,1.19438355141829,5.90398975492891,6.7,1.75,0
6,3,4,0.666666666666667,0.375,1.19438355141829,5.90398975492891,6.7,1.953125,0
6,3,4,0.666666666666667,0.416666666666667,1.19438355141829,5.90398975492891,6.7,2.15625,0.143838996961957
6,3,4,0.666666666666667,0.458333333333333,1.19438355141829,5.90398975492891,6.7,2.359375,0.322925084385416
6,3,4,0.666666666666667,0.5,1.19438355141829,5.90398975492891,6.7,2.5625,0.477168028735372
6,3,4,0.666666666666667,0.541666666666667,1.19438355141829,5.90398975492891,6.7,2.765625,0.599900634332233
6,3,4,0.666666666666667,0.583333333333333,1.19438355141829,5.90398975492891,6.7,2.96875,0.686512392127676
6,3,4,0.666666666666667,0.625,1.19438355141829,5.90398975492891,6.7,3.171875,0.734658482335839
6,3,4,0.666666666666667,0.666666666666667,1.19438355141829,5.90398975492891,6.7,3.375,0.744337736984964
6,3,4,0.666666666666667,0.708333333333333,1.19438355141829,5.90398975492891,6.7,3.578125,0.717837327071214
6,3,4,0.666666666666667,0.75,1.19438355141829,5.90398975492891,6.7,3.78125,0.659549944869816
6,3,4,0.666666666666667,0.791666666666667,1.19438355141829,5.90398975492891,6.7,3.984375,0.575676672445507
6,3,4,0.666666666666667,0.833333333333333,1.19438355141829,5.90398975492891,6.7,4.1875,0.47383442139196
6,3,4,0.666666666666667,0.875,1.19438355141829,5.90398975492891,6.7,4.390625,0.362593667099173
6,3,4,0.666666666666667,0.916666666666667,1.19438355141829,5.90398975492891,6.7,4.59375,0.250972490817214
6,3,4,0.666666666666667,0.958333333333333,1.19438355141829,5.90398975492891,6.7,4.796875,0.147916577995212
6,3,4,0.666666666666667,1,1.19438355141829,5.90398975492891,6.7,5,0.0617933382557255
6,3,4,0.708333333333333,0,1.19438355141829,5.90398975492891,7.1125,0.125,0
6,3,4,0.708333333333333,0.0416666666666667,1.19438355141829,5.90398975492891,7.1125,0.328125,0
6,3,4,0.708333333333333,0.0833333333333333,1.19438355141829,5.90398975492891,7.1125,0.53125,0
6,3,4,0.708333333333333,0.125,1.19438355141829,5.90398975492891,7.1125,0.734375,0
6,3,4,0.708333333333333,0.166666666666667,1.19438355141829,5.90398975492891,7.1125,0.9375,0
6,3,4,0.708333333333333,0.208333333333333,1.19438355141829,5.90398975492891,7.1125,1.140625,0
6,3,4,0.708333333333333,0.25,1.19438355141829,5.90398975492891,7.1125,1.34375,0
6,3,4,0.708333333333333,0.291666666666667,1.19438355141829,5.90398975492891,7.1125,1.546875,0
6,3,4,0.708333333333333,0.333333333333333,1.19438355141829,5.90398975492891,7.1125,1.75,0
6,3,4,0.708333333333333,0.375,1.19438355141829,5.90398975492891,7.1125,1.953125,0.116741689442358
6,3,4,0.708333333333333,0.416666666666667,1.19438355141829,5.90398975492891,7.1125,2.15625,0.285117753851623
6,3,4,0.708333333333333,0.458333333333333,1.19438355141829,5.90398975492891,7.1125,2.359375,0.426698677971877
6,3,4,0.708333333333333,0.5,1.19438355141829,5.90398975492891,7.1125,2.5625,0.535437855892116
6,3,4,0.708333333333333,0.541666666666667,1.19438355141829,5.90398975492891,7.1125,2.765625,0.60741518409839
6,3,4,0.708333333333333,0.583333333333333,1.19438355141829,5.90398975492891,7.1125,2.96875,0.641008957891896
6,3,4,0.708333333333333,0.625,1.19438355141829,5.90398975492891,7.1125,3.171875,0.636934495329812
6,3,4,0.708333333333333,0.666666666666667,1.19438355141829,5.90398975492891,7.1125,3.375,0.59814894958027
6,3,4,0.708333333333333,0.708333333333333,1.19438355141829,5.90398975492891,7.1125,3.578125,0.529630438362538
6,3,4,0.708333333333333,0.75,1.19438355141829,5.90398975492891,7.1125,3.78125,0.438046827272164
6,3,4,0.708333333333333,0.791666666666667,1.19438355141829,5.90398975492891,7.1125,3.984375,0.331336231854904
6,3,4,0.708333333333333,0.833333333333333,1.19438355141829,5.90398975492891,7.1125,4.1875,0.218225760194419
6,3,4,0.708333333333333,0.875,1.19438355141829,5.90398975492891,7.1125,4.390625,0.10771705411525
6,3,4,0.708333333333333,0.916666666666667,1.19438355141829,5.90398975492891,7.1125,4.59375,0.00856871035647614
6,3,4,0.708333333333333,0.958333333333333,1.19438355141829,5.90398975492891,7.1125,4.796875,0
6,3,4,0.708333333333333,1,1.19438355141829,5.90398975492891,7.1125,5,0
6,3,4,0.75,0,1.19438355141829,5.90398975492891,7.525,0.125,0
6,3,4,0.75,0.0416666666666667,1.19438355141829,5.90398975492891,7.525,0.328125,0
6,3,4,0.75,0.0833333333333333,1.19438355141829,5.90398975492891,7.525,0.53125,0
6,3,4,0.75,0.125,1.19438355141829,5.90398975492891,7.525,0.734375,0
6,3,4,0.75,0.166666666666667,1.19438355141829,5.90398975492891,7.525,0.9375,0
6,3,4,0.75,0.208333333333333,1.19438355141829,5.90398975492891,7.525,1.140625,0
6,3,4,0.75,0.25,1.19438355141829,5.90398975492891,7.525,1.34375,0
6,3,4,0.75,0.291666666666667,1.19438355141829,5.90398975492891,7.525,1.546875,0
6,3,4,0.75,0.333333333333333,1.19438355141829,5.90398975492891,7.525,1.75,0.0969173316258095
6,3,4,0.75,0.375,1.19438355141829,5.90398975492891,7.525,1.953125,0.253886500120864
6,3,4,0.75,0.416666666666667,1.19438355141829,5.90398975492891,7.525,2.15625,0.382190300034891
6,3,4,0.75,0.458333333333333,1.19438355141829,5.90398975492891,7.525,2.359375,0.476453868536082
6,3,4,0.75,0.5,1.19438355141829,5.90398975492891,7.525,2.5625,0.533483553500407
6,3,4,0.75,0.541666666666667,1.19438355141829,5.90398975492891,7.525,2.765625,0.552399529820899
6,3,4,0.75,0.583333333333333,1.19438355141829,5.90398975492891,7.525,2.96875,0.53463562443129
6,3,4,0.75,0.625,1.19438355141829,5.90398975492891,7.525,3.171875,0.483806214428562
6,3,4,0.75,0.666666666666667,1.19438355141829,5.90398975492891,7.525,3.375,0.405449910441039
6,3,4,0.75,0.708333333333333,1.19438355141829,5.90398975492891,7.525,3.578125,0.306667173173652
6,3,4,0.75,0.75,1.19438355141829,5.90398975492891,7.525,3.78125,0.195676693567972
6,3,4,0.75,0.791666666666667,1.19438355141829,5.90398975492891,7.525,3.984375,0.0813180724357949
6,3,4,0.75,0.833333333333333,1.19438355141829,5.90398975492891,7.525,4.1875,0
6,3,4,0.75,0.875,1.19438355141829,5.90398975492891,7.525,4.390625,0
6,3,4,0.75,0.916666666666667,1.19438355141829,5.90398975492891,7.525,4.59375,0
6,3,4,0.75,0.958333333333333,1.19438355141829,5.90398975492891,7.525,4.796875,0
6,3,4,0.75,1,1.19438355141829,5.90398975492891,7.525,5,0
6,3,4,0.791666666666667,0,1.19438355141829,5.90398975492891,7.9375,0.125,0
6,3,4,0.791666666666667,0.0416666666666667,1.19438355141829,5.90398975492891,7.9375,0.328125,0
6,3,4,0.791666666666667,0.0833333333333333,1.19438355141829,5.90398975492891,7.9375,0.53125,0
6,3,4,0.791666666666667,0.125,1.19438355141829,5.90398975492891,7.9375,0.734375,0
6,3,4,0.791666666666667,0.166666666666667,1.19438355141829,5.90398975492891,7.9375,0.9375,0
6,3,4,0.791666666666667,0.208333333333333,1.19438355141829,5.90398975492891,7.9375,1.140625,0
6,3,4,0.791666666666667,0.25,1.19438355141829,5.90398975492891,7.9375,1.34375,0
6,3,4,0.791666666666667,0.291666666666667,1.19438355141829,5.90398975492891,7.9375,1.546875,0.0844318029649172
6,3,4,0.791666666666667,0.333333333333333,1.19438355141829,5.90398975492891,7.9375,1.75,0.229388080220204
6,3,4,0.791666666666667,0.375,1.19438355141829,5.90398975492891,7.9375,1.953125,0.34385717378811
6,3,4,0.791666666666667,0.416666666666667,1.19438355141829,5.90398975492891,7.9375,2.15625,0.423189245232686
6,3,4,0.791666666666667,0.458333333333333,1.19438355141829,5.90398975492891,7.9375,2.359375,0.464960006786875
6,3,4,0.791666666666667,0.5,1.19438355141829,5.90398975492891,7.9375,2.5625,0.46905761124779
6,3,4,0.791666666666667,0.541666666666667,1.19438355141829,5.90398975492891,7.9375,2.765625,0.437642022322794
6,3,4,0.791666666666667,0.583333333333333,1.19438355141829,5.90398975492891,7.9375,2.96875,0.374975577625231
6,3,4,0.791666666666667,0.625,1.19438355141829,5.90398975492891,7.9375,3.171875,0.287134307224749
6,3,4,0.791666666666667,0.666666666666667,1.19438355141829,5.90398975492891,7.9375,3.375,0.181618030731671
6,3,4,0.791666666666667,0.708333333333333,1.19438355141829,5.90398975492891,7.9375,3.578125,0.0668860749174426
6,3,4,0.791666666666667,0.75,1.19438355141829,5.90398975492891,7.9375,3.78125,0
6,3,4,0.791666666666667,0.791666666666667,1.19438355141829,5.90398975492891,7.9375,3.984375,0
6,3,4,0.791666666666667,0.833333333333333,1.19438355141829,5.90398975492891,7.9375,4.1875,0
6,3,4,0.791666666666667,0.875,1.19438355141829,5.90398975492891,7.9375,4.390625,0
6,3,4,0.791666666666667,0.916666666666667,1.19438355141829,5.90398975492891,7.9375,4.59375,0
6,3,4,0.791666666666667,0.958333333333333,1.19438355141829,5.90398975492891,7.9375,4.796875,0
6,3,4,0.791666666666667,1,1.19438355141829,5.90398975492891,7.9375,5,0
6,3,4,0.833333333333333,0,1.19438355141829,5.90398975492891,8.35,0.125,0
6,3,4,0.833333333333333,0.0416666666666667,1.19438355141829,5.90398975492891,8.35,0.328125,0
6,3,4,0.833333333333333,0.0833333333333333,1.19438355141829,5.90398975492891,8.35,0.53125,0
6,3,4,0.833333333333333,0.125,1.19438355141829,5.90398975492891,8.35,0.734375,0
6,3,4,0.833333333333333,0.166666666666667,1.19438355141829,5.90398975492891,8.35,0.9375,0
6,3,4,0.833333333333333,0.208333333333333,1.19438355141829,5.90398975492891,8.35,1.140625,0
6,3,4,0.833333333333333,0.25,1.19438355141829,5.90398975492891,8.35,1.34375,0.0791209272171553
6,3,4,0.833333333333333,0.291666666666667,1.19438355141829,5.90398975492891,8.35,1.546875,0.21160456274188
6,3,4,0.833333333333333,0.333333333333333,1.19438355141829,5.90398975492891,8.35,1.75,0.311799878377838
6,3,4,0.833333333333333,0.375,1.19438355141829,5.90398975492891,8.35,1.953125,0.375824519282263
6,3,4,0.833333333333333,0.416666666666667,1.19438355141829,5.90398975492891,8.35,2.15625,0.4020666812941
6,3,4,0.833333333333333,0.458333333333333,1.19438355141829,5.90398975492891,8.35,2.359375,0.391215548888161
6,3,4,0.833333333333333,0.5,1.19438355141829,5.90398975492891,8.35,2.5625,0.346173182340195
6,3,4,0.833333333333333,0.541666666666667,1.19438355141829,5.90398975492891,8.35,2.765625,0.271847466342628
6,3,4,0.833333333333333,0.583333333333333,1.19438355141829,5.90398975492891,8.35,2.96875,0.174833513323992
6,3,4,0.833333333333333,0.625,1.19438355141829,5.90398975492891,8.35,3.171875,0.0630003328055581
6,3,4,0.833333333333333,0.666666666666667,1.19438355141829,5.90398975492891,8.35,3.375,0
6,3,4,0.833333333333333,0.708333333333333,1.19438355141829,5.90398975492891,8.35,3.578125,0
6,3,4,0.833333333333333,0.75,1.19438355141829,5.90398975492891,8.35,3.78125,0
6,3,4,0.833333333333333,0.791666666666667,1.19438355141829,5.90398975492891,8.35,3.984375,0
6,3,4,0.833333333333333,0.833333333333333,1.19438355141829,5.90398975492891,8.35,4.1875,0
6,3,4,0.833333333333333,0.875,1.19438355141829,5.90398975492891,8.35,4.390625,0
6,3,4,0.833333333333333,0.916666666666667,1.19438355141829,5.90398975492891,8.35,4.59375,0
6,3,4,0.833333333333333,0.958333333333333,1.19438355141829,5.90398975492891,8.35,4.796875,0
6,3,4,0.833333333333333,1,1.19438355141829,5.90398975492891,8.35,5,0
6,3,4,0.875,0,1.19438355141829,5.90398975492891,8.7625,0.125,0
6,3,4,0.875,0.0416666666666667,1.19438355141829,5.90398975492891,8.7625,0.328125,0
6,3,4,0.875,0.0833333333333333,1.19438355141829,5.90398975492891,8.7625,0.53125,0
6,3,4,0.875,0.125,1.19438355141829,5.90398975492891,8.7625,0.734375,0
6,3,4,0.875,0.166666666666667,1.19438355141829,5.90398975492891,8.7625,0.9375,0
6,3,4,0.875,0.208333333333333,1.19438355141829,5.90398975492891,8.7625,1.140625,0.0805097595669877
6,3,4,0.875,0.25,1.19438355141829,5.90398975492891,8.7625,1.34375,0.200234943730035
6,3,4,0.875,0.291666666666667,1.19438355141829,5.90398975492891,8.7625,1.546875,0.28588918716155
6,3,4,0.875,0.333333333333333,1.19438355141829,5.90398975492891,8.7625,1.75,0.334376426225688
6,3,4,0.875,0.375,1.19438355141829,5.90398975492891,8.7625,1.953125,0.344924519445971
6,3,4,0.875,0.416666666666667,1.19438355141829,5.90398975492891,8.7625,2.15625,0.319053968317385
6,3,4,0.875,0.458333333333333,1.19438355141829,5.90398975492891,8.7625,2.359375,0.260431161281214
6,3,4,0.875,0.5,1.19438355141829,5.90398975492891,8.7625,2.5625,0.174616193627163
6,3,4,0.875,0.541666666666667,1.19438355141829,5.90398975492891,8.7625,2.765625,0.0687130736818811
6,3,4,0.875,0.583333333333333,1.19438355141829,5.90398975492891,8.7625,2.96875,0
6,3,4,0.875,0.625,1.19438355141829,5.90398975492891,8.7625,3.171875,0
6,3,4,0.875,0.666666666666667,1.19438355141829,5.90398975492891,8.7625,3.375,0
6,3,4,0.875,0.708333333333333,1.19438355141829,5.90398975492891,8.7625,3.578125,0
6,3,4,0.875,0.75,1.19438355141829,5.90398975492891,8.7625,3.78125,0
6,3,4,0.875,0.791666666666667,1.19438355141829,5.90398975492891,8.7625,3.984375,0
6,3,4,0.875,0.833333333333333,1.19438355141829,5.90398975492891,8.7625,4.1875,0
6,3,4,0.875,0.875,1.19438355141829,5.90398975492891,8.7625,4.390625,0
6,3,4,0.875,0.916666666666667,1.19438355141829,5.90398975492891,8.7625,4.59375,0
6,3,4,0.875,0.958333333333333,1.19438355141829,5.90398975492891,8.7625,4.796875,0
6,3,4,0.875,1,1.19438355141829,5.90398975492891,8.7625,5,0
6,3,4,0.916666666666667,0,1.19438355141829,5.90398975492891,9.175,0.125,0
6,3,4,0.916666666666667,0.0416666666666667,1.19438355141829,5.90398975492891,9.175,0.328125,0
6,3,4,0.916666666666667,0.0833333333333333,1.19438355141829,5.90398975492891,9.175,0.53125,0
6,3,4,0.916666666666667,0.125,1.19438355141829,5.90398975492891,9.175,0.734375,0
6,3,4,0.916666666666667,0.166666666666667,1.19438355141829,5.90398975492891,9.175,0.9375,0.0878136005189958
6,3,4,0.916666666666667,0.208333333333333,1.19438355141829,5.90398975492891,9.175,1.140625,0.194649886202555
6,3,4,0.916666666666667,0.25,1.19438355141829,5.90398975492891,9.175,1.34375,0.265680960042064
6,3,4,0.916666666666667,0.291666666666667,1.19438355141829,5.90398975492891,9.175,1.546875,0.298590757112878
6,3,4,0.916666666666667,0.333333333333333,1.19438355141829,5.90398975492891,9.175,1.75,0.293447632078771
6,3,4,0.916666666666667,0.375,1.19438355141829,5.90398975492891,9.175,1.953125,0.252613548472437
6,3,4,0.916666666666667,0.416666666666667,1.19438355141829,5.90398975492891,9.175,2.15625,0.180534937066763
6,3,4,0.916666666666667,0.458333333333333,1.19438355141829,5.90398975492891,9.175,2.359375,0.0834354373730571
6,3,4,0.916666666666667,0.5,1.19438355141829,5.90398975492891,9.175,2.5625,0
6,3,4,0.916666666666667,0.541666666666667,1.19438355141829,5.90398975492891,9.175,2.765625,0
6,3,4,0.916666666666667,0.583333333333333,1.19438355141829,5.90398975492891,9.175,2.96875,0
6,3,4,0.916666666666667,0.625,1.19438355141829,5.90398975492891,9.175,3.171875,0
6,3,4,0.916666666666667,0.666666666666667,1.19438355141829,5.90398975492891,9.175,3.375,0
6,3,4,0.916666666666667,0.708333333333333,1.19438355141829,5.90398975492891,9.175,3.578125,0
6,3,4,0.916666666666667,0.75,1.19438355141829,5.90398975492891,9.175,3.78125,0
6,3,4,0.916666666666667,0.791666666666667,1.19438355141829,5.90398975492891,9.175,3.984375,0
6,3,4,0.916666666666667,0.833333333333333,1.19438355141829,5.90398975492891,9.175,4.1875,0
6,3,4,0.916666666666667,0.875,1.19438355141829,5.90398975492891,9.175,4.390625,0
6,3,4,0.916666666666667,0.916666666666667,1.19438355141829,5.90398975492891,9.175,4.59375,0
6,3,4,0.916666666666667,0.958333333333333,1.19438355141829,5.90398975492891,9.175,4.796875,0
6,3,4,0.916666666666667,1,1.19438355141829,5.90398975492891,9.175,5,0
6,3,4,0.958333333333333,0,1.19438355141829,5.90398975492891,9.5875,0.125,0
6,3,4,0.958333333333333,0.0416666666666667,1.19438355141829,5.90398975492891,9.5875,0.328125,0
6,3,4,0.958333333333333,0.0833333333333333,1.19438355141829,5.90398975492891,9.5875,0.53125,0
6,3,4,0.958333333333333,0.125,1.19438355141829,5.90398975492891,9.5875,0.734375,0.100014799540813
6,3,4,0.958333333333333,0.166666666666667,1.19438355141829,5.90398975492891,9.5875,0.9375,0.193937490049889
6,3,4,0.958333333333333,0.208333333333333,1.19438355141829,5.90398975492891,9.5875,1.140625,0.250415665102689
6,3,4,0.958333333333333,0.25,1.19438355141829,5.90398975492891,9.5875,1.34375,0.267894965092497
6,3,4,0.958333333333333,0.291666666666667,1.19438355141829,5.90398975492891,9.5875,1.546875,0.247261290720787
6,3,4,0.958333333333333,0.333333333333333,1.19438355141829,5.90398975492891,9.5875,1.75,0.191701004947908
6,3,4,0.958333333333333,0.375,1.19438355141829,5.90398975492891,9.5875,1.953125,0.10643409731192
6,3,4,0.958333333333333,0.416666666666667,1.19438355141829,5.90398975492891,9.5875,2.15625,0
6,3,4,0.958333333333333,0.458333333333333,1.19438355141829,5.90398975492891,9.5875,2.359375,0
6,3,4,0.958333333333333,0.5,1.19438355141829,5.90398975492891,9.5875,2.5625,0
6,3,4,0.958333333333333,0.541666666666667,1.19438355141829,5.90398975492891,9.5875,2.765625,0
6,3,4,0.958333333333333,0.583333333333333,1.19438355141829,5.90398975492891,9.5875,2.96875,0
6,3,4,0.958333333333333,0.625,1.19438355141829,5.90398975492891,9.5875,3.171875,0
6,3,4,0.958333333333333,0.666666666666667,1.19438355141829,5.90398975492891,9.5875,3.375,0
6,3,4,0.958333333333333,0.708333333333333,1.19438355141829,5.90398975492891,9.5875,3.578125,0
6,3,4,0.958333333333333,0.75,1.19438355141829,5.90398975492891,9.5875,3.78125,0
6,3,4,0.958333333333333,0.791666666666667,1.19438355141829,5.90398975492891,9.5875,3.984375,0
6,3,4,0.958333333333333,0.833333333333333,1.19438355141829,5.90398975492891,9.5875,4.1875,0
6,3,4,0.958333333333333,0.875,1.19438355141829,5.90398975492891,9.5875,4.390625,0
6,3,4,0.958333333333333,0.916666666666667,1.19438355141829,5.90398975492891,9.5875,4.59375,0
6,3,4,0.958333333333333,0.958333333333333,1.19438355141829,5.90398975492891,9.5875,4.796875,0
6,3,4,0.958333333333333,1,1.19438355141829,5.90398975492891,9.5875,5,0.0191710426364245
6,3,4,1,0,1.19438355141829,5.90398975492891,10,0.125,0
6,3,4,1,0.0416666666666667,1.19438355141829,5.90398975492891,10,0.328125,0
6,3,4,1,0.0833333333333333,1.19438355141829,5.90398975492891,10,0.53125,0.115963825442134
6,3,4,1,0.125,1.19438355141829,5.90398975492891,10,0.734375,0.197006717129044
6,3,4,1,0.166666666666667,1.19438355141829,5.90398975492891,10,0.9375,0.239101034471726
6,3,4,1,0.208333333333333,1.19438355141829,5.90398975492891,10,1.140625,0.241438908861765
6,3,4,1,0.25,1.19438355141829,5.90398975492891,10,1.34375,0.205693954460431
6,3,4,1,0.291666666666667,1.19438355141829,5.90398975492891,10,1.546875,0.135839407383531
6,3,4,1,0.333333333333333,1.19438355141829,5.90398975492891,10,1.75,0.037836161735983
6,3,4,1,0.375,1.19438355141829,5.90398975492891,10,1.953125,0
6,3,4,1,0.416666666666667,1.19438355141829,5.90398975492891,10,2.15625,0
6,3,4,1,0.458333333333333,1.19438355141829,5.90398975492891,10,2.359375,0
6,3,4,1,0.5,1.19438355141829,5.90398975492891,10,2.5625,0
6,3,4,1,0.541666666666667,1.19438355141829,5.90398975492891,10,2.765625,0
6,3,4,1,0.583333333333333,1.19438355141829,5.90398975492891,10,2.96875,0
6,3,4,1,0.625,1.19438355141829,5.90398975492891,10,3.171875,0
6,3,4,1,0.666666666666667,1.19438355141829,5.90398975492891,10,3.375,0
6,3,4,1,0.708333333333333,1.19438355141829,5.90398975492891,10,3.578125,0
6,3,4,1,0.75,1.19438355141829,5.90398975492891,10,3.78125,0
6,3,4,1,0.791666666666667,1.19438355141829,5.90398975492891,10,3.984375,0
6,3,4,1,0.833333333333333,1.19438355141829,5.90398975492891,10,4.1875,0
6,3,4,1,0.875,1.19438355141829,5.90398975492891,10,4.390625,0
6,3,4,1,0.916666666666667,1.19438355141829,5.90398975492891,10,4.59375,0
6,3,4,1,0.958333333333333,1.19438355141829,5.90398975492891,10,4.796875,0.00118778805286056
6,3,4,1,1,1.19438355141829,5.90398975492891,10,5,0.19080253797786
