FalseFeasibleRate,TrueFeasibleRate,Threshold
0,0,Inf
0.00585923544122901,0.228104101200548,0.999876956421947
0.00585923544122901,0.228345822254452,0.99971017596082
0.00585923544122901,0.22866811699299,0.999322372682433
0.00585923544122901,0.228990411731528,0.998949860176104
0.00585923544122901,0.229232132785432,0.998640896057584
0.00593068953197571,0.229393280154701,0.998187157424492
0.00593068953197571,0.22971557489324,0.998078987456017
0.00596641657734905,0.229957295947144,0.997575933571477
0.0060021436227224,0.230118443316413,0.997463631717849
0.0060021436227224,0.230440738054951,0.9972417873882
0.0060021436227224,0.23076303279349,0.997081380199956
0.0060021436227224,0.231004753847393,0.996861106061314
0.0060021436227224,0.231327048585932,0.996200652253374
0.0060021436227224,0.23164934332447,0.99552030938415
0.00603787066809575,0.231810490693739,0.994733901791863
0.00603787066809575,0.232132785432278,0.994588257302019
0.0060735977134691,0.232374506486182,0.99428726174697
0.0060735977134691,0.23269680122472,0.993566554975287
0.0060735977134691,0.232938522278624,0.993344972385703
0.00610932475884244,0.233180243332528,0.993139161433437
0.00610932475884244,0.233502538071066,0.992136130557576
0.00610932475884244,0.23374425912497,0.991252067731259
0.00610932475884244,0.234066553863508,0.990167819418921
0.00610932475884244,0.234388848602047,0.98963224953188
0.00614505180421579,0.234549995971316,0.989388541135764
0.00614505180421579,0.234872290709854,0.989176379429835
0.00614505180421579,0.235194585448393,0.988238997271762
0.00614505180421579,0.235516880186931,0.987793629990951
0.00614505180421579,0.235758601240835,0.987415036394201
0.00614505180421579,0.236080895979373,0.987033988630679
0.00614505180421579,0.236403190717912,0.986533916022001
0.00618077884958914,0.236564338087181,0.986124788180632
0.00625223294033583,0.23672548545645,0.985668843981381
0.00628795998570918,0.236967206510354,0.985040699389727
0.00628795998570918,0.237208927564258,0.984699993050107
0.00628795998570918,0.237531222302796,0.984399339640781
0.00632368703108253,0.2377729433567,0.984254617125013
0.00632368703108253,0.238095238095238,0.983620877647344
0.00635941407645588,0.238256385464507,0.983236878864111
0.00635941407645588,0.238578680203046,0.982786137969827
0.00635941407645588,0.238900974941584,0.982138500341732
0.00639514112182922,0.239062122310853,0.981877135544035
0.00639514112182922,0.239384417049392,0.981693678260177
0.00643086816720257,0.239626138103295,0.981475672801363
0.00643086816720257,0.239867859157199,0.980937179476053
0.00643086816720257,0.240190153895738,0.98048487732009
0.00643086816720257,0.240512448634276,0.979719849108122
0.00643086816720257,0.240834743372814,0.97936188125882
0.00646659521257592,0.240995890742084,0.979142919212494
0.00646659521257592,0.241318185480622,0.978721920229921
0.00650232225794927,0.241559906534526,0.978464586680423
0.00650232225794927,0.24180162758843,0.97806612961929
0.00650232225794927,0.242123922326968,0.977697443575481
0.00650232225794927,0.242446217065506,0.977135019505363
0.00653804930332262,0.242607364434776,0.976836625424487
0.00657377634869596,0.242849085488679,0.976472596890577
0.00660950339406931,0.243090806542583,0.975850031256929
0.00668095748481601,0.243171380227218,0.975514019440589
0.0067524115755627,0.243332527596487,0.974514323978679
0.0067524115755627,0.243654822335025,0.974284125316169
0.00678813862093605,0.243896543388929,0.974031862808076
0.00678813862093605,0.244138264442833,0.973731024201793
0.0068238656663094,0.244379985496737,0.972908254298237
0.00689531975705609,0.244541132866006,0.972264893380144
0.00693104680242944,0.244702280235275,0.971741959730786
0.00700250089317613,0.244863427604544,0.971084895786791
0.00703822793854948,0.245105148658448,0.970633054216364
0.00703822793854948,0.245346869712352,0.970518800570606
0.00703822793854948,0.24566916445089,0.970220978213342
0.00707395498392283,0.245910885504794,0.96989986683016
0.00707395498392283,0.246233180243333,0.969780619914268
0.00710968202929618,0.246394327612602,0.969382325388302
0.00710968202929618,0.24671662235114,0.968558235762718
0.00710968202929618,0.247038917089679,0.967937495255709
0.00714540907466953,0.247200064458948,0.967730958982261
0.00718113612004287,0.247441785512852,0.967347191347194
0.00725259021078957,0.247602932882121,0.966628993394428
0.00725259021078957,0.247844653936025,0.966065523689422
0.00728831725616292,0.248086374989928,0.965494378247103
0.00732404430153626,0.248328096043832,0.964665236126617
0.00735977134690961,0.248569817097736,0.964285335041291
0.00735977134690961,0.24881153815164,0.96397669909034
0.00735977134690961,0.249133832890178,0.963508662144227
0.00735977134690961,0.249456127628716,0.962929354919203
0.00735977134690961,0.24969784868262,0.962477422337355
0.00739549839228296,0.249939569736524,0.961628961970613
0.00739549839228296,0.250261864475062,0.961133466712472
0.00739549839228296,0.250503585528966,0.960820240553822
0.00739549839228296,0.250825880267505,0.960161528195845
0.00743122543765631,0.251067601321408,0.959687453855868
0.00746695248302965,0.251309322375312,0.959232469432562
0.00753840657377635,0.251389896059947,0.958691898501089
0.00753840657377635,0.251712190798485,0.95839385039086
0.0075741336191497,0.251953911852389,0.958127822452789
0.0075741336191497,0.252195632906293,0.957775638981756
0.0075741336191497,0.252517927644831,0.957562951265703
0.0075741336191497,0.25284022238337,0.957053194988834
0.0075741336191497,0.253081943437273,0.956604525183737
0.00760986066452304,0.253323664491177,0.956162103121111
0.00764558770989639,0.253565385545081,0.955495777239772
0.00764558770989639,0.253807106598985,0.955081932481807
0.00764558770989639,0.254129401337523,0.954737006923268
0.00768131475526974,0.254371122391427,0.954088714339158
0.00771704180064309,0.254612843445331,0.953591782402235
0.00771704180064309,0.254854564499235,0.953307596677261
0.00771704180064309,0.255176859237773,0.952859715230428
0.00771704180064309,0.255499153976311,0.952416265370413
0.00775276884601643,0.255660301345581,0.951962949865469
0.00775276884601643,0.255982596084119,0.951430698851746
0.00775276884601643,0.256304890822657,0.950948572820323
0.00778849589138978,0.256466038191927,0.950739655002992
0.00782422293676313,0.25670775924583,0.950270155489663
0.00782422293676313,0.257030053984369,0.949834261419821
0.00789567702750982,0.257191201353638,0.949281480504
0.00789567702750982,0.257432922407542,0.94866228844283
0.00789567702750982,0.25775521714608,0.948384058332016
0.00793140407288317,0.257996938199984,0.947734790067401
0.00793140407288317,0.258238659253888,0.947055120271681
0.00800285816362987,0.258399806623157,0.946592931985308
0.00803858520900321,0.258641527677061,0.946106412167878
0.00807431225437656,0.25880267504633,0.945963659000877
0.00807431225437656,0.259124969784868,0.945300695985492
0.00814576634512326,0.259286117154137,0.94503985729055
0.00814576634512326,0.259608411892676,0.944225311647016
0.00814576634512326,0.25985013294658,0.943679954490258
0.00818149339049661,0.260091854000483,0.943269117125009
0.00818149339049661,0.260414148739022,0.942569068438724
0.00821722043586995,0.260575296108291,0.942389191488813
0.00828867452661665,0.26073644347756,0.942159595379854
0.00828867452661665,0.261058738216099,0.941635041906883
0.00828867452661665,0.261300459270002,0.941357635769553
0.00828867452661665,0.261622754008541,0.940558034336435
0.00828867452661665,0.261945048747079,0.940233413931085
0.00832440157199,0.262186769800983,0.940006613697684
0.00832440157199,0.262428490854887,0.939613870641487
0.00836012861736334,0.262670211908791,0.938747443308435
0.00836012861736334,0.262992506647329,0.93791507636566
0.00836012861736334,0.263234227701233,0.93778238372798
0.00839585566273669,0.263475948755137,0.937158826546439
0.00839585566273669,0.263798243493675,0.936639451219434
0.00839585566273669,0.264039964547579,0.935906328593903
0.00839585566273669,0.264362259286117,0.935437886143692
0.00839585566273669,0.264684554024656,0.934782023241162
0.00839585566273669,0.265006848763194,0.934447435474194
0.00843158270811004,0.265167996132463,0.934410476247814
0.00843158270811004,0.265490290871002,0.933787410079535
0.00843158270811004,0.26581258560954,0.933495746909715
0.00846730975348339,0.265973732978809,0.933207470884529
0.00846730975348339,0.266296027717348,0.932594616805628
0.00850303679885673,0.266537748771251,0.932437885483066
0.00853876384423008,0.266698896140521,0.932360217675118
0.00853876384423008,0.267021190879059,0.932205553779855
0.00853876384423008,0.267343485617597,0.93090720492347
0.00853876384423008,0.267585206671501,0.93035567478793
0.00857449088960343,0.267826927725405,0.930165064008929
0.00864594498035012,0.267988075094674,0.929284669476245
0.00868167202572347,0.268229796148578,0.929096637509235
0.00868167202572347,0.268471517202482,0.928554731041722
0.00868167202572347,0.26879381194102,0.92843183075008
0.00871739907109682,0.269035532994924,0.928116413629293
0.00871739907109682,0.269277254048828,0.92794296255889
0.00871739907109682,0.269599548787366,0.927616275293125
0.00875312611647017,0.26984126984127,0.926779405543785
0.00878885316184352,0.270002417210539,0.926221800883135
0.00882458020721686,0.270244138264443,0.925188331974303
0.00882458020721686,0.270566433002981,0.924909201924604
0.00886030725259021,0.270808154056885,0.92465513663644
0.00893176134333691,0.27088872774152,0.924487012399532
0.00896748838871025,0.271130448795423,0.924045558916816
0.0090032154340836,0.271372169849327,0.92373711088494
0.0090746695248303,0.271452743533962,0.92354783471626
0.0090746695248303,0.2717750382725,0.923364863957276
0.00911039657020364,0.272016759326404,0.922763704443602
0.00911039657020364,0.272258480380308,0.922519590435666
0.00911039657020364,0.272580775118846,0.922366081715208
0.00918185066095034,0.272741922488115,0.922057320523899
0.00925330475169703,0.272903069857385,0.921503322038499
0.00928903179707038,0.273064217226654,0.921308260137541
0.00928903179707038,0.273386511965192,0.920920859462024
0.00932475884244373,0.273628233019096,0.919658220766395
0.00936048588781708,0.273789380388365,0.919215460530727
0.00936048588781708,0.274111675126904,0.918843197663539
0.00936048588781708,0.274433969865442,0.91850374063753
0.00939621293319043,0.274595117234711,0.91801978094039
0.00943193997856377,0.274836838288615,0.917659320736394
0.00946766702393712,0.275078559342519,0.917233400526493
0.00950339406931047,0.275320280396423,0.917010917244047
0.00953912111468382,0.275481427765692,0.916665720687351
0.00953912111468382,0.27580372250423,0.916178949718718
0.00957484816005716,0.276045443558134,0.91598658889998
0.00957484816005716,0.276287164612038,0.915884672474387
0.00957484816005716,0.276609459350576,0.915571044801124
0.00961057520543051,0.27685118040448,0.915006204615519
0.00968202929617721,0.276931754089114,0.914472146480391
0.00971775634155055,0.277173475143018,0.914276703287104
0.00971775634155055,0.277495769881557,0.913877728223212
0.0097534833869239,0.277656917250826,0.913490407024026
0.00978921043229725,0.27789863830473,0.913177278000381
0.00978921043229725,0.278220933043268,0.912698138193032
0.00978921043229725,0.278543227781806,0.912252020484199
0.0098249374776706,0.278704375151076,0.912139619744514
0.0098249374776706,0.279026669889614,0.911479941591668
0.0098249374776706,0.279348964628152,0.910776504192213
0.00986066452304394,0.279510111997422,0.910280620575773
0.00986066452304394,0.27983240673596,0.909072444460833
0.00986066452304394,0.280154701474498,0.908522364507708
0.00986066452304394,0.280396422528402,0.908412451133582
0.00993211861379064,0.280557569897671,0.9082182122808
0.00996784565916399,0.280799290951575,0.907647547879687
0.0100392997499107,0.280960438320844,0.907198472896538
0.010075026795284,0.281121585690114,0.907074766224897
0.0101107538406574,0.281363306744017,0.906785917284483
0.0101464808860307,0.281605027797921,0.90596829982097
0.0101464808860307,0.281846748851825,0.905708484252452
0.0101464808860307,0.282169043590363,0.904957876334332
0.0101464808860307,0.282491338328902,0.903965178686656
0.0101464808860307,0.282733059382806,0.903777747943899
0.0101464808860307,0.283055354121344,0.903582251738128
0.0101464808860307,0.283377648859882,0.903052823110405
0.0101464808860307,0.283699943598421,0.902371269850063
0.0102179349767774,0.283780517283055,0.902077856382269
0.0102536620221508,0.284022238336959,0.901686175013636
0.0102893890675241,0.284263959390863,0.901193812584874
0.0102893890675241,0.284505680444767,0.900807967216652
0.0102893890675241,0.284827975183305,0.900500753465614
0.0102893890675241,0.285150269921844,0.900304633980427
0.0102893890675241,0.285391990975747,0.899544664602065
0.0102893890675241,0.285714285714286,0.899201811088655
0.0103251161128975,0.285956006768189,0.899001967393037
0.0103251161128975,0.286278301506728,0.898673346393747
0.0103251161128975,0.286520022560632,0.898190477588301
0.0103608431582708,0.286761743614535,0.897787274444057
0.0103608431582708,0.287084038353074,0.897420875068698
0.0103608431582708,0.287325759406978,0.897289820077409
0.0104322972490175,0.287486906776247,0.89660125305619
0.0104680242943909,0.287728627830151,0.896360416535013
0.0104680242943909,0.287970348884054,0.895867862939889
0.0104680242943909,0.288292643622593,0.895490959158753
0.0104680242943909,0.288614938361131,0.894852132813075
0.0104680242943909,0.28893723309967,0.894358379499842
0.0104680242943909,0.289178954153573,0.894015552797429
0.0104680242943909,0.289501248892112,0.893554143188713
0.0104680242943909,0.28982354363065,0.893131628831855
0.0105037513397642,0.289984690999919,0.892732991755389
0.0105037513397642,0.290306985738458,0.892317821504664
0.0105037513397642,0.290629280476996,0.891877261495244
0.0105037513397642,0.2908710015309,0.891617954365033
0.0105394783851375,0.291112722584804,0.890422207071129
0.0105752054305109,0.291354443638708,0.890272880967906
0.0105752054305109,0.291596164692611,0.889974467659276
0.0105752054305109,0.29191845943115,0.889882667336082
0.0105752054305109,0.292240754169688,0.88941669446011
0.0105752054305109,0.292563048908227,0.888541622809665
0.0106109324758842,0.292724196277496,0.888404384084143
0.0106466595212576,0.2929659173314,0.887659949478111
0.0106466595212576,0.293288212069938,0.887106604428784
0.0106823865666309,0.293449359439207,0.886935500575346
0.0106823865666309,0.293771654177746,0.88653580945308
0.0106823865666309,0.294093948916284,0.88621133067633
0.0106823865666309,0.294335669970188,0.885996266996659
0.0106823865666309,0.294657964708726,0.885556079079101
0.0106823865666309,0.294980259447265,0.885152622147607
0.0107181136120043,0.295221980501168,0.88458724972762
0.0107538406573776,0.295383127870438,0.884253752268449
0.0108252947481243,0.295544275239707,0.884030785104511
0.0108252947481243,0.295866569978245,0.883745905471622
0.0108252947481243,0.296108291032149,0.883570025273208
0.0108610217934977,0.296350012086053,0.883115605168095
0.0109324758842444,0.296511159455322,0.882721441478521
0.0109682029296177,0.296672306824591,0.882191572522333
0.0110039299749911,0.296914027878495,0.881588570723227
0.0110396570203644,0.297155748932399,0.881121824073915
0.0110753840657378,0.297397469986302,0.880739557764615
0.0111468381564845,0.297478043670937,0.880540471930136
0.0111825652018578,0.297719764724841,0.88032634638887
0.0112182922472312,0.297961485778745,0.880087884924934
0.0112182922472312,0.298203206832648,0.879856019021796
0.0112182922472312,0.298525501571187,0.879288408250805
0.0112897463379778,0.298686648940456,0.878948932121954
0.0112897463379778,0.29892836999436,0.878700230405739
0.0112897463379778,0.299250664732898,0.878066178961731
0.0113254733833512,0.299492385786802,0.877736139032567
0.0113612004287245,0.299734106840706,0.877538542212121
0.0113612004287245,0.29997582789461,0.877047523053071
0.0114326545194712,0.300136975263879,0.876652961325947
0.0114326545194712,0.300459270002417,0.876308390821926
0.0114683815648446,0.300620417371686,0.876155451872274
0.0115041086102179,0.30086213842559,0.87583362367592
0.0115398356555913,0.301103859479494,0.875105677261359
0.0115755627009646,0.301265006848763,0.87489338483066
0.0116470167917113,0.301426154218032,0.874497751706867
0.0116827438370847,0.301667875271936,0.874306143822548
0.011718470882458,0.301829022641205,0.8740061874373
0.0117541979278314,0.302070743695109,0.873542145899086
0.0117541979278314,0.302393038433648,0.873047232215722
0.0117541979278314,0.302715333172186,0.872575625294245
0.0117541979278314,0.30295705422609,0.872379326182642
0.0117541979278314,0.303279348964628,0.871947850975729
0.0117899249732047,0.303521070018532,0.871709334711928
0.0117899249732047,0.303762791072436,0.871400493388792
0.0117899249732047,0.304085085810974,0.871219493568545
0.0118256520185781,0.304326806864878,0.870800953890064
0.0118613790639514,0.304487954234147,0.870611282194409
0.0118971061093248,0.304729675288051,0.870064203406506
0.0119328331546981,0.304971396341955,0.869488869034254
0.0119328331546981,0.305293691080493,0.869113565777864
0.0119328331546981,0.305535412134397,0.86859619425242
0.0119328331546981,0.305857706872935,0.868099650713767
0.0120042872454448,0.306018854242204,0.867936768495766
0.0120042872454448,0.306260575296108,0.86780939182311
0.0120400142908181,0.306502296350012,0.86693593564483
0.0120400142908181,0.30682459108855,0.866258828060047
0.0120400142908181,0.307066312142454,0.866203751896891
0.0120757413361915,0.307308033196358,0.865752814963405
0.0121114683815648,0.307549754250262,0.865544051310519
0.0121114683815648,0.3078720489888,0.865151350943752
0.0121471954269382,0.308033196358069,0.864724089342023
0.0121471954269382,0.308355491096608,0.864590105587381
0.0121829224723115,0.308597212150512,0.864371099549223
0.0121829224723115,0.308838933204415,0.863869793967749
0.0121829224723115,0.309161227942954,0.863137826244156
0.0122186495176849,0.309402948996858,0.862888526684874
0.0122186495176849,0.309644670050761,0.862604719432946
0.0122901036084316,0.309805817420031,0.86184874627358
0.0122901036084316,0.310128112158569,0.861435237505975
0.0123258306538049,0.310369833212473,0.861250012510336
0.0123258306538049,0.310611554266377,0.861050269945045
0.0123258306538049,0.310933849004915,0.860794495438638
0.0123258306538049,0.311256143743453,0.860717472318291
0.0123258306538049,0.311497864797357,0.86059350147547
0.0123258306538049,0.311820159535896,0.860437916048447
0.0123258306538049,0.312142454274434,0.860077042256088
0.0123258306538049,0.312384175328338,0.859537132085418
0.0123615576991783,0.312625896382242,0.858830522685123
0.0123972847445516,0.312867617436145,0.857899317017155
0.012433011789925,0.313109338490049,0.85748642878724
0.012433011789925,0.313351059543953,0.857237669121925
0.0124687388352983,0.313592780597857,0.857113472744112
0.012540192926045,0.313753927967126,0.856924786494194
0.012540192926045,0.31399564902103,0.856818085448979
0.012540192926045,0.314317943759568,0.856311772827354
0.0125759199714184,0.314559664813472,0.856129095460993
0.0126116470167917,0.314720812182741,0.855598546957607
0.0126116470167917,0.31504310692128,0.855068944679897
0.0126473740621651,0.315284827975183,0.854631588155707
0.0126473740621651,0.315526549029087,0.853937820554519
0.0126831011075384,0.315768270082991,0.853582347499199
0.0127188281529118,0.316009991136895,0.853321647233029
0.0127188281529118,0.316332285875433,0.852908547816045
0.0127188281529118,0.316574006929337,0.852684520155511
0.0127188281529118,0.316896301667875,0.852265568017286
0.0127188281529118,0.317218596406414,0.852033123036022
0.0127545551982851,0.317379743775683,0.851310465923978
0.0127902822436584,0.317621464829587,0.850748597153442
0.0128260092890318,0.31786318588349,0.85048863320156
0.0128260092890318,0.318104906937394,0.850133965152896
0.0128617363344051,0.318346627991298,0.849793066778216
0.0128617363344051,0.318668922729836,0.849575984671241
0.0128617363344051,0.318991217468375,0.849252402255739
0.0128617363344051,0.319232938522279,0.849104176914148
0.0128974633797785,0.319474659576182,0.848939496003384
0.0128974633797785,0.319796954314721,0.848127903878257
0.0128974633797785,0.320038675368625,0.847870185624434
0.0128974633797785,0.320360970107163,0.847525594415214
0.0128974633797785,0.320683264845701,0.847038928358344
0.0128974633797785,0.320924985899605,0.846722379096906
0.0129331904251518,0.321166706953509,0.846441304670198
0.0130046445158985,0.321327854322778,0.846060852882778
0.0130046445158985,0.321650149061317,0.845954056991679
0.0130046445158985,0.32189187011522,0.845871341503442
0.0130046445158985,0.322214164853759,0.84548653233281
0.0130046445158985,0.322536459592297,0.845241324674786
0.0130403715612719,0.322697606961566,0.844505982552562
0.0131118256520186,0.322858754330836,0.84437218162789
0.0131475526973919,0.323100475384739,0.843961576254505
0.0131475526973919,0.323342196438643,0.843717620140808
0.0131475526973919,0.323664491177182,0.843167639860148
0.0131475526973919,0.32398678591572,0.842984796258616
0.0132904608788853,0.32398678591572,0.842632703460671
0.0132904608788853,0.324228506969624,0.842517800349809
0.013361914969632,0.324389654338893,0.84219426911038
0.013361914969632,0.324711949077431,0.841854457491178
0.0134333690603787,0.324792522762066,0.841626553144454
0.0134690961057521,0.32503424381597,0.841225613378291
0.0135048231511254,0.325275964869873,0.840806021002449
0.0135048231511254,0.325517685923777,0.840608610578464
0.0135048231511254,0.325839980662316,0.840390703245449
0.0135762772418721,0.326001128031585,0.839796686485554
0.0135762772418721,0.326242849085489,0.839628828174938
0.0136120042872454,0.326484570139392,0.839054334030939
0.0136120042872454,0.326806864877931,0.838813615213664
0.0136477313326188,0.327048585931835,0.838227073549487
0.0136477313326188,0.327290306985738,0.83791329615283
0.0136834583779921,0.327532028039642,0.837534980253585
0.0137191854233655,0.327773749093546,0.837352805693046
0.0137191854233655,0.32801547014745,0.837088552190821
0.0137191854233655,0.328337764885988,0.836819480267162
0.0137549124687388,0.328579485939892,0.836724287684325
0.0137549124687388,0.328821206993796,0.836185284127427
0.0137906395141122,0.3290629280477,0.835992848243616
0.0137906395141122,0.329385222786238,0.835577046602817
0.0137906395141122,0.329707517524776,0.835073646149199
0.0137906395141122,0.32994923857868,0.834997585571409
0.0137906395141122,0.330271533317219,0.834760207002241
0.0137906395141122,0.330593828055757,0.834324748264074
0.0137906395141122,0.330835549109661,0.834153942641768
0.0138263665594855,0.331077270163565,0.834057114456746
0.0138263665594855,0.331399564902103,0.833360078715432
0.0138263665594855,0.331641285956007,0.833205206532301
0.0138620936048589,0.331883007009911,0.832751750602247
0.0138620936048589,0.332205301748449,0.832614645225046
0.0138978206502322,0.332447022802353,0.832144317461035
0.0138978206502322,0.332688743856257,0.831734448932393
0.0139335476956056,0.33293046491016,0.831311038978291
0.0139692747409789,0.333172185964064,0.830926762146716
0.0140050017863523,0.333333333333333,0.830694365978761
0.0140050017863523,0.333655628071872,0.830198835038947
0.014076455877099,0.333816775441141,0.82998733182101
0.0141479099678457,0.333897349125776,0.829759959351192
0.0141479099678457,0.334219643864314,0.829413720685231
0.014183637013219,0.334461364918218,0.829194722165625
0.014183637013219,0.334783659656756,0.829029103214326
0.014183637013219,0.33502538071066,0.828666831626762
0.014183637013219,0.335347675449198,0.828297550758695
0.014183637013219,0.335669970187737,0.828110667961716
0.0142193640585924,0.335831117557006,0.827494045368211
0.0142550911039657,0.33607283861091,0.82711549859548
0.0142908181493391,0.336314559664813,0.826605055692961
0.0143265451947124,0.336475707034083,0.82643157716187
0.0143265451947124,0.336798001772621,0.826112500074995
0.0143622722400857,0.337039722826525,0.825633382788151
0.0143622722400857,0.337362017565063,0.82527112753216
0.0143979992854591,0.337523164934332,0.824963227473998
0.0144337263308324,0.337764885988236,0.824580242063417
0.0144337263308324,0.338087180726775,0.824389377180259
0.0144694533762058,0.338248328096044,0.82417319357636
0.0144694533762058,0.338570622834582,0.823908031699824
0.0144694533762058,0.338892917573121,0.823450687917376
0.0145051804215791,0.33905406494239,0.823290616674659
0.0145766345123258,0.339215212311659,0.823127297209025
0.0145766345123258,0.339537507050197,0.822795096868471
0.0145766345123258,0.339779228104101,0.822540028431821
0.0146123615576992,0.340020949158005,0.822370700334725
0.0146480886030725,0.340262670211909,0.821916475449347
0.0146480886030725,0.340584964950447,0.821679495057706
0.0146480886030725,0.340826686004351,0.821552687377706
0.0146480886030725,0.341148980742889,0.821353993488699
0.0146480886030725,0.341471275481428,0.820978452640421
0.0146480886030725,0.341712996535332,0.820888778472303
0.0147195426938192,0.341874143904601,0.820738160839761
0.0147552697391926,0.342115864958505,0.820404493404481
0.0147552697391926,0.342357586012408,0.819905580485647
0.0148267238299393,0.342518733381678,0.819358046063976
0.0148267238299393,0.342841028120216,0.818788778800672
0.0148624508753126,0.34308274917412,0.817957235228492
0.014898177920686,0.343243896543389,0.817650709068605
0.014898177920686,0.343566191281927,0.817414065706199
0.0149339049660593,0.343807912335831,0.816927667027975
0.0149696320114327,0.3439690597051,0.816665953370859
0.0149696320114327,0.344291354443639,0.81619049899908
0.015005359056806,0.344533075497543,0.816070571580508
0.015005359056806,0.344774796551446,0.815714795311843
0.015005359056806,0.345097091289985,0.81532434732211
0.015005359056806,0.345419386028523,0.815128785828887
0.0150768131475527,0.345580533397792,0.814879223559534
0.0150768131475527,0.345822254451696,0.814821898507141
0.0150768131475527,0.346144549190234,0.81437134581417
0.0150768131475527,0.346466843928773,0.814183457688737
0.015112540192926,0.346627991298042,0.813961844077547
0.0151839942836727,0.346789138667311,0.813570106211014
0.0151839942836727,0.34711143340585,0.813384250657887
0.0151839942836727,0.347353154459753,0.813247359355528
0.0152197213290461,0.347594875513657,0.813088344529582
0.0152197213290461,0.347917170252196,0.812915711639843
0.0152197213290461,0.348239464990734,0.812520589801076
0.0152911754197928,0.348320038675369,0.811779949757251
0.0153269024651661,0.348561759729272,0.811441655635605
0.0153626295105395,0.348803480783176,0.811203234961474
0.0153983565559128,0.348964628152445,0.810897266371099
0.0153983565559128,0.349286922890984,0.810703936424977
0.0153983565559128,0.349609217629522,0.810585442382458
0.0153983565559128,0.349850938683426,0.809913673558575
0.0153983565559128,0.350173233421964,0.809717114356785
0.0153983565559128,0.350495528160503,0.809376120709743
0.0154340836012862,0.350737249214407,0.809061325839793
0.0154698106466595,0.350898396583676,0.80882299687567
0.0154698106466595,0.351220691322214,0.808672212803622
0.0155055376920329,0.351462412376118,0.808031012318628
0.0155055376920329,0.351704133430022,0.80772969727871
0.0155055376920329,0.35202642816856,0.8075356474606
0.0155055376920329,0.352348722907099,0.807369865820713
0.0155055376920329,0.352590443961002,0.807250566396524
0.0155055376920329,0.352912738699541,0.806795147591749
0.0155769917827796,0.35307388606881,0.806593488945878
0.0155769917827796,0.353315607122714,0.806311861810207
0.0156127188281529,0.353557328176618,0.805937951155789
0.0156841729188996,0.353718475545887,0.805665390231353
0.0156841729188996,0.354040770284425,0.805420148972335
0.015719899964273,0.354201917653694,0.805351937790154
0.015719899964273,0.354524212392233,0.805133365516288
0.015719899964273,0.354846507130771,0.804886499062362
0.0157556270096463,0.35500765450004,0.804857468041051
0.0157913540550196,0.355249375553944,0.80461419128302
0.0157913540550196,0.355571670292482,0.804110142898288
0.0157913540550196,0.355813391346386,0.804043458649843
0.0158628081457663,0.355974538715655,0.803661864245271
0.0158628081457663,0.356296833454194,0.803219327706806
0.0158628081457663,0.356619128192732,0.803047684177434
0.0158628081457663,0.356860849246636,0.802784971893723
0.0158628081457663,0.357183143985174,0.802330772723407
0.0158628081457663,0.357505438723713,0.801826036169463
0.0158985351911397,0.357666586092982,0.801523534838621
0.0158985351911397,0.35798888083152,0.801260305159258
0.0158985351911397,0.358311175570059,0.801164738520396
0.015934262236513,0.358472322939328,0.800867943145426
0.0160057163272597,0.358633470308597,0.800678006555481
0.0160057163272597,0.358955765047136,0.800466481782261
0.0160057163272597,0.359278059785674,0.80027732286984
0.0160057163272597,0.359519780839578,0.800229070477017
0.0160057163272597,0.359842075578116,0.799676714070603
0.0160057163272597,0.360164370316655,0.799496560229896
0.0160414433726331,0.360325517685924,0.799117347409623
0.0160414433726331,0.360647812424462,0.79903739941906
0.0160414433726331,0.360970107163001,0.798598388556384
0.0160414433726331,0.361211828216904,0.798297875681326
0.0160771704180064,0.361453549270808,0.798080849105674
0.0161128974633798,0.361695270324712,0.797673070914206
0.0161128974633798,0.36201756506325,0.797394508667939
0.0161486245087531,0.36217871243252,0.797023084723399
0.0161486245087531,0.362501007171058,0.796984363825971
0.0161843515541265,0.362742728224962,0.796769766569164
0.0161843515541265,0.362984449278866,0.796602632443069
0.0161843515541265,0.363306744017404,0.796183162972809
0.0161843515541265,0.363629038755942,0.795876372955992
0.0161843515541265,0.363870759809846,0.795832024394977
0.0161843515541265,0.364193054548385,0.79552306799681
0.0161843515541265,0.364515349286923,0.795186803111425
0.0162200785994998,0.364676496656192,0.794911073902936
0.0162558056448732,0.364918217710096,0.794592220868857
0.0162558056448732,0.365240512448634,0.794336185194395
0.0162915326902465,0.365482233502538,0.794083288717412
0.0162915326902465,0.365723954556442,0.79377659681137
0.0162915326902465,0.36604624929498,0.793534300946436
0.0162915326902465,0.366368544033519,0.793388437661396
0.0162915326902465,0.366610265087422,0.793097784698186
0.0163272597356199,0.366851986141326,0.792629300633625
0.0163987138263666,0.367013133510595,0.792296295215459
0.0164344408717399,0.367174280879865,0.791998789234245
0.0164344408717399,0.367496575618403,0.791843478135414
0.0164701679171133,0.367738296672307,0.791671853537843
0.01654162200786,0.367899444041576,0.791446117900639
0.0165773490532333,0.368060591410845,0.791240819102319
0.0165773490532333,0.368382886149384,0.790990001466788
0.0166130760986066,0.368624607203287,0.790545771720797
0.0166130760986066,0.368866328257191,0.790356855451889
0.01664880314398,0.369108049311095,0.790055325387238
0.01664880314398,0.369430344049633,0.789914945976673
0.01664880314398,0.369672065103537,0.789855579523941
0.0166845301893533,0.369913786157441,0.789496912405676
0.0166845301893533,0.370236080895979,0.789452884724765
0.0167202572347267,0.370477801949883,0.789067677544085
0.0167202572347267,0.370719523003787,0.788860926149035
0.0167559842801,0.370961244057691,0.788446177826179
0.0167559842801,0.371283538796229,0.788214472397609
0.0167559842801,0.371525259850133,0.787938267228699
0.0167917113254734,0.371766980904037,0.787444310348314
0.0167917113254734,0.372089275642575,0.786940549597633
0.0167917113254734,0.372330996696479,0.786812891618649
0.0168274383708467,0.372572717750383,0.786560742305528
0.0168631654162201,0.372814438804286,0.786133641946029
0.0168631654162201,0.373136733542825,0.786048885922221
0.0168631654162201,0.373378454596729,0.785890077554908
0.0168631654162201,0.373700749335267,0.785689499565717
0.0168631654162201,0.374023044073805,0.785467584238175
0.0168631654162201,0.374264765127709,0.785380107055339
0.0168631654162201,0.374587059866248,0.785199557200852
0.0168988924615934,0.374828780920151,0.784982309037366
0.0168988924615934,0.375070501974055,0.784769052476866
0.0169346195069668,0.375312223027959,0.78462769701356
0.0170060735977135,0.375473370397228,0.784503447110287
0.0170060735977135,0.375795665135767,0.784269908431053
0.0170060735977135,0.37603738618967,0.784228087486156
0.0170060735977135,0.376359680928209,0.783930071403147
0.0170060735977135,0.376681975666747,0.783489688563694
0.0170060735977135,0.376923696720651,0.783399137769986
0.0170775276884602,0.37708484408992,0.783220543605535
0.0170775276884602,0.377407138828459,0.782781219221165
0.0170775276884602,0.377648859882362,0.782536699312526
0.0170775276884602,0.377971154620901,0.78237805507083
0.0170775276884602,0.378293449359439,0.782116489262943
0.0171489817792069,0.378374023044074,0.782078411349069
0.0171847088245802,0.378615744097978,0.781833612673701
0.0171847088245802,0.378938038836516,0.781708845335776
0.0171847088245802,0.379260333575054,0.781258557896883
0.0171847088245802,0.379502054628958,0.78093507462678
0.0172204358699536,0.379743775682862,0.780566745738037
0.0172204358699536,0.3800660704214,0.780307677090721
0.0172204358699536,0.380307791475304,0.780159331086302
0.0172204358699536,0.380630086213843,0.779865613889623
0.0172561629153269,0.380871807267746,0.779622466119135
0.0172561629153269,0.38111352832165,0.77938723103852
0.0172561629153269,0.381435823060189,0.779122632092691
0.0172561629153269,0.381758117798727,0.778845774881907
0.0172561629153269,0.382080412537265,0.778646818218816
0.0172561629153269,0.382322133591169,0.778513061208812
0.0172561629153269,0.382644428329708,0.778297680907289
0.0173276170060736,0.382805575698977,0.778035758244181
0.0173276170060736,0.383047296752881,0.777950860178479
0.0173276170060736,0.383369591491419,0.777603231886423
0.0173276170060736,0.383691886229957,0.777546035845941
0.0173990710968203,0.383772459914592,0.777417440715575
0.0174347981421936,0.384014180968496,0.777218028659427
0.0174347981421936,0.384336475707034,0.777024100078151
0.0174347981421936,0.384658770445572,0.776718727562236
0.0174347981421936,0.384900491499476,0.776501101006246
0.0174347981421936,0.385222786238015,0.776393206525772
0.0174347981421936,0.385545080976553,0.776243756020157
0.0175062522329403,0.385625654661188,0.775952711418204
0.0175062522329403,0.385947949399726,0.775707183520152
0.0175062522329403,0.386270244138264,0.77551553424014
0.0175062522329403,0.386511965192168,0.775324907797749
0.0175419792783137,0.386753686246072,0.774790615681525
0.0175419792783137,0.38707598098461,0.774630533588228
0.017577706323687,0.387317702038514,0.774436302348548
0.0176134333690604,0.387478849407783,0.774246612219403
0.0176134333690604,0.387801144146322,0.774084402717048
0.0176134333690604,0.38812343888486,0.773604051403559
0.0176491604144337,0.388284586254129,0.773549835841137
0.0176848874598071,0.388526307308033,0.773475541260128
0.0176848874598071,0.388848602046572,0.773209354499428
0.0177206145051804,0.389009749415841,0.772945933106549
0.0177563415505538,0.389251470469745,0.772849660049057
0.0177563415505538,0.389573765208283,0.772358611333215
0.0177563415505538,0.389815486262187,0.772056128132338
0.0177920685959271,0.390057207316091,0.771853746853162
0.0178635226866738,0.39021835468536,0.771501515720926
0.0178635226866738,0.390540649423898,0.771229232974568
0.0178635226866738,0.390782370477802,0.771103645655412
0.0178635226866738,0.39110466521634,0.770894451472453
0.0178992497320472,0.391346386270244,0.770815704828187
0.0178992497320472,0.391588107324148,0.77064817279867
0.0178992497320472,0.391910402062686,0.770349959858433
0.0179349767774205,0.39215212311659,0.76999196717594
0.0179707038227939,0.392313270485859,0.769966305960097
0.0179707038227939,0.392635565224398,0.769622162237524
0.0180064308681672,0.392877286278301,0.769372187282851
0.0180064308681672,0.39319958101684,0.768957958314524
0.0180064308681672,0.393441302070744,0.768662900662045
0.0180064308681672,0.393763596809282,0.768488925197226
0.0180421579135406,0.394005317863186,0.768177995801999
0.0180421579135406,0.39424703891709,0.768147570287487
0.0180778849589139,0.394488759970993,0.767961163393741
0.0180778849589139,0.394811054709532,0.767825442384148
0.0180778849589139,0.395052775763436,0.767754251247915
0.0180778849589139,0.395375070501974,0.767336982568615
0.0181136120042872,0.395616791555878,0.767022587502794
0.0181136120042872,0.395939086294416,0.766916247910287
0.0181136120042872,0.39618080734832,0.766841627893483
0.0181136120042872,0.396503102086858,0.766564866867961
0.0181136120042872,0.396825396825397,0.766402043246807
0.0181493390496606,0.396986544194666,0.76614426747179
0.0181493390496606,0.397308838933204,0.765653253335113
0.0181493390496606,0.397631133671743,0.765295239832616
0.0181493390496606,0.397872854725647,0.765075658933154
0.0181850660950339,0.39811457577955,0.765013910689086
0.0181850660950339,0.398436870518089,0.764732572110416
0.0182207931404073,0.398678591571993,0.764562651356618
0.0182207931404073,0.398920312625896,0.76438248706882
0.0182207931404073,0.399242607364435,0.763971593719029
0.018292247231154,0.399403754733704,0.763750041386278
0.018292247231154,0.399645475787608,0.763307119488828
0.0183279742765273,0.399887196841512,0.762713977538458
0.0183279742765273,0.40020949158005,0.762428254242596
0.0183279742765273,0.400451212633954,0.762241887752473
0.0183279742765273,0.400773507372492,0.761826691119014
0.0183637013219007,0.401015228426396,0.761688797010748
0.0183637013219007,0.401337523164934,0.761639287101219
0.0183637013219007,0.401579244218838,0.761373132991217
0.0183637013219007,0.401901538957377,0.760849300476305
0.018399428367274,0.40214326001128,0.760601238581894
0.0184351554126474,0.40230440738055,0.760535710100227
0.0184708824580207,0.402546128434453,0.760256533204649
0.0185066095033941,0.402787849488357,0.76001304876261
0.0185066095033941,0.403029570542261,0.759683038179487
0.0185780635941408,0.40319071791153,0.759491590089301
0.0186137906395141,0.403432438965434,0.759323840332468
0.0186137906395141,0.403674160019338,0.759165070053711
0.0186495176848875,0.403915881073242,0.758799175676875
0.0186495176848875,0.40423817581178,0.75863211884791
0.0186495176848875,0.404560470550318,0.758404702219925
0.0186495176848875,0.404802191604222,0.758293280143053
0.0186495176848875,0.40512448634276,0.758097894385674
0.0186852447302608,0.405366207396664,0.757987046507089
0.0186852447302608,0.405607928450568,0.757606814135418
0.0186852447302608,0.405930223189106,0.757470560093356
0.0187566988210075,0.406091370558376,0.75725321956921
0.0187566988210075,0.406333091612279,0.757080874728716
0.0187924258663809,0.406574812666183,0.75694117040651
0.0187924258663809,0.406897107404722,0.756723639832033
0.0188638799571275,0.407058254773991,0.7566248094687
0.0188996070025009,0.40721940214326,0.75636790962445
0.0189353340478742,0.407461123197164,0.756201279883997
0.0189353340478742,0.407783417935702,0.755693677000987
0.0189710610932476,0.407944565304971,0.755437595096604
0.0190067881386209,0.408186286358875,0.75509845307528
0.0190425151839943,0.408428007412779,0.7549757255979
0.0190782422293676,0.408589154782048,0.75485457853312
0.0191854233654877,0.408669728466683,0.754377281605445
0.0191854233654877,0.408992023205221,0.754047630259918
0.0191854233654877,0.40931431794376,0.753688396818655
0.0191854233654877,0.409556038997663,0.75358049445917
0.0191854233654877,0.409878333736202,0.753304118460254
0.019221150410861,0.410120054790106,0.753127164974712
0.019221150410861,0.410361775844009,0.75298070274789
0.019221150410861,0.410684070582548,0.752656212137194
0.0192926045016077,0.410845217951817,0.752384307630427
0.0192926045016077,0.411086939005721,0.752273073360584
0.0192926045016077,0.411409233744259,0.75207168986814
0.0192926045016077,0.411731528482798,0.751704384126653
0.0192926045016077,0.412053823221336,0.75152847211847
0.0193283315469811,0.412214970590605,0.751451791040361
0.0193640585923544,0.412456691644509,0.751166696312211
0.0193997856377278,0.412698412698413,0.751084913644593
0.0193997856377278,0.412940133752316,0.750788780200407
0.0193997856377278,0.413262428490855,0.750591754054445
0.0194712397284745,0.413423575860124,0.750112576226273
0.0194712397284745,0.413665296914028,0.750064624387808
0.0195069667738478,0.413907017967932,0.749708371016727
0.0195069667738478,0.41422931270647,0.749124615795665
0.0195069667738478,0.414471033760374,0.748903498328744
0.0195069667738478,0.414793328498912,0.748839595458321
0.0195426938192211,0.415035049552816,0.748633340288595
0.0195426938192211,0.415357344291354,0.748467548944104
0.0195426938192211,0.415599065345258,0.748271336089941
0.0195426938192211,0.415921360083797,0.748124637250581
0.0195784208645945,0.4161630811377,0.747879996440321
0.0196141479099678,0.41632422850697,0.747709242910424
0.0196498749553412,0.416565949560873,0.74736983194757
0.0196498749553412,0.416888244299412,0.747269281111135
0.0196498749553412,0.417129965353316,0.747192859196059
0.0196856020007145,0.417371686407219,0.74678804532493
0.0197570560914612,0.417532833776489,0.746585078565152
0.0197570560914612,0.417855128515027,0.746308993177007
0.0197570560914612,0.418096849568931,0.746134748428995
0.0197570560914612,0.418419144307469,0.746024994726184
0.0197570560914612,0.418741439046008,0.745456285121109
0.0197570560914612,0.418983160099911,0.745349383311771
0.0197570560914612,0.41930545483845,0.745182064105717
0.0197570560914612,0.419627749576988,0.74471829093371
0.0197570560914612,0.419869470630892,0.74460194422521
0.0197570560914612,0.42019176536943,0.744403250197014
0.0197927831368346,0.420433486423334,0.743939294112155
0.0198999642729546,0.420514060107969,0.743660967756762
0.0198999642729546,0.420755781161873,0.743509927209504
0.0198999642729546,0.421078075900411,0.743326196610451
0.0198999642729546,0.421400370638949,0.743012070561303
0.0198999642729546,0.421642091692853,0.74279286510005
0.0198999642729546,0.421964386431392,0.742453806962499
0.0198999642729546,0.42228668116993,0.742318969340973
0.0198999642729546,0.422528402223834,0.742074428533419
0.019935691318328,0.422770123277737,0.741627259459254
0.0200071454090747,0.422931270647007,0.74139342062207
0.020042872454448,0.42317299170091,0.740876628570108
0.020042872454448,0.423414712754814,0.740653686065502
0.0200785994998214,0.423656433808718,0.740487525896856
0.0201143265451947,0.423898154862622,0.740202976943302
0.0201143265451947,0.424139875916526,0.739765442959482
0.0201857806359414,0.424301023285795,0.739632602283957
0.0201857806359414,0.424623318024333,0.73895149918887
0.0201857806359414,0.424865039078237,0.738643605542539
0.0202215076813148,0.425106760132141,0.738435716542253
0.0202215076813148,0.425429054870679,0.73812889185692
0.0202215076813148,0.425751349609218,0.737856054822221
0.0202215076813148,0.425993070663121,0.737841060607328
0.0202215076813148,0.42631536540166,0.737473685996621
0.0203286888174348,0.426395939086294,0.737057078164036
0.0203644158628081,0.426557086455564,0.736895795058117
0.0203644158628081,0.426879381194102,0.736702472468886
0.0204001429081815,0.427121102248006,0.736345388563597
0.0204001429081815,0.42736282330191,0.736308093770337
0.0204001429081815,0.427685118040448,0.735916769301943
0.0204001429081815,0.428007412778986,0.735600292515424
0.0204358699535548,0.428168560148256,0.735355300933797
0.0204715969989282,0.428410281202159,0.735068506107496
0.0204715969989282,0.428732575940698,0.734848940547447
0.0204715969989282,0.429054870679236,0.734429833370731
0.0204715969989282,0.42929659173314,0.734237730085325
0.0205073240443015,0.429538312787044,0.733818012475322
0.0205787781350482,0.429699460156313,0.733747492558563
0.0205787781350482,0.429941181210217,0.733523139911411
0.0205787781350482,0.430263475948755,0.73332522672449
0.0206502322257949,0.430424623318024,0.733102770696534
0.0206502322257949,0.430666344371928,0.732920567568481
0.0206502322257949,0.430988639110467,0.732679182277716
0.0206502322257949,0.431310933849005,0.732378873202069
0.0206859592711683,0.431552654902909,0.732276726983033
0.0206859592711683,0.431794375956813,0.732137972044095
0.0207216863165416,0.432036097010716,0.732007911243149
0.020757413361915,0.43227781806462,0.731729080386835
0.020757413361915,0.432519539118524,0.731661748514205
0.0207931404072883,0.432761260172428,0.731588709374178
0.0207931404072883,0.433083554910966,0.731335363398338
0.0207931404072883,0.43332527596487,0.731098832703043
0.0207931404072883,0.433647570703408,0.730781333033761
0.0208288674526617,0.433889291757312,0.730292770273359
0.0208288674526617,0.43421158649585,0.729848850728401
0.0208288674526617,0.434453307549754,0.729521199648719
0.0208288674526617,0.434775602288293,0.729340521256491
0.0208288674526617,0.435097897026831,0.729129618190301
0.0208288674526617,0.435339618080735,0.729066244059352
0.0208288674526617,0.435661912819273,0.728667618225096
0.020864594498035,0.435903633873177,0.728425988806316
0.0209003215434084,0.436064781242446,0.728294461694784
0.0209360485887817,0.43630650229635,0.728071286549295
0.0209360485887817,0.436628797034888,0.727812860635308
0.0209360485887817,0.436951091773427,0.727559600425924
0.0209360485887817,0.437192812827331,0.727479938967664
0.0209717756341551,0.437434533881234,0.727353157389524
0.0209717756341551,0.437756828619773,0.726925578694357
0.0209717756341551,0.437998549673677,0.726770307027564
0.0209717756341551,0.438320844412215,0.726488639515794
0.0210075026795284,0.438562565466119,0.726234159540008
0.0210075026795284,0.438804286520023,0.726189665266569
0.0210075026795284,0.439126581258561,0.725900048307914
0.0210432297249017,0.439368302312465,0.725485712676549
0.0210789567702751,0.439529449681734,0.725055789586932
0.0211146838156484,0.439771170735638,0.724848171113208
0.0211861379063951,0.439932318104907,0.724641699948664
0.0212575919971418,0.440093465474176,0.724365211697812
0.0212575919971418,0.44033518652808,0.724237997535569
0.0212933190425152,0.440576907581984,0.724121948984269
0.0213290460878885,0.440818628635887,0.723870457344123
0.0213290460878885,0.441060349689791,0.723824252576856
0.0213647731332619,0.441302070743695,0.723723793079125
0.0214005001786352,0.441543791797599,0.723358799939925
0.0214362272240086,0.441704939166868,0.723287813526086
0.0214362272240086,0.442027233905406,0.722831946791707
0.0214362272240086,0.442349528643945,0.722704969850283
0.0214362272240086,0.442671823382483,0.722478290603177
0.0214719542693819,0.442832970751752,0.722280895438787
0.0214719542693819,0.443155265490291,0.721882710452536
0.0214719542693819,0.443477560228829,0.72143477839722
0.0214719542693819,0.443719281282733,0.720760012845335
0.0215076813147553,0.443961002336637,0.720432789915926
0.0215434083601286,0.444202723390541,0.720276864754077
0.0215434083601286,0.444444444444444,0.720001055912764
0.0216148624508753,0.444605591813714,0.719876153582775
0.0216505894962487,0.444847312867617,0.719539068386032
0.021686316541622,0.445089033921521,0.719372062223779
0.021686316541622,0.445330754975425,0.719297842110596
0.021686316541622,0.445653049713963,0.718990118141831
0.021686316541622,0.445975344452502,0.718740386183829
0.0217220435869954,0.446136491821771,0.718571111926871
0.0217577706323687,0.446378212875675,0.718350377451423
0.0217577706323687,0.446700507614213,0.718127191041921
0.0217577706323687,0.446942228668117,0.717980508906353
0.0217934976777421,0.447183949722021,0.717879799230909
0.0217934976777421,0.447506244460559,0.717362295414206
0.0218292247231154,0.447747965514463,0.717210905862458
0.0218292247231154,0.447989686568367,0.71717103655777
0.0218292247231154,0.448311981306905,0.717010384866219
0.0218649517684887,0.448553702360809,0.71691468876111
0.0218649517684887,0.448795423414713,0.716726893717266
0.0219006788138621,0.449037144468617,0.716412300597126
0.0219364058592354,0.44927886552252,0.716139283542044
0.0219364058592354,0.449520586576424,0.715971138268925
0.0219364058592354,0.449842881314963,0.715617726403631
0.0219364058592354,0.450165176053501,0.715513167432937
0.0219364058592354,0.450487470792039,0.715078254141934
0.0219721329046088,0.450648618161309,0.715030580124262
0.0220793140407288,0.450729191845943,0.714719011955319
0.0220793140407288,0.451051486584482,0.714434783457668
0.0220793140407288,0.451293207638385,0.71421438603096
0.0221150410861022,0.451534928692289,0.714112601796121
0.0221150410861022,0.451857223430828,0.713878810792971
0.0221507681314755,0.452018370800097,0.713718708239691
0.0221507681314755,0.452340665538635,0.713471356178409
0.0221507681314755,0.452662960277173,0.713042744081846
0.0221864951768489,0.452824107646443,0.712385694921275
0.0221864951768489,0.453146402384981,0.71223039021276
0.0222222222222222,0.453388123438885,0.711923422689117
0.0222936763129689,0.453549270808154,0.711836822857401
0.0222936763129689,0.453790991862058,0.71166708702771
0.0222936763129689,0.454113286600596,0.711300371364881
0.0222936763129689,0.454435581339135,0.710858613324056
0.0222936763129689,0.454677302393038,0.710449692922882
0.0223294033583423,0.454919023446942,0.710315736769922
0.0223294033583423,0.455241318185481,0.710042463213656
0.022400857449089,0.455321891870115,0.709772073296616
0.0224365844944623,0.455563612924019,0.709348459825913
0.0224723115398357,0.455805333977923,0.708760528025017
0.0224723115398357,0.456127628716461,0.708441423739559
0.0224723115398357,0.456369349770365,0.708373782346223
0.0224723115398357,0.456691644508903,0.708147437179279
0.022508038585209,0.456933365562807,0.707997300115981
0.022508038585209,0.457175086616711,0.70764647044397
0.0225437656305824,0.457416807670615,0.707440731089622
0.0225437656305824,0.457739102409153,0.707239889952353
0.0225437656305824,0.457980823463057,0.706995766440362
0.0225794926759557,0.458222544516961,0.706855310098956
0.0225794926759557,0.458544839255499,0.706714492130957
0.0225794926759557,0.458867133994038,0.706498917366527
0.0225794926759557,0.459108855047941,0.706336186567706
0.0225794926759557,0.45943114978648,0.706187748562882
0.0225794926759557,0.459753444525018,0.705977709741303
0.022615219721329,0.459914591894287,0.705667045501138
0.0226509467667024,0.460156312948191,0.705473373883806
0.0226509467667024,0.460478607686729,0.705362495158163
0.0226509467667024,0.460720328740633,0.705224368715344
0.0226509467667024,0.461042623479172,0.704701390412745
0.0226866738120757,0.461284344533075,0.704458018936516
0.0227224008574491,0.461526065586979,0.704204689249594
0.0227224008574491,0.461767786640883,0.703884643276894
0.0227938549481958,0.461928934010152,0.703215550733109
0.0227938549481958,0.462251228748691,0.703110617280749
0.0228295819935691,0.46241237611796,0.70300437773326
0.0228295819935691,0.462734670856498,0.702739930695405
0.0228295819935691,0.463056965595037,0.702548519286957
0.0228295819935691,0.46329868664894,0.702387427122118
0.0228653090389425,0.463540407702844,0.702208744579684
0.0228653090389425,0.463862702441383,0.702112310955753
0.0228653090389425,0.464184997179921,0.701874272023236
0.0229010360843158,0.46434614454919,0.701736958691022
0.0229367631296892,0.464587865603094,0.701638081823933
0.0229367631296892,0.464910160341632,0.701456577883294
0.0229367631296892,0.465151881395536,0.701149785703333
0.0229367631296892,0.465474176134075,0.701068378558094
0.0229367631296892,0.465796470872613,0.700953745318938
0.0229367631296892,0.466038191926517,0.700771325389013
0.0229724901750625,0.466279912980421,0.70070053152672
0.0229724901750625,0.466602207718959,0.700486706342434
0.0229724901750625,0.466843928772863,0.700320703910705
0.0230082172204359,0.467085649826767,0.700172644391616
0.0230796713111826,0.467246797196036,0.699861841410104
0.0230796713111826,0.467569091934574,0.699618299860768
0.0230796713111826,0.467810812988478,0.699290443163092
0.0230796713111826,0.468133107727016,0.699080490812783
0.0231153983565559,0.46837482878092,0.698837008329672
0.0231153983565559,0.468616549834824,0.698686353326612
0.0231511254019293,0.468858270888728,0.698312497701695
0.0231511254019293,0.469180565627266,0.698128614907
0.0231511254019293,0.46942228668117,0.697877646058459
0.0231868524473026,0.469664007735074,0.697595749420134
0.0231868524473026,0.469986302473612,0.697426108097712
0.0232583065380493,0.470147449842881,0.697173789368854
0.0232940335834227,0.470308597212151,0.697061552308392
0.0232940335834227,0.470630891950689,0.696899701845963
0.0232940335834227,0.470953186689227,0.69663987382427
0.0233654876741693,0.471033760373862,0.696625567299484
0.0234012147195427,0.471275481427766,0.69632239333052
0.023436941764916,0.47151720248167,0.696026294636935
0.0235083958556627,0.471597776166304,0.695999240400619
0.0235083958556627,0.471920070904843,0.695732248473445
0.0235083958556627,0.472242365643381,0.695625203329477
0.0235441229010361,0.472484086697285,0.695254054661629
0.0235441229010361,0.472725807751188,0.69488304669451
0.0236155769917828,0.472886955120458,0.694462615045792
0.0236513040371561,0.473128676174361,0.694381584384137
0.0236513040371561,0.473370397228265,0.694046227125851
0.0236870310825295,0.473612118282169,0.69368393879523
0.0236870310825295,0.473934413020707,0.693357653899588
0.0237227581279028,0.474095560389977,0.693238565627452
0.0237584851732762,0.47433728144388,0.693096284453148
0.0237942122186495,0.474579002497784,0.692878919957586
0.0238299392640229,0.474820723551688,0.692647500823459
0.0238656663093962,0.474981870920957,0.692399280045478
0.0239013933547696,0.475223591974861,0.692015303267484
0.0239371204001429,0.475465313028765,0.691690190638787
0.0239728474455163,0.475626460398034,0.691589379073664
0.0240085744908896,0.475868181451938,0.691189645908652
0.0240085744908896,0.476190476190476,0.69104732956173
0.024044301536263,0.476351623559745,0.690903808558566
0.0241157556270096,0.476512770929015,0.690422226702167
0.024151482672383,0.476754491982918,0.690212009334223
0.024151482672383,0.476996213036822,0.690110125513883
0.0241872097177563,0.477237934090726,0.689905509325702
0.0241872097177563,0.477560228829264,0.689698106944327
0.0241872097177563,0.477882523567803,0.689329845992668
0.0241872097177563,0.478124244621707,0.689223314690521
0.0241872097177563,0.478446539360245,0.689134337415738
0.0242229367631297,0.478688260414149,0.688893231347759
0.0242229367631297,0.478929981468053,0.688778298828727
0.0242229367631297,0.479252276206591,0.68840838942462
0.0242229367631297,0.479574570945129,0.688210194540272
0.0242229367631297,0.479816291999033,0.688047804131524
0.0242229367631297,0.480138586737571,0.687505193925782
0.0242943908538764,0.480299734106841,0.68726530592893
0.0243301178992497,0.480541455160744,0.687115707355047
0.0243658449446231,0.480702602530014,0.687050735295679
0.0244015719899964,0.480944323583917,0.686857405017478
0.0244372990353698,0.481186044637821,0.686498559374909
0.0244730260807431,0.48134719200709,0.686412235214556
0.0245087531261165,0.481588913060994,0.686170397842901
0.0245087531261165,0.481911207799533,0.68611259005048
0.0245802072168632,0.481991781484167,0.685960499236939
0.0246159342622365,0.482233502538071,0.685844015530078
0.0246516613076099,0.482475223591975,0.685714827646895
0.0246516613076099,0.482797518330513,0.68533055539569
0.0246516613076099,0.483039239384417,0.685175105898745
0.0246516613076099,0.483361534122955,0.684996811167651
0.0246516613076099,0.483683828861494,0.684729981634045
0.0246873883529832,0.483844976230763,0.684514741606835
0.0247231153983566,0.484086697284667,0.684434768124137
0.0247588424437299,0.484328418338571,0.684276182993085
0.0247588424437299,0.484570139392474,0.684025700020416
0.0247945694891032,0.484811860446378,0.683749110458686
0.0247945694891032,0.485134155184917,0.683429926530678
0.0248302965344766,0.48537587623882,0.683223243296659
0.0248302965344766,0.485617597292724,0.683023048301998
0.0248302965344766,0.485939892031263,0.682420781370217
0.0248302965344766,0.486262186769801,0.682201083443606
0.0248302965344766,0.486503907823705,0.682126086801919
0.0248660235798499,0.486745628877609,0.681994624712192
0.0249017506252233,0.486987349931512,0.68167789809088
0.0249017506252233,0.487229070985416,0.681408043010019
0.0249017506252233,0.487551365723955,0.681145260522219
0.0249374776705966,0.487793086777858,0.680829097493729
0.02497320471597,0.488034807831762,0.680550620744334
0.02497320471597,0.488276528885666,0.680509328313529
0.02497320471597,0.488598823624204,0.680416991489046
0.02497320471597,0.488921118362743,0.680312829346248
0.02497320471597,0.489162839416647,0.68023187765455
0.0250089317613433,0.48940456047055,0.680009612461491
0.0250089317613433,0.489726855209089,0.67981363478081
0.0250089317613433,0.489968576262993,0.679604084044338
0.0250446588067167,0.490210297316896,0.679331640590931
0.0251161128974634,0.490371444686166,0.679158210496499
0.0251518399428367,0.490532592055435,0.678884476112979
0.0251875669882101,0.490774313109339,0.678702257932972
0.0252947481243301,0.490854886793973,0.678490024234578
0.0252947481243301,0.491177181532511,0.678313085734468
0.0252947481243301,0.491418902586415,0.678208303538261
0.0252947481243301,0.491741197324954,0.677870560391175
0.0252947481243301,0.492063492063492,0.677493923152193
0.0253304751697035,0.492224639432761,0.677244000447677
0.0253662022150768,0.492466360486665,0.676994463887903
0.0253662022150768,0.492788655225203,0.676699927037777
0.0254019292604502,0.492949802594473,0.676588860665757
0.0254019292604502,0.493272097333011,0.676368640534049
0.0254019292604502,0.493594392071549,0.676273072150439
0.0254019292604502,0.493916686810088,0.675915953004417
0.0254019292604502,0.494158407863992,0.675829324178986
0.0254019292604502,0.49448070260253,0.675641039904583
0.0254376563058235,0.494722423656434,0.675402703005276
0.0254376563058235,0.494964144710338,0.675078476002564
0.0254376563058235,0.495286439448876,0.674932328261651
0.0254733833511969,0.49552816050278,0.6745890028337
0.0254733833511969,0.495769881556684,0.674557287399915
0.0254733833511969,0.496092176295222,0.674431923423543
0.0255091103965702,0.496333897349126,0.674148317369577
0.0255448374419436,0.49657561840303,0.673946235428534
0.0255448374419436,0.496817339456933,0.673827990669151
0.0255448374419436,0.497139634195472,0.673765462255216
0.0255448374419436,0.49746192893401,0.67325428176496
0.0255448374419436,0.497703649987914,0.673148867120971
0.0255805644873169,0.497945371041818,0.673039731888734
0.0256162915326902,0.498187092095722,0.672793735896801
0.0256162915326902,0.498428813149625,0.67264153555733
0.0256520185780636,0.498670534203529,0.672409414850725
0.0256877456234369,0.498912255257433,0.672115750082904
0.025794926759557,0.498992828942068,0.671868665167952
0.025794926759557,0.499234549995971,0.671552969068721
0.0258306538049303,0.499476271049875,0.671299271417738
0.0258306538049303,0.499798565788414,0.671234725193429
0.0258306538049303,0.500040286842317,0.671053567715049
0.0258306538049303,0.500362581580856,0.670741554423092
0.025902107895677,0.500523728950125,0.670564564722916
0.0259378349410504,0.500684876319394,0.670430650245183
0.0260092890317971,0.500846023688663,0.670094598581139
0.0260092890317971,0.501168318427202,0.669886013395624
0.0260092890317971,0.501410039481106,0.669693445515626
0.0260092890317971,0.501732334219644,0.66935580992156
0.0260450160771704,0.501974055273548,0.669018717727791
0.0260450160771704,0.502296350012086,0.668743334788723
0.0260450160771704,0.50253807106599,0.668612304009904
0.0260450160771704,0.502860365804528,0.668475525324353
0.0260450160771704,0.503182660543067,0.668425683294943
0.0260807431225438,0.503343807912336,0.668222082542496
0.0261164701679171,0.50358552896624,0.668049795826109
0.0261164701679171,0.503907823704778,0.667937385483408
0.0261164701679171,0.504149544758682,0.667704167071057
0.0261521972132905,0.504391265812586,0.667561201151166
0.0261521972132905,0.504713560551124,0.667474835225496
0.0261521972132905,0.505035855289662,0.667323017874675
0.0261521972132905,0.505277576343566,0.667240084560789
0.0261521972132905,0.505599871082105,0.667111226051679
0.0261879242586638,0.505841592136008,0.667034598838324
0.0262236513040372,0.506002739505278,0.666958030233439
0.0262593783494105,0.506244460559181,0.666565666309181
0.0262951053947839,0.506486181613085,0.666507468903562
0.0262951053947839,0.506727902666989,0.666248145886224
0.0263308324401572,0.506969623720893,0.6661363282728
0.0263665594855305,0.507211344774797,0.665858508073527
0.0263665594855305,0.507533639513335,0.66564928203452
0.0264022865309039,0.507694786882604,0.665473106437665
0.0264380135762772,0.507936507936508,0.665258908959085
0.0264380135762772,0.508258802675046,0.66499747845715
0.0264380135762772,0.50850052372895,0.664857801198743
0.0264737406216506,0.508742244782854,0.664580066605514
0.0264737406216506,0.509064539521392,0.664275572904979
0.0265094676670239,0.509225686890661,0.664088758336363
0.0265451947123973,0.509467407944565,0.66384430754206
0.0265809217577706,0.509709128998469,0.663572156029842
0.0265809217577706,0.510031423737007,0.663351926044012
0.0265809217577706,0.510273144790911,0.66313796266455
0.026616648803144,0.510514865844815,0.662935210807677
0.026616648803144,0.510837160583353,0.662722304767748
0.026616648803144,0.511078881637257,0.662649419899734
0.0266523758485173,0.511320602691161,0.662269055031951
0.0266523758485173,0.511642897429699,0.662101171716082
0.0266881028938907,0.511804044798969,0.661899549476394
0.0266881028938907,0.512126339537507,0.661758315500052
0.026723829939264,0.512368060591411,0.661604925874998
0.0267952840300107,0.51252920796068,0.661424023682843
0.0268310110753841,0.512690355329949,0.661356979961006
0.0268310110753841,0.513012650068488,0.661154975172354
0.0268667381207574,0.513254371122391,0.660961712007425
0.0269024651661308,0.513415518491661,0.660841520029011
0.0269024651661308,0.513737813230199,0.660657881686233
0.0269381922115041,0.513979534284103,0.660394240955493
0.0269381922115041,0.514221255338007,0.660246957696305
0.0269739192568775,0.51446297639191,0.660024187965415
0.0269739192568775,0.514785271130449,0.659744946235513
0.0269739192568775,0.515026992184353,0.65963486352145
0.0269739192568775,0.515349286922891,0.659338959315252
0.0269739192568775,0.515671581661429,0.659246546158557
0.0269739192568775,0.515993876399968,0.659073766843848
0.0269739192568775,0.516235597453872,0.659023365477524
0.0269739192568775,0.51655789219241,0.658886410789064
0.0270453733476242,0.516719039561679,0.658806419002912
0.0270453733476242,0.516960760615583,0.65876414632746
0.0270453733476242,0.517283055354121,0.65846236341181
0.0270811003929975,0.517524776408025,0.658234236541443
0.0270811003929975,0.517766497461929,0.658088664236405
0.0270811003929975,0.518088792200467,0.65764893640682
0.0270811003929975,0.518411086939006,0.657051708660593
0.0270811003929975,0.518733381677544,0.656884987677372
0.0271168274383708,0.518894529046813,0.65652018596319
0.0271168274383708,0.519216823785352,0.656309986345908
0.0271168274383708,0.51953911852389,0.656028002829931
0.0271168274383708,0.519780839577794,0.655886278715353
0.0271525544837442,0.520022560631698,0.655697919650169
0.0271525544837442,0.520344855370236,0.655362549374572
0.0271525544837442,0.52058657642414,0.655129390964469
0.0271882815291175,0.520828297478044,0.654937078032591
0.0271882815291175,0.521150592216582,0.654821118156201
0.0271882815291175,0.521472886955121,0.654502289442583
0.0272240085744909,0.52163403432439,0.654391610826983
0.0272240085744909,0.521956329062928,0.654263264355803
0.0272240085744909,0.522278623801466,0.654078251025622
0.0272240085744909,0.52252034485537,0.653987059309479
0.0272597356198642,0.522762065909274,0.653797656918863
0.0272954626652376,0.523003786963178,0.65359230784946
0.0272954626652376,0.523245508017082,0.653535519716778
0.0273311897106109,0.523487229070985,0.653426022446884
0.0273311897106109,0.523809523809524,0.653339974520016
0.0273669167559843,0.524051244863428,0.653091140885556
0.0273669167559843,0.524292965917331,0.652877743908889
0.0273669167559843,0.52461526065587,0.652694372929946
0.0273669167559843,0.524937555394408,0.652247399943124
0.027438370846731,0.525018129079043,0.652120330237462
0.027438370846731,0.525340423817581,0.652011344215099
0.0274740978921043,0.525582144871485,0.651746674777113
0.0274740978921043,0.525823865925389,0.651680190158529
0.0275098249374777,0.526065586979293,0.651479569164114
0.027545551982851,0.526307308033196,0.651097016786367
0.027545551982851,0.5265490290871,0.650845566183588
0.0275812790282244,0.526790750141004,0.650567490383525
0.0276527331189711,0.526951897510273,0.650473096253783
0.0276527331189711,0.527274192248812,0.650226577889778
0.0276527331189711,0.527515913302715,0.650012119094464
0.0276527331189711,0.527838208041254,0.64992424397577
0.0276884601643444,0.528079929095158,0.649790499905599
0.0276884601643444,0.528321650149061,0.649683006986179
0.0277241872097178,0.528563371202965,0.64957734707585
0.0277956413004645,0.528724518572234,0.649532239638483
0.0277956413004645,0.528966239626138,0.649359816324238
0.0278670953912111,0.529127386995407,0.649034496803379
0.0279028224365845,0.529369108049311,0.648807465346389
0.0279028224365845,0.52969140278785,0.648755589850834
0.0279028224365845,0.529933123841753,0.648679828812317
0.0279028224365845,0.530255418580292,0.64839337474692
0.0279028224365845,0.53057771331883,0.648283699326053
0.0279028224365845,0.530819434372734,0.647995315078087
0.0279028224365845,0.531141729111272,0.647782702627196
0.0279385494819578,0.531383450165176,0.647504312329392
0.0279742765273312,0.531544597534445,0.647260127525613
0.0280100035727045,0.531786318588349,0.646828254448108
0.0280457306180779,0.532028039642253,0.646581177108292
0.0280814576634512,0.532269760696157,0.64637779403665
0.0281529117541979,0.532350334380791,0.646318969064946
0.0281529117541979,0.53267262911933,0.6461573855434
0.0281529117541979,0.532994923857868,0.646003871543214
0.0281529117541979,0.533236644911772,0.645949079390632
0.0281886387995713,0.533478365965676,0.645819679552472
0.0282243658449446,0.533720087019579,0.645480295348464
0.0282243658449446,0.533961808073483,0.645261851296229
0.0282243658449446,0.534284102812022,0.645097063511874
0.0282243658449446,0.53460639755056,0.644947709976967
0.0282243658449446,0.534928692289098,0.644821594455377
0.0282243658449446,0.535170413343002,0.644646624535953
0.0282243658449446,0.535492708081541,0.644591762773074
0.0282243658449446,0.535815002820079,0.64423261880273
0.0282243658449446,0.536056723873983,0.644130755160749
0.028260092890318,0.536298444927887,0.643972874670967
0.0283315469810647,0.536459592297156,0.643829173309517
0.0283315469810647,0.53670131335106,0.643800409390731
0.028367274026438,0.536943034404963,0.643576333324041
0.028367274026438,0.537265329143502,0.643388190627078
0.028367274026438,0.53758762388204,0.643173482529796
0.0284387281171847,0.537668197566675,0.642971180442616
0.0284744551625581,0.537909918620578,0.642804498831081
0.0284744551625581,0.538232213359117,0.642519994583249
0.0285101822079314,0.538393360728386,0.642434488270912
0.0285101822079314,0.538715655466924,0.642141765443969
0.0285101822079314,0.539037950205463,0.642026685180822
0.0285459092533048,0.539199097574732,0.641881305989898
0.0285816362986781,0.539440818628636,0.641656204644024
0.0285816362986781,0.539763113367174,0.641327522995742
0.0285816362986781,0.540004834421078,0.641142650907658
0.0286173633440514,0.540246555474982,0.640935966626752
0.0286530903894248,0.540488276528886,0.640639317826112
0.0287245444801715,0.540649423898155,0.64043790695544
0.0287245444801715,0.540891144952059,0.640405656888247
0.0287245444801715,0.541213439690597,0.64020852167575
0.0287602715255448,0.541455160744501,0.639794397025503
0.0287959985709182,0.54161630811377,0.639726633921717
0.0287959985709182,0.541938602852308,0.639478026656975
0.0287959985709182,0.542260897590847,0.639246874536784
0.0287959985709182,0.542502618644751,0.639118206087291
0.0287959985709182,0.542824913383289,0.638944927437751
0.0288674526616649,0.542986060752558,0.638662509435819
0.0289031797070382,0.543227781806462,0.638506483301407
0.0289031797070382,0.543469502860366,0.638424244782186
0.0289031797070382,0.543791797598904,0.638306554666296
0.0289031797070382,0.544114092337443,0.63817132018922
0.0289031797070382,0.544355813391346,0.638087199780016
0.0289031797070382,0.544678108129885,0.63801153215326
0.0289031797070382,0.545000402868423,0.637842799962687
0.0289031797070382,0.545242123922327,0.637649060732747
0.0289389067524116,0.545483844976231,0.637329430773762
0.0289389067524116,0.545806139714769,0.637152816093794
0.0289389067524116,0.546128434453307,0.636815429518626
0.0289746337977849,0.546289581822577,0.63677149061617
0.0290103608431583,0.546531302876481,0.636666877299284
0.0290103608431583,0.546853597615019,0.636559854768526
0.0290103608431583,0.547095318668923,0.636307803035388
0.0290103608431583,0.547417613407461,0.63609245849491
0.0290460878885316,0.547659334461365,0.635885003364942
0.029081814933905,0.547820481830634,0.635794802314068
0.029081814933905,0.548142776569173,0.635653395683513
0.0291175419792783,0.548384497623076,0.635541679541978
0.029188996070025,0.548545644992345,0.635407726062673
0.029188996070025,0.548787366046249,0.635320178131854
0.029188996070025,0.549109660784788,0.634959435819888
0.029188996070025,0.549431955523326,0.634809542910507
0.0292247231153984,0.549593102892595,0.634519350896133
0.0292247231153984,0.549915397631134,0.634397127465652
0.0292247231153984,0.550237692369672,0.634293508829973
0.0292604501607717,0.550398839738941,0.634152481153422
0.0292604501607717,0.55072113447748,0.633977519548028
0.0292961772061451,0.550962855531383,0.633858094572367
0.0293319042515184,0.551124002900653,0.633782224574068
0.0293319042515184,0.551446297639191,0.633618740352483
0.0293319042515184,0.551768592377729,0.633441969026219
0.0293676312968917,0.552010313431633,0.633167237933985
0.0294033583422651,0.552171460800902,0.632928079027147
0.0294033583422651,0.552493755539441,0.632760916811644
0.0294033583422651,0.552816050277979,0.632685324512694
0.0294033583422651,0.553057771331883,0.632470075055425
0.0294033583422651,0.553380066070421,0.632290756266641
0.0294033583422651,0.55370236080896,0.632053692304623
0.0294748124330118,0.553782934493594,0.631983474050483
0.0294748124330118,0.554105229232133,0.631790769520502
0.0295105394783851,0.554346950286037,0.631581736626289
0.0295462665237585,0.55458867133994,0.631404042008682
0.0296177206145052,0.554669245024575,0.631282819613589
0.0296891747052519,0.554830392393844,0.631239604794513
0.0297606287959986,0.554991539763113,0.631135823153382
0.0297963558413719,0.555152687132383,0.631087377379223
0.0298320828867453,0.555394408186286,0.630932802386865
0.0298320828867453,0.555716702924825,0.630842902782586
0.0298678099321186,0.555877850294094,0.630296528325881
0.0298678099321186,0.556200145032632,0.63003561748414
0.0298678099321186,0.556522439771171,0.629778960380385
0.0298678099321186,0.556844734509709,0.629703369992988
0.0298678099321186,0.557086455563613,0.629650805494858
0.0299392640228653,0.557247602932882,0.629535734741423
0.0299749910682387,0.557489323986786,0.629400497536714
0.030010718113612,0.557650471356055,0.629170920622335
0.030010718113612,0.557972766094593,0.628907855309017
0.0300464451589854,0.558214487148497,0.62866119785934
0.0300821722043587,0.558375634517767,0.628572729249742
0.0301536262951054,0.558536781887036,0.628484885873616
0.0301536262951054,0.558859076625574,0.628305660019907
0.0301893533404787,0.559100797679478,0.62801714550281
0.0301893533404787,0.559342518733382,0.627862485718628
0.0301893533404787,0.55966481347192,0.627686117335134
0.0301893533404787,0.559987108210458,0.627557008928471
0.0301893533404787,0.560228829264362,0.627468612724945
0.0302250803858521,0.560470550318266,0.627369679907305
0.0302608074312254,0.56071227137217,0.627259904784848
0.0302608074312254,0.560953992426074,0.627183198143632
0.0302608074312254,0.561276287164612,0.626969400924344
0.0302608074312254,0.56159858190315,0.626884825679919
0.0302965344765988,0.561840302957054,0.626752357613803
0.0302965344765988,0.562082024010958,0.626681603524461
0.0303322615219721,0.562323745064862,0.626549638735792
0.0303322615219721,0.5626460398034,0.626425728505866
0.0303679885673455,0.562807187172669,0.626205386647304
0.0304037156127188,0.563048908226573,0.625974267186001
0.0304037156127188,0.563371202965112,0.625834142631827
0.0304394426580922,0.563532350334381,0.625761742963127
0.0304394426580922,0.563854645072919,0.625561220714201
0.0304394426580922,0.564176939811458,0.625290325216207
0.0304394426580922,0.564418660865361,0.625137791945409
0.0304394426580922,0.5647409556039,0.625037818982891
0.0304751697034655,0.564982676657804,0.624782399372049
0.0305108967488389,0.565224397711707,0.624509309208023
0.0305823508395856,0.565304971396342,0.624236036962158
0.0305823508395856,0.56562726613488,0.62405907582382
0.0306538049303323,0.56578841350415,0.623966852934171
0.0306538049303323,0.566030134558053,0.623851861160203
0.0306895319757056,0.566271855611957,0.623600696806703
0.030725259021079,0.566513576665861,0.623415096960041
0.030725259021079,0.566755297719765,0.623367431605883
0.030725259021079,0.567077592458303,0.623196912675367
0.030725259021079,0.567399887196842,0.622678812643878
0.030725259021079,0.56772218193538,0.622365361795409
0.0307609860664523,0.567883329304649,0.622163328931564
0.0307609860664523,0.568205624043188,0.621985283033046
0.0307609860664523,0.568527918781726,0.621925205964344
0.0307609860664523,0.56876963983563,0.621834617839591
0.0307609860664523,0.569091934574168,0.621726511839363
0.030832440157199,0.569253081943437,0.621396665029535
0.0308681672025723,0.569414229312706,0.62131080831691
0.0308681672025723,0.569736524051245,0.621214999507533
0.0309038942479457,0.569978245105149,0.621154970768424
0.030939621293319,0.570219966159052,0.621059237224516
0.030939621293319,0.570461687212956,0.620990756645661
0.030939621293319,0.570783981951495,0.620755757079678
0.030939621293319,0.571106276690033,0.620569090386733
0.0309753483386924,0.571267424059302,0.620437657932702
0.0310468024294391,0.571428571428571,0.620256592788416
0.0310825294748124,0.571670292482475,0.619933262108155
0.0310825294748124,0.571912013536379,0.619801804698137
0.0311182565201858,0.572153734590283,0.619701886167294
0.0311182565201858,0.572476029328821,0.619570044117996
0.0311182565201858,0.57279832406736,0.619520130967732
0.0311182565201858,0.573040045121263,0.619358687562467
0.0311539835655591,0.573281766175167,0.61915373754126
0.0311539835655591,0.573604060913706,0.61894872924923
0.0311897106109325,0.573765208282975,0.618849330575973
0.0312254376563058,0.574006929336879,0.618707277713693
0.0312254376563058,0.574329224075417,0.618613131570844
0.0312254376563058,0.574570945129321,0.618601968099906
0.0312254376563058,0.574893239867859,0.618558519372241
0.0312254376563058,0.575215534606398,0.618499525411435
0.0312254376563058,0.575457255660301,0.618336289384338
0.0312254376563058,0.57577955039884,0.617847999985726
0.0312611647016792,0.576021271452744,0.617762854893924
0.0312611647016792,0.576343566191282,0.617652306062395
0.0313326187924259,0.576424139875917,0.617552249875666
0.0313683458377992,0.57666586092982,0.617434675542712
0.0314040728831726,0.576907581983724,0.617379280476618
0.0314040728831726,0.577149303037628,0.617233121562113
0.0314040728831726,0.577471597776166,0.617176342962973
0.0314397999285459,0.57771331883007,0.616930451710082
0.0314397999285459,0.577955039883974,0.616750451942022
0.0314397999285459,0.578277334622512,0.616689989359776
0.0314397999285459,0.578599629361051,0.61657675958669
0.031546981064666,0.578680203045685,0.61644623699904
0.031546981064666,0.578921924099589,0.616330542295475
0.0315827081100393,0.579163645153493,0.61620709968282
0.0315827081100393,0.579485939892031,0.616118902821819
0.0316184351554126,0.5796470872613,0.616038009007422
0.0316184351554126,0.579969381999839,0.615786940305829
0.031654162200786,0.580211103053743,0.615597046562455
0.031654162200786,0.580452824107646,0.615328167502403
0.0316898892461593,0.58069454516155,0.615201876364189
0.0316898892461593,0.581016839900089,0.615056226328474
0.0316898892461593,0.581339134638627,0.614919379435309
0.031761343336906,0.581419708323262,0.614861883008629
0.0318327974276527,0.581580855692531,0.614728768349323
0.0318327974276527,0.581903150431069,0.61452276532634
0.0318327974276527,0.582144871484973,0.614466959204016
0.0318327974276527,0.582467166223511,0.614427455278289
0.0318685244730261,0.582708887277415,0.614261351038112
0.0319042515183994,0.582870034646684,0.614103385808314
0.0319399785637728,0.583111755700588,0.613874802749343
0.0320114326545195,0.583272903069857,0.613685796785901
0.0320114326545195,0.583595197808396,0.613513016867683
0.0320114326545195,0.5838369188623,0.613338909486908
0.0320114326545195,0.584159213600838,0.613108239669501
0.0320114326545195,0.584481508339376,0.612849533730933
0.0320114326545195,0.58472322939328,0.612737175079678
0.0320828867452662,0.584884376762549,0.612520147658571
0.0320828867452662,0.585206671501088,0.612370644241107
0.0320828867452662,0.585448392554992,0.612078064333164
0.0320828867452662,0.58577068729353,0.611933098913483
0.0321186137906395,0.586012408347434,0.611874144309549
0.0321543408360129,0.586254129401337,0.611769804316708
0.0321543408360129,0.586495850455241,0.611657218962163
0.0321543408360129,0.58681814519378,0.611481514306433
0.0321900678813862,0.587059866247683,0.611425731052274
0.0321900678813862,0.587301587301587,0.611340163640201
0.0321900678813862,0.587623882040126,0.611218840303313
0.0321900678813862,0.587946176778664,0.611133787727848
0.0321900678813862,0.588187897832568,0.611004586543987
0.0322257949267596,0.588429618886472,0.610696662667378
0.0322615219721329,0.588671339940375,0.610584695462554
0.0323329760628796,0.58875191362501,0.610513067316972
0.0323687031082529,0.588993634678914,0.610437526234027
0.0324044301536263,0.589235355732818,0.610331519733538
0.0324044301536263,0.589557650471356,0.610116925114415
0.0324044301536263,0.58979937152526,0.610015876225838
0.0324401571989996,0.590041092579164,0.609982802219566
0.032475884244373,0.590282813633067,0.609817810949009
0.0325116112897463,0.590443961002337,0.609695463986137
0.0325116112897463,0.590766255740875,0.609442093134697
0.0325473383351197,0.591007976794779,0.609196616300542
0.0325473383351197,0.591249697848683,0.609098696946368
0.0325473383351197,0.591571992587221,0.608949839362341
0.0325473383351197,0.591894287325759,0.608836882249402
0.0326187924258664,0.592055434695029,0.608718097774919
0.0326187924258664,0.592297155748932,0.608678735591485
0.0326187924258664,0.592619450487471,0.608601492190771
0.0326187924258664,0.592941745226009,0.608213654068886
0.0326545194712397,0.593102892595278,0.608151016076097
0.0326545194712397,0.593425187333817,0.608002731647479
0.0326545194712397,0.593747482072355,0.607923354875975
0.0326902465166131,0.593908629441624,0.607853050523397
0.0326902465166131,0.594230924180163,0.607704977653443
0.0326902465166131,0.594553218918701,0.607578636266778
0.0327259735619864,0.594794939972605,0.607532292627853
0.0327259735619864,0.595036661026509,0.60743726803192
0.0327617006073598,0.595278382080413,0.607294956146611
0.0327617006073598,0.595600676818951,0.607133971733507
0.0327617006073598,0.595842397872855,0.607004280811675
0.0327617006073598,0.596164692611393,0.606814534721837
0.0327974276527331,0.596406413665297,0.606637776906987
0.0327974276527331,0.596648134719201,0.606473356740411
0.0327974276527331,0.596970429457739,0.606424792353601
0.0327974276527331,0.597292724196278,0.606247827818915
0.0328331546981065,0.597534445250181,0.606080794660271
0.0328331546981065,0.597776166304085,0.606023879645868
0.0328688817434798,0.598017887357989,0.605899822559997
0.0328688817434798,0.598340182096527,0.605744463566627
0.0329403358342265,0.598420755781162,0.605638564883835
0.0329760628795999,0.598662476835066,0.60535299062186
0.0329760628795999,0.598984771573604,0.605284516071693
0.0330117899249732,0.599145918942873,0.605252234330389
0.0330117899249732,0.599468213681412,0.605067424745248
0.0330117899249732,0.59979050841995,0.605032632342483
0.0330117899249732,0.600112803158488,0.604885070166901
0.0330117899249732,0.600354524212392,0.604822326215164
0.0330117899249732,0.600676818950931,0.604772975310006
0.0330117899249732,0.600999113689469,0.604610621947787
0.0330475169703466,0.601160261058738,0.604532697080954
0.0330475169703466,0.601482555797277,0.604362051036152
0.0330475169703466,0.601804850535815,0.604158550528225
0.0330475169703466,0.602046571589719,0.604110605153529
0.0330475169703466,0.602368866328257,0.603796353363665
0.0330475169703466,0.602691161066796,0.603709572868995
0.0330475169703466,0.602932882120699,0.603576608703421
0.0330832440157199,0.603174603174603,0.603471934296103
0.0331189710610932,0.603416324228507,0.603453413863667
0.0331546981064666,0.603658045282411,0.603306541967973
0.0331546981064666,0.603899766336315,0.603229990221671
0.0331904251518399,0.604141487390218,0.60312893078861
0.0332261521972133,0.604383208444122,0.602996497417947
0.0332261521972133,0.604624929498026,0.602898349788965
0.0332261521972133,0.604947224236564,0.60284543934842
0.0332618792425866,0.605188945290468,0.602807101637072
0.0332618792425866,0.605430666344372,0.602669909281559
0.0332618792425866,0.60575296108291,0.602509223991163
0.0332618792425866,0.606075255821449,0.602453726595408
0.0333333333333333,0.606236403190718,0.602346756875978
0.0333333333333333,0.606478124244622,0.602290729792729
0.0333690603787067,0.606719845298526,0.602090723772648
0.0333690603787067,0.607042140037064,0.601947508720373
0.03340478742408,0.607203287406333,0.601870657524034
0.03340478742408,0.607525582144872,0.60177870240979
0.0334405144694534,0.607767303198775,0.601709059256984
0.0335119685602001,0.60784787688341,0.601690201426936
0.0335119685602001,0.608170171621948,0.601582413111324
0.0335119685602001,0.608492466360487,0.601542998595256
0.0335119685602001,0.608814761099025,0.601374340332231
0.0335119685602001,0.609056482152929,0.601321574534592
0.0335119685602001,0.609378776891467,0.601259363569026
0.0335834226509468,0.609539924260736,0.601057411079436
0.0335834226509468,0.60978164531464,0.60087492040498
0.0335834226509468,0.610103940053179,0.600813241894289
0.0336191496963201,0.610345661107082,0.600590030220516
0.0336548767416935,0.610506808476352,0.600390520185178
0.0336906037870668,0.610748529530255,0.600256471937807
0.0337263308324402,0.610990250584159,0.60021690824827
0.0337620578778135,0.611231971638063,0.600016408213061
0.0337977849231869,0.611393119007332,0.599936199091141
0.0338692390139336,0.611554266376601,0.599768436440284
0.0339406931046802,0.611715413745871,0.599696813998163
0.0339406931046802,0.611957134799774,0.599641296788698
0.0339406931046802,0.612279429538313,0.599586581120226
0.0339406931046802,0.612601724276851,0.599494982725673
0.0339406931046802,0.612843445330755,0.599419974242899
0.0339764201500536,0.613085166384659,0.599390837471871
0.0339764201500536,0.613407461123197,0.599268347466859
0.0340121471954269,0.613568608492466,0.599182333018803
0.0340121471954269,0.613890903231005,0.598999129641454
0.0340478742408003,0.614132624284909,0.598865334418827
0.0340836012861736,0.614374345338812,0.598674984854171
0.0340836012861736,0.614616066392716,0.598584784726306
0.0340836012861736,0.614938361131255,0.59846907226587
0.0341550553769203,0.615099508500524,0.598393539059508
0.0341550553769203,0.615341229554427,0.598315750044941
0.0341907824222937,0.615582950608331,0.598221976315666
0.0342622365130404,0.615744097977601,0.59810388767275
0.0343336906037871,0.615824671662235,0.598033708416464
0.0343336906037871,0.616146966400773,0.597989128876644
0.0343336906037871,0.616469261139312,0.597852868183947
0.0343336906037871,0.61679155587785,0.597699713838936
0.0343336906037871,0.617033276931754,0.597577047718409
0.0343694176491604,0.617274997985658,0.597521190769103
0.0343694176491604,0.617597292724196,0.597229921929147
0.0343694176491604,0.6178390137781,0.597192671576689
0.0343694176491604,0.618161308516638,0.597005937518627
0.0344051446945338,0.618403029570542,0.596856531978342
0.0344051446945338,0.618644750624446,0.59673569077847
0.0344408717399071,0.61888647167835,0.596607744537214
0.0344408717399071,0.619208766416888,0.596540188268592
0.0344765987852805,0.619450487470792,0.596387904243911
0.0345480528760271,0.619531061155427,0.596241221818676
0.0346195069667738,0.619692208524696,0.596118632739331
0.0346552340121472,0.6199339295786,0.596000667246614
0.0347266881028939,0.620014503263234,0.595903499815676
0.0348338692390139,0.620095076947869,0.595737581680044
0.0348338692390139,0.620417371686407,0.595638480108694
0.0348695962843873,0.620578519055676,0.59558802527507
0.034941050375134,0.620739666424946,0.595481163017452
0.0350125044658807,0.620900813794215,0.5953334804845
0.035048231511254,0.621142534848119,0.595115764200494
0.035048231511254,0.621384255902022,0.595015229532276
0.035048231511254,0.621706550640561,0.594833908167744
0.035048231511254,0.622028845379099,0.59474678652086
0.035048231511254,0.622270566433003,0.594630688420615
0.0350839585566274,0.622512287486907,0.594402728007284
0.0350839585566274,0.622834582225445,0.594284967298815
0.0350839585566274,0.623076303279349,0.594248897463421
0.0351196856020007,0.623318024333253,0.594182848313862
0.0351196856020007,0.623640319071791,0.594030216045602
0.0351554126473741,0.623882040125695,0.593924021763303
0.0351554126473741,0.624123761179599,0.593908730537532
0.0352625937834941,0.624204334864233,0.593806560675539
0.0352625937834941,0.624526629602772,0.593554722949615
0.0352625937834941,0.624768350656676,0.593454360406058
0.0352983208288675,0.625010071710579,0.593417641363567
0.0352983208288675,0.625332366449118,0.593260306212278
0.0352983208288675,0.625574087503021,0.593189265135021
0.0354055019649875,0.625654661187656,0.593037131701497
0.0354412290103608,0.62589638224156,0.5929779752341
0.0354769560557342,0.626057529610829,0.592792755086849
0.0355484101464809,0.626218676980098,0.592675038532921
0.0355484101464809,0.626540971718637,0.59260914664429
0.0355484101464809,0.626863266457175,0.592427983818483
0.0355841371918542,0.627024413826444,0.592325180104979
0.0356198642372276,0.627266134880348,0.59223544687917
0.0356198642372276,0.627588429618887,0.592163817822962
0.0356198642372276,0.62783015067279,0.592046261978056
0.0356198642372276,0.628152445411329,0.591959024435766
0.0356555912826009,0.628394166465232,0.591779629232103
0.0356555912826009,0.628635887519136,0.591674832517021
0.0356913183279743,0.62887760857304,0.591642435351101
0.0357270453733476,0.629119329626944,0.59138060343741
0.0357270453733476,0.629441624365482,0.591212279125126
0.0357270453733476,0.629683345419386,0.591142963475579
0.035762772418721,0.62992506647329,0.591032269922304
0.0357984994640943,0.630166787527194,0.590849747901794
0.0357984994640943,0.630408508581097,0.590587512682308
0.0358342265094677,0.630650229635001,0.59047488920959
0.0358342265094677,0.63097252437354,0.590347044630157
0.035869953554841,0.631133671742809,0.590296415299448
0.0359056806002144,0.631375392796713,0.590207867112372
0.0359056806002144,0.631697687535251,0.590007320387548
0.0359056806002144,0.632019982273789,0.589905651445001
0.0359056806002144,0.632261703327693,0.589815105871203
0.0359771346909611,0.632422850696962,0.589692890673848
0.0360128617363344,0.632664571750866,0.589448384338145
0.0360128617363344,0.63290629280477,0.589357590135477
0.0360128617363344,0.633228587543308,0.589053628124682
0.0360128617363344,0.633550882281847,0.588950072470886
0.0360485887817078,0.633712029651116,0.588897141550994
0.0360485887817078,0.634034324389654,0.588766570464619
0.0360485887817078,0.634356619128193,0.588489049713515
0.0360485887817078,0.634678913866731,0.588371437257696
0.0361200428724544,0.634759487551366,0.588249263809285
0.0361557699178278,0.63500120860527,0.588147007614041
0.0361557699178278,0.635323503343808,0.587896327613219
0.0362629510539478,0.635323503343808,0.58769423991422
0.0363344051446945,0.635484650713077,0.587583183534714
0.0364058592354412,0.635645798082346,0.587491590172124
0.0364415862808146,0.635806945451616,0.587460458668179
0.0364773133261879,0.636048666505519,0.587379208499928
0.0365130403715613,0.636290387559423,0.58730359965171
0.0365130403715613,0.636532108613327,0.587176339098848
0.036584494462308,0.636693255982596,0.586991264642175
0.0366559485530547,0.636854403351865,0.586918214051913
0.0366559485530547,0.637176698090404,0.58679498369809
0.036691675598428,0.637337845459673,0.586736192097592
0.0367274026438014,0.637579566513577,0.586529683076885
0.0367274026438014,0.637901861252115,0.586483391643261
0.0367631296891747,0.638063008621384,0.586412357835848
0.0367631296891747,0.638385303359923,0.586310711728897
0.0368345837799214,0.638546450729192,0.58621433732013
0.0368703108252947,0.638707598098461,0.586148549051201
0.0369060378706681,0.638949319152365,0.585912612677781
0.0369417649160414,0.639191040206269,0.585862252939504
0.0369417649160414,0.639513334944807,0.585650020121895
0.0369774919614148,0.639674482314076,0.585581698773008
0.0369774919614148,0.639996777052615,0.585474666849084
0.0370132190067881,0.640238498106518,0.585259376709341
0.0370132190067881,0.640480219160422,0.585207269872552
0.0370489460521615,0.640721940214326,0.585089634292089
0.0370846730975348,0.64096366126823,0.584884431037238
0.0371561271882815,0.641044234952864,0.58477288817985
0.0371918542336549,0.641285956006768,0.584663544565277
0.0372275812790282,0.641527677060672,0.584542532840248
0.0372275812790282,0.64184997179921,0.584408752678714
0.0372275812790282,0.642091692853114,0.58435577058
0.0372633083244016,0.642333413907018,0.584295635091566
0.0372633083244016,0.642655708645556,0.584273331359308
0.0372990353697749,0.642816856014826,0.584102689990209
0.0372990353697749,0.643139150753364,0.584021313268609
0.0373347624151483,0.643380871807268,0.583892924001519
0.0373704894605216,0.643542019176537,0.583780499033088
0.037406216505895,0.643783740230441,0.583592608605967
0.0374776705966417,0.64394488759971,0.583493224433343
0.0374776705966417,0.644267182338248,0.58329365231378
0.0374776705966417,0.644508903392152,0.583160076701615
0.0375491246873884,0.644670050761421,0.583055996166707
0.0375491246873884,0.64499234549996,0.582833064825189
0.0375848517327617,0.645153492869229,0.582719377806258
0.0376205787781351,0.645395213923133,0.582634900011781
0.0376920328688817,0.645556361292402,0.582524117437411
0.0377277599142551,0.645717508661671,0.582473982032263
0.0377277599142551,0.64603980340021,0.582396823771341
0.0377634869596284,0.646281524454113,0.582318428857395
0.0377634869596284,0.646603819192652,0.582066776096083
0.0377634869596284,0.646845540246555,0.582026427921986
0.0377634869596284,0.647167834985094,0.581797439669791
0.0377634869596284,0.647490129723632,0.581626954679204
0.0377634869596284,0.647731850777536,0.581552046188992
0.0377992140050018,0.64797357183144,0.58108671514378
0.0377992140050018,0.648295866569978,0.580923720036088
0.0378349410503751,0.648457013939247,0.580821583268634
0.0378706680957485,0.648698734993151,0.580713685881027
0.0379063951411218,0.648940456047055,0.580682779462171
0.0379778492318685,0.64902102973169,0.580591602647454
0.0379778492318685,0.649343324470228,0.58046689663534
0.0380493033226152,0.649504471839497,0.580352158601198
0.0380493033226152,0.649826766578036,0.580275729702084
0.0380493033226152,0.650068487631939,0.580101384709748
0.0380493033226152,0.650390782370478,0.580012367026482
0.0380850303679886,0.650632503424382,0.579900714689267
0.0381207574133619,0.650793650793651,0.579795558158041
0.0381207574133619,0.651115945532189,0.579542504197347
0.0381207574133619,0.651438240270728,0.579342772157279
0.0381564844587353,0.651599387639997,0.579141030020043
0.038227938549482,0.651760535009266,0.578956358991495
0.0382636655948553,0.65200225606317,0.57883177765501
0.0382993926402287,0.652243977117074,0.578584208404767
0.038335119685602,0.652405124486343,0.57852821179467
0.0383708467309753,0.652646845540247,0.578095611211228
0.0384065737763487,0.65288856659415,0.577997371565729
0.0384065737763487,0.653130287648054,0.577928949364827
0.038442300821722,0.653372008701958,0.577900457225222
0.038442300821722,0.653694303440496,0.577799687810009
0.038442300821722,0.6539360244944,0.577690466265464
0.038442300821722,0.654258319232939,0.57746974936366
0.0384780278670954,0.654500040286842,0.577386213169716
0.0385494819578421,0.654661187656111,0.577305203018658
0.0385494819578421,0.654902908710015,0.577205796305033
0.0385852090032154,0.655144629763919,0.577111832364536
0.0386209360485888,0.655386350817823,0.577022928984737
0.0386209360485888,0.655628071871727,0.57693663757273
0.0386209360485888,0.655950366610265,0.576833066236491
0.0386566630939621,0.656192087664169,0.576741607655959
0.0386566630939621,0.656433808718073,0.576672622726992
0.0387281171847088,0.656594956087342,0.576571936615392
0.0387638442300822,0.656836677141246,0.576540373353443
0.0388352983208289,0.656997824510515,0.576328879700352
0.0388710253662022,0.657158971879784,0.576230347699265
0.0388710253662022,0.657481266618322,0.576106420300578
0.0389424794569489,0.657642413987592,0.576071077109467
0.0389424794569489,0.657884135041495,0.576007816216892
0.0390139335476956,0.658045282410765,0.57579696919065
0.039049660593069,0.658287003464668,0.57566131479928
0.0390853876384423,0.658448150833938,0.575494898287103
0.0390853876384423,0.658770445572476,0.575363526181101
0.0390853876384423,0.659092740311014,0.575273091618889
0.0390853876384423,0.659334461364918,0.575221151918191
0.039156841729189,0.659495608734187,0.574994235687505
0.0392282958199357,0.659656756103457,0.57490619416153
0.0392997499106824,0.659817903472726,0.574666068026856
0.0393712040014291,0.65989847715736,0.574564029434522
0.0394069310468024,0.660140198211264,0.574496194691042
0.0394426580921758,0.660381919265168,0.574399914005917
0.0394783851375491,0.660543066634437,0.574273142661544
0.0395141121829225,0.660784787688341,0.574049943278361
0.0395498392282958,0.661026508742245,0.573957272788773
0.0395855662736692,0.661187656111514,0.573880592514548
0.0396212933190425,0.661429377165418,0.573735396291033
0.0396570203644159,0.661671098219322,0.573515320542733
0.0397284744551626,0.661832245588591,0.573414238730179
0.0397999285459093,0.661912819273225,0.573350350971485
0.0397999285459093,0.662235114011764,0.573256803870581
0.0397999285459093,0.662557408750302,0.57315985789639
0.0398356555912826,0.662718556119571,0.573115240581251
0.0398356555912826,0.66304085085811,0.572980227549589
0.0398713826366559,0.663282571912014,0.572943381609613
0.0398713826366559,0.663524292965917,0.572820551119366
0.0399428367274026,0.663685440335187,0.572661490733394
0.0400142908181493,0.663846587704456,0.572596286209672
0.040085744908896,0.664007735073725,0.57229514595867
0.0401571989996427,0.66408830875836,0.572248437480539
0.0401929260450161,0.664330029812263,0.572123593368058
0.0402643801357628,0.664491177181532,0.571955876693066
0.0402643801357628,0.664732898235436,0.571821366311199
0.0403001071811361,0.66497461928934,0.57173411596861
0.0403001071811361,0.665296914027878,0.571662932357791
0.0403001071811361,0.665538635081782,0.571565730641451
0.0403358342265095,0.665780356135686,0.571427616531592
0.0404072883172562,0.665941503504955,0.571219614451581
0.0404430153626295,0.666183224558859,0.571070011767591
0.0404787424080029,0.666344371928128,0.570965788711493
0.0405144694533762,0.666586092982032,0.570893993744347
0.0405501964987496,0.666827814035936,0.570789890261418
0.0405859235441229,0.666988961405205,0.570673822845229
0.0406573776348696,0.667150108774474,0.570496455895294
0.0406573776348696,0.667472403513013,0.570457605934308
0.0406573776348696,0.667714124566916,0.570285281296184
0.0406931046802429,0.66795584562082,0.570175408540109
0.0407288317256163,0.668197566674724,0.56992397389228
0.0407288317256163,0.668519861413262,0.569810765314324
0.040800285816363,0.668600435097897,0.569751118373655
0.0408360128617363,0.668842156151801,0.569685203725924
0.040907466952483,0.66900330352107,0.569489144582512
0.0409431939978564,0.669164450890339,0.569244282658865
0.0410146480886031,0.669325598259608,0.569066695810146
0.0410861021793498,0.669486745628878,0.568983018158993
0.0411575562700965,0.669567319313512,0.568926125100619
0.0411575562700965,0.669889614052051,0.568823597526663
0.0411575562700965,0.670211908790589,0.568771454979922
0.0411575562700965,0.670453629844493,0.568691962050986
0.0411575562700965,0.670775924583031,0.568595504834622
0.0411575562700965,0.67109821932157,0.568523588683113
0.0411932833154698,0.671339940375473,0.568215624333069
0.0411932833154698,0.671581661429377,0.568128274205802
0.0412647374062165,0.671742808798646,0.567996599462774
0.0413004644515899,0.67198452985255,0.567822658706867
0.0413719185423366,0.672065103537185,0.567777539019214
0.0413719185423366,0.672387398275723,0.567679154929114
0.0414076455877099,0.672629119329627,0.567502864032031
0.0414076455877099,0.672870840383531,0.567442090833991
0.0415148267238299,0.672951414068165,0.567332975802998
0.0415862808145766,0.673112561437435,0.567234498636071
0.04162200785995,0.673354282491338,0.567063966092815
0.0416577349053233,0.673515429860608,0.566941265915112
0.04172918899607,0.673676577229877,0.566820621603721
0.0418006430868167,0.673837724599146,0.566751848690678
0.0418363701321901,0.673998871968415,0.566674807774082
0.0418720971775634,0.674240593022319,0.566468325842626
0.0419078242229368,0.674482314076223,0.566383510027306
0.0419078242229368,0.674724035130126,0.566165036512294
0.0419078242229368,0.675046329868665,0.566116575226083
0.0420150053590568,0.6751269035533,0.566026590553397
0.0420864594498035,0.675288050922569,0.565900818367423
0.0421221864951768,0.675449198291838,0.565873706240847
0.0421221864951768,0.675771493030376,0.565808219956492
0.0421579135405502,0.67601321408428,0.565613107841101
0.0421579135405502,0.676254935138184,0.565562844436008
0.0422650946766702,0.676335508822818,0.565340564976162
0.0423365487674169,0.676496656192088,0.565026099554655
0.0423722758127903,0.676657803561357,0.564926002482884
0.042443729903537,0.676818950930626,0.564843098018876
0.0425151839942837,0.676980098299895,0.564747451421323
0.0425866380850304,0.677141245669164,0.564678653955739
0.0426223651304037,0.677302393038434,0.564605870541788
0.0426580921757771,0.677544114092337,0.564426764879435
0.0427295462665238,0.677705261461607,0.564354591578432
0.0427295462665238,0.67794698251551,0.564234319813953
0.0428367274026438,0.678027556200145,0.564006480462419
0.0429081814933905,0.678188703569414,0.563854703542883
0.0430153626295105,0.678188703569414,0.563820050668754
0.0430868167202572,0.678349850938683,0.56376713907459
0.0431225437656306,0.678591571992587,0.563666221149368
0.0432297249017506,0.678591571992587,0.563505785907702
0.0432297249017506,0.678913866731126,0.563406875232752
0.0433011789924973,0.679075014100395,0.563220670470027
0.0433369060378707,0.679316735154299,0.563128839626853
0.043372633083244,0.679477882523568,0.56302417728535
0.043372633083244,0.679800177262106,0.562934669608105
0.0434083601286174,0.68004189831601,0.562740956923754
0.0434440871739907,0.680203045685279,0.562735889717555
0.0434798142193641,0.680444766739183,0.562681954412363
0.0435155412647374,0.680686487793087,0.562629267761843
0.0435512683101108,0.680847635162356,0.562526692598879
0.0436227224008574,0.681008782531625,0.562457248367921
0.0436584494462308,0.681250503585529,0.562410189797571
0.0436584494462308,0.681572798324067,0.562315852441764
0.0436584494462308,0.681814519377971,0.562151943131747
0.0437299035369775,0.68197566674724,0.562012128770802
0.0438370846730975,0.682056240431875,0.561888253501713
0.0438728117184709,0.682217387801144,0.561767324805258
0.0439085387638442,0.682459108855048,0.561435441381334
0.0439085387638442,0.682781403593586,0.561381522125927
0.0440157198999643,0.682781403593586,0.561308487253473
0.0440157198999643,0.683103698332125,0.561247639193237
0.0440514469453376,0.683345419386029,0.561091393951024
0.044087173990711,0.683587140439932,0.560898360691136
0.0441229010360843,0.683748287809201,0.560757812417058
0.0441586280814577,0.683990008863105,0.560642592695167
0.0442658092175777,0.68407058254774,0.560401365285283
0.0443015362629511,0.684231729917009,0.560362941826305
0.0443372633083244,0.684473450970913,0.560221850549445
0.0443372633083244,0.684795745709451,0.560164334097844
0.0443729903536977,0.684956893078721,0.560133422419683
0.0444087173990711,0.685198614132624,0.559928910506537
0.0444801714898178,0.685359761501893,0.559798986104745
0.0445158985351911,0.685601482555797,0.559623037075662
0.0445873526259378,0.685682056240432,0.559415450098848
0.0446230796713112,0.685923777294336,0.559256158980022
0.0447302608074312,0.68600435097897,0.559067899452449
0.0447302608074312,0.686246072032874,0.558973729177918
0.0448017148981779,0.686407219402143,0.558791744289906
0.0448731689889246,0.686568366771412,0.558717292815346
0.0448731689889246,0.686810087825316,0.558647926127392
0.0448731689889246,0.687132382563855,0.55851628568781
0.044908896034298,0.687374103617758,0.55843175077211
0.0449803501250447,0.687535250987028,0.558338984226027
0.045016077170418,0.687696398356297,0.55824458531715
0.045016077170418,0.688018693094835,0.558166562446449
0.0450875312611647,0.688179840464104,0.558101270365848
0.0451589853519114,0.688260414148739,0.558011354212639
0.0451947123972847,0.688502135202643,0.557954951021421
0.0452661664880314,0.688663282571912,0.55786368363241
0.0453376205787781,0.688743856256547,0.557807043149838
0.0454448017148982,0.688824429941181,0.557659543842777
0.0454805287602715,0.689066150995085,0.557580556173512
0.0455519828510182,0.68914672467972,0.557559736164958
0.0455877098963916,0.689388445733623,0.557499276007788
0.0455877098963916,0.689710740472162,0.557407592306118
0.0456234369417649,0.689952461526066,0.557292930706794
0.0456234369417649,0.690194182579969,0.557211522993273
0.0456234369417649,0.690516477318508,0.556972671679953
0.045730618077885,0.690597051003142,0.556885429011745
0.0457663451232583,0.690758198372412,0.556876710382367
0.0458020721686317,0.690999919426315,0.556799524387572
0.045837799214005,0.691241640480219,0.556502591724507
0.0459092533047517,0.691322214164854,0.556445416551377
0.045944980350125,0.691563935218758,0.556324893373869
0.0459807073954984,0.691805656272661,0.556236032961922
0.0460164344408717,0.692047377326565,0.556062531972179
0.0460164344408717,0.692289098380469,0.556025236782495
0.0460521614862451,0.692530819434373,0.555754083414291
0.0460878885316184,0.692772540488277,0.555576844160465
0.0461236155769918,0.692933687857546,0.555314181113867
0.0461950696677385,0.693094835226815,0.555087974666798
0.0462665237584852,0.693255982596084,0.554933596698984
0.0462665237584852,0.693497703649988,0.554906801062747
0.0462665237584852,0.693819998388526,0.554790201041726
0.0463022508038585,0.69406171944243,0.554766216349213
0.0463379778492319,0.694303440496334,0.554645790184829
0.0463737048946052,0.694464587865603,0.554534372456573
0.0464094319399786,0.694706308919507,0.554418193716708
0.0464808860307253,0.694867456288776,0.554336986659262
0.0465166130760986,0.695028603658045,0.554265280609611
0.046552340121472,0.695270324711949,0.554021426391287
0.0465880671668453,0.695512045765853,0.553950845234504
0.0466237942122186,0.695673193135122,0.553852216482831
0.046659521257592,0.695914914189026,0.553623527775901
0.0466952483029653,0.69615663524293,0.553474088218434
0.0466952483029653,0.696478929981468,0.553357417393406
0.046766702393712,0.696559503666103,0.553315338717855
0.0468024294390854,0.696801224720006,0.55325980505364
0.0468381564844587,0.69704294577391,0.553189331318276
0.0468738835298321,0.697204093143179,0.553043296208463
0.0469096105752054,0.697445814197083,0.552986654634738
0.0469810646659521,0.697606961566352,0.552877120694314
0.0469810646659521,0.697848682620256,0.552829739148379
0.0470167917113255,0.69809040367416,0.552770097164811
0.0471239728474455,0.698170977358795,0.552696629221323
0.0472311539835656,0.698251551043429,0.552624210750723
0.0472668810289389,0.698412698412698,0.552516467737907
0.0473740621650589,0.698493272097333,0.552426106574404
0.0474097892104323,0.698734993151237,0.552205885002363
0.0474097892104323,0.698976714205141,0.552140492037325
0.0474455162558056,0.699218435259044,0.551968118677012
0.047481243301179,0.699460156312948,0.551866613701869
0.047481243301179,0.699701877366852,0.551770257333216
0.047481243301179,0.70002417210539,0.551696046503979
0.047481243301179,0.700346466843929,0.551588426629116
0.047481243301179,0.700588187897833,0.551545861692566
0.047481243301179,0.700910482636371,0.551366844728152
0.047481243301179,0.701232777374909,0.551263245073524
0.0475169703465523,0.701474498428813,0.551223406548397
0.0476241514826724,0.701474498428813,0.551168430989164
0.0476598785280457,0.701716219482717,0.551085513574487
0.0477313326187924,0.701877366851986,0.550930980946545
0.0477313326187924,0.70211908790589,0.550776761994539
0.0477313326187924,0.702441382644428,0.550689372702687
0.0478385137549125,0.702521956329063,0.550580002570344
0.0479099678456592,0.702602530013698,0.550493217111741
0.0479099678456592,0.702924824752236,0.550172909895202
0.0479456948910325,0.70316654580614,0.550063163939157
0.0480171489817792,0.703327693175409,0.549919664313037
0.0480886030725259,0.703408266860044,0.54979829405775
0.0481957842086459,0.703488840544678,0.549696709514363
0.0482315112540193,0.703730561598582,0.549602713110656
0.0482672382993926,0.703891708967851,0.549575317228699
0.048302965344766,0.704133430021755,0.549465353278975
0.048302965344766,0.704455724760293,0.549245491016427
0.0483386923901393,0.704616872129562,0.549195835816317
0.0483386923901393,0.704939166868101,0.54910983117181
0.0483744194355127,0.705180887922005,0.548983830852579
0.048410146480886,0.705422608975908,0.548922568912668
0.048410146480886,0.705664330029812,0.548883796486409
0.0484458735262594,0.705906051083716,0.548856332727737
0.0484816005716327,0.70614777213762,0.548729314981389
0.0485173276170061,0.706308919506889,0.548650695189249
0.0485530546623794,0.706550640560793,0.548604653430284
0.0486245087531261,0.706711787930062,0.548513769807262
0.0486602357984995,0.706872935299331,0.5484688265295
0.0486959628438728,0.707114656353235,0.548336042375114
0.0487674169346195,0.707275803722504,0.5481648850142
0.0488031439799929,0.707517524776408,0.548039326169903
0.0488745980707396,0.707598098461043,0.547836170748752
0.0489460521614862,0.707759245830312,0.547797758373106
0.0489460521614862,0.70808154056885,0.547644357281387
0.0489817792068596,0.708242687938119,0.54754918697706
0.0490532332976063,0.708403835307389,0.54746698700095
0.0491604144337263,0.708484408992023,0.547316748882874
0.0491604144337263,0.708726130045927,0.547175916857677
0.0491961414790997,0.708967851099831,0.547055615836666
0.0492675955698464,0.7091289984691,0.547004700328708
0.0493033226152197,0.709290145838369,0.546830587724442
0.0493033226152197,0.709612440576908,0.546779459286303
0.0493390496605931,0.709854161630811,0.546749542445501
0.0494462307967131,0.709934735315446,0.546704796721873
0.0494462307967131,0.71017645636935,0.546657294049857
0.0494462307967131,0.710498751107888,0.546423263254105
0.0495176848874598,0.710659898477157,0.546337375908684
0.0495534119328332,0.710821045846427,0.546204174645767
0.0496248660235798,0.710982193215696,0.546107498079991
0.0496963201143265,0.711143340584965,0.54593672162265
0.0496963201143265,0.711385061638869,0.545915929218794
0.0497320471596999,0.711626782692773,0.545780774916329
0.0497320471596999,0.711949077431311,0.545705791692836
0.0497677742050732,0.712190798485215,0.545604669433056
0.0497677742050732,0.712432519539119,0.545552382547275
0.0498035012504466,0.712674240593022,0.545523451616798
0.0499106823865666,0.712754814277657,0.545349629042359
0.0499106823865666,0.712996535331561,0.545305988664139
0.0499821364773133,0.71315768270083,0.545253096713313
0.0500178635226867,0.713399403754734,0.545130343995625
0.0501250446588067,0.713399403754734,0.545058571447312
0.0501607717041801,0.713641124808638,0.544825313101014
0.0502322257949268,0.713802272177907,0.54467566920543
0.0502322257949268,0.714124566916445,0.544511517829527
0.0503036798856735,0.71420514060108,0.544436791610896
0.0503394069310468,0.714446861654984,0.544388763490772
0.0503394069310468,0.714769156393522,0.544287685644244
0.0503751339764201,0.714930303762791,0.544169113067748
0.0504465880671668,0.71509145113206,0.544016945495182
0.0505180421579135,0.715252598501329,0.543962309088704
0.0505180421579135,0.715494319555233,0.543883685244092
0.0505180421579135,0.715816614293772,0.54375871216652
0.0505537692032869,0.716058335347675,0.543659395549004
0.0505894962486602,0.716300056401579,0.543568959521844
0.0506609503394069,0.716380630086214,0.543527441964903
0.0506609503394069,0.716702924824752,0.543487832082184
0.0506966773847803,0.716944645878656,0.543358979932221
0.0507324044301536,0.717105793247925,0.543337870919493
0.0508038585209003,0.717266940617194,0.543183682429722
0.0508395855662737,0.717508661671098,0.543088848158075
0.050875312611647,0.717669809040367,0.542922371133519
0.0509110396570204,0.717911530094271,0.542701019584268
0.0509467667023937,0.718153251148175,0.542542188638838
0.0510539478385138,0.71823382483281,0.542442027352095
0.0511254019292604,0.718314398517444,0.542385236718366
0.0511254019292604,0.718636693255983,0.542279818104225
0.0511968560200071,0.718797840625252,0.54218565808596
0.0511968560200071,0.719039561679156,0.542168146212366
0.0512325830653805,0.719281282733059,0.542108924296966
0.0513040371561272,0.719442430102329,0.541954512929341
0.0513397642015005,0.719603577471598,0.541893586535172
0.0514112182922472,0.719764724840867,0.541750607699898
0.0515183994283673,0.719845298525502,0.541642324417494
0.0515183994283673,0.720087019579405,0.541518542867043
0.0515541264737406,0.720328740633309,0.541431405632116
0.051589853519114,0.720570461687213,0.541360633423669
0.0516255805644873,0.720812182741117,0.541124856752582
0.0516255805644873,0.721053903795021,0.541063343245446
0.051697034655234,0.72121505116429,0.541029814045426
0.0517684887459807,0.721376198533559,0.540869029485767
0.0517684887459807,0.721617919587463,0.540714774594616
0.0518042157913541,0.721859640641367,0.540626112837485
0.0518756698821008,0.722020788010636,0.540523018785255
0.0518756698821008,0.722262509064539,0.540493298575794
0.0518756698821008,0.722584803803078,0.540336681802474
0.0519828510182208,0.722665377487713,0.540211250071854
0.0520185780635941,0.722907098541616,0.540051690405639
0.0520543051089675,0.723068245910885,0.53994394190988
0.0520900321543408,0.723309966964789,0.539782865353856
0.0521614862450875,0.723471114334059,0.539741148080111
0.0521972132904609,0.723632261703328,0.539706656692111
0.0522686673812076,0.723793409072597,0.539555033017456
0.0523043944265809,0.724035130126501,0.539409064298638
0.0523043944265809,0.724276851180405,0.539368987460648
0.052411575562701,0.724357424865039,0.539265224006172
0.0524830296534477,0.724518572234308,0.539236166398086
0.0525544837441944,0.724679719603577,0.539154090828284
0.0525902107895677,0.724840866972847,0.538982574267326
0.0525902107895677,0.725163161711385,0.538868550273318
0.0525902107895677,0.725485456449923,0.538729860863022
0.0526259378349411,0.725646603819193,0.538700629296677
0.0526616648803144,0.725888324873096,0.538616460310838
0.0526973919256877,0.726130045927,0.53854895310096
0.0526973919256877,0.726371766980904,0.538500691336476
0.0526973919256877,0.726694061719442,0.538383406171384
0.0527331189710611,0.726935782773346,0.538253050024941
0.0527688460164344,0.72717750382725,0.538217269840954
0.0528045730618078,0.727338651196519,0.538162034531083
0.0528403001071811,0.727580372250423,0.538061337299143
0.0529117541979278,0.727741519619692,0.538023774924432
0.0529117541979278,0.727983240673596,0.537990044375507
0.0529832082886745,0.728144388042865,0.537952732738647
0.0530189353340479,0.728386109096769,0.537909513902489
0.0530546623794212,0.728547256466038,0.537749114843362
0.0531618435155413,0.728627830150673,0.537699175940047
0.0532690246516613,0.728708403835307,0.537564202604553
0.0532690246516613,0.728950124889211,0.537520205207212
0.0532690246516613,0.72927241962775,0.53748852194139
0.0533762057877814,0.729352993312384,0.53727213849214
0.053447659878528,0.729514140681653,0.537174494904131
0.0534833869239014,0.729675288050923,0.537031595890455
0.0534833869239014,0.729997582789461,0.536969920399292
0.0535905680600214,0.730078156474096,0.536825273650702
0.0536620221507681,0.73015873015873,0.536702734045454
0.0536977491961415,0.730400451212634,0.536638720879435
0.0537692032868882,0.730561598581903,0.536486489441981
0.0538049303322615,0.730722745951172,0.536314100027726
0.0538406573776349,0.730964467005076,0.536200557425774
0.0538763844230082,0.73120618805898,0.536113655199308
0.0539121114683816,0.731447909112884,0.53602037741004
0.0539121114683816,0.731689630166788,0.535976877256404
0.0539121114683816,0.732011924905326,0.535926012047367
0.0539478385137549,0.73225364595923,0.535782577635464
0.0539835655591283,0.732414793328499,0.535736838704511
0.0540907466952483,0.732495367013134,0.535687092042793
0.0541264737406216,0.732737088067037,0.535413524721072
0.054162200785995,0.732898235436306,0.535379072194143
0.0542336548767417,0.733059382805576,0.535348649096438
0.054269381922115,0.733301103859479,0.535273105844226
0.0543051089674884,0.733542824913383,0.535106298986352
0.0543408360128617,0.733703972282652,0.535092055109642
0.0543765630582351,0.733945693336556,0.53493769812766
0.0544122901036084,0.73418741439046,0.534832204112414
0.0544122901036084,0.734429135444364,0.534808455492554
0.0544480171489818,0.734670856498268,0.534762851301471
0.0544837441943551,0.734912577552171,0.534687068685661
0.0545194712397285,0.735073724921441,0.534657734300177
0.0545551982851018,0.735315445975344,0.53461051773988
0.0545909253304752,0.735557167029248,0.534514458580922
0.0546266523758485,0.735798888083152,0.534419062209938
0.0546266523758485,0.736040609137056,0.5343390946356
0.0546266523758485,0.736362903875594,0.534231809485694
0.0546266523758485,0.736685198614133,0.534180620838409
0.0546981064665952,0.736765772298767,0.534140160586154
0.0547695605573419,0.736926919668036,0.533958263623637
0.0548052876027153,0.73716864072194,0.533878750258174
0.0549124687388353,0.73716864072194,0.533780312421917
0.0549481957842086,0.737410361775844,0.533556288416362
0.0550196498749553,0.737571509145113,0.533531243220861
0.055091103965702,0.737732656514382,0.533324383744838
0.0551268310110754,0.737893803883652,0.533269726297129
0.0551625580564487,0.738135524937555,0.533140224951725
0.0551982851018221,0.738377245991459,0.533087923685809
0.0552697391925688,0.738457819676094,0.532999501681434
0.0552697391925688,0.738780114414632,0.532742497149219
0.0553411932833155,0.738941261783901,0.532545792014943
0.0554126473740622,0.739021835468536,0.532511236214164
0.0554483744194355,0.73926355652244,0.532435366391042
0.0554841014648089,0.739505277576344,0.532367552926345
0.0555198285101822,0.739666424945613,0.532336735719105
0.0556270096463023,0.739746998630247,0.532182802830424
0.0556627366916756,0.739988719684151,0.532130231115027
0.0556984637370489,0.740230440738055,0.532056868830108
0.0556984637370489,0.740472161791959,0.53192436047713
0.0557699178277956,0.740633309161228,0.531876982032591
0.0557699178277956,0.740955603899766,0.531839580095621
0.0557699178277956,0.74119732495367,0.531818532856399
0.055805644873169,0.741439046007574,0.53172978833536
0.055912826009289,0.741519619692208,0.531685790552684
0.0559485530546624,0.741680767061478,0.531566247094038
0.0560200071454091,0.741841914430747,0.531390282476832
0.0560557341907824,0.742083635484651,0.53134306290532
0.0560914612361558,0.742325356538554,0.531221497324163
0.0560914612361558,0.742567077592458,0.531174919645435
0.0560914612361558,0.742889372330997,0.530974049220885
0.0560914612361558,0.743211667069535,0.53093466585316
0.0561271882815291,0.743372814438804,0.530886723055734
0.0561271882815291,0.743695109177343,0.530806637369083
0.0561986423722758,0.743856256546612,0.530753915367009
0.0561986423722758,0.744097977600516,0.530726938758907
0.0562343694176492,0.74433969865442,0.530630444796965
0.0562700964630225,0.744581419708323,0.530555053690173
0.0563058235083959,0.744823140762227,0.530441994158407
0.0563415505537692,0.744984288131496,0.530362562560226
0.0563772775991426,0.7452260091854,0.530250617252104
0.0564487316898892,0.745387156554669,0.5301633744319
0.0565201857806359,0.745467730239304,0.530069616452493
0.0565916398713826,0.745628877608573,0.530017499033819
0.056627366916756,0.745870598662477,0.529840367969645
0.056627366916756,0.746112319716381,0.529804454100705
0.056627366916756,0.746434614454919,0.529742745048336
0.0566630939621293,0.746676335508823,0.529653211903579
0.056734548052876,0.746837482878092,0.529527831011764
0.0568060021436227,0.746918056562727,0.529448327450744
0.0568774562343694,0.747079203931996,0.529375416464531
0.0569489103251161,0.747240351301265,0.529278309573484
0.0569489103251161,0.747482072355169,0.529105899888615
0.0569846373704895,0.747723793409073,0.529071470366455
0.0570203644158628,0.747965514462976,0.52901842693904
0.0570560914612362,0.748126661832246,0.528937048960602
0.0571275455519829,0.748287809201515,0.528693458212817
0.0571989996427295,0.748448956570784,0.528569959157999
0.0572347266881029,0.748610103940053,0.528435977551959
0.0573061807788496,0.748771251309322,0.528320536047023
0.0573061807788496,0.749093546047861,0.528253871848767
0.0573061807788496,0.749415840786399,0.528178217170284
0.0573061807788496,0.749657561840303,0.528082347274481
0.0573419078242229,0.749899282894207,0.527969996967654
0.0573776348695963,0.750141003948111,0.527948075488637
0.0573776348695963,0.750382725002014,0.527801779242715
0.057449088960343,0.750543872371284,0.52776818873813
0.0574848160057163,0.750785593425187,0.527725505075473
0.0575205430510897,0.750946740794457,0.527659984095787
0.0575205430510897,0.751269035532995,0.527623331542317
0.057556270096463,0.751510756586899,0.527577821157249
0.0575919971418364,0.751752477640803,0.52752411834653
0.0576277241872097,0.751913625010072,0.527466943456787
0.0576991782779564,0.752074772379341,0.527380352951519
0.0577349053233298,0.752316493433245,0.527350199541141
0.0578063594140765,0.752397067117879,0.527284255930068
0.0578063594140765,0.752719361856418,0.527168049719185
0.0578778135048231,0.752880509225687,0.527130820680471
0.0579135405501965,0.753041656594956,0.526964308112345
0.0579849946409432,0.753202803964225,0.526912888964094
0.0580921757770632,0.75328337764886,0.526737708815389
0.0581279028224366,0.753525098702764,0.526662768413962
0.0581279028224366,0.753766819756667,0.526644182389451
0.0581993569131833,0.753927967125937,0.526580641857002
0.0583065380493033,0.754008540810571,0.526429475467251
0.0583065380493033,0.754250261864475,0.526374612985942
0.0583422650946767,0.754491982918379,0.526236485343173
0.0584137191854234,0.754653130287648,0.526201402314352
0.0584851732761701,0.754733703972283,0.526181826691154
0.0584851732761701,0.755055998710821,0.526015091107781
0.0584851732761701,0.755378293449359,0.525881562660344
0.0585566273669168,0.755539440818629,0.525827406943759
0.0585923544122901,0.755700588187898,0.525807879241964
0.0586638085030368,0.755861735557167,0.52565749865151
0.0586995355484101,0.756103456611071,0.52556704894565
0.0587709896391568,0.756184030295705,0.525463961880094
0.0587709896391568,0.756506325034244,0.525291018070388
0.0588424437299035,0.756667472403513,0.525234848355164
0.0588781707752769,0.756828619772782,0.525180460640467
0.0589138978206502,0.757070340826686,0.525169048949344
0.0589138978206502,0.757392635565224,0.525080693210469
0.0589138978206502,0.757714930303763,0.525058277180302
0.0589496248660236,0.757876077673032,0.524980261496937
0.0589496248660236,0.75819837241157,0.524897932829945
0.0590210789567703,0.75835951978084,0.524868913530206
0.0590568060021436,0.758520667150109,0.524830137170256
0.059092533047517,0.758762388204013,0.524760364145177
0.0591639871382637,0.758923535573282,0.524722839111845
0.059199714183637,0.759084682942551,0.524657124249468
0.0592354412290104,0.759326403996455,0.524632635242708
0.0592711682743837,0.759568125050359,0.524594334938651
0.0593068953197571,0.759729272419628,0.524544756685724
0.0593426223651304,0.759970993473532,0.524461819782197
0.0594140764558771,0.760132140842801,0.524341422153239
0.0594855305466238,0.76029328821207,0.524299908655116
0.0594855305466238,0.760535009265974,0.524214801815947
0.0595569846373705,0.760696156635243,0.524061402675805
0.0595927116827438,0.760937877689147,0.524018470823527
0.0596284387281172,0.761099025058416,0.523961113000506
0.0596284387281172,0.761421319796954,0.523889140389668
0.0596284387281172,0.761743614535493,0.523639736418825
0.0596641657734905,0.761904761904762,0.523425217940296
0.0597356198642372,0.762065909274031,0.523342965052351
0.0598070739549839,0.7622270566433,0.523196113856444
0.0598428010003573,0.762468777697204,0.523152725112093
0.0598428010003573,0.762710498751108,0.523131126182724
0.0598785280457306,0.762952219805012,0.523015184461172
0.0599499821364773,0.763113367174281,0.522939753793129
0.0599857091818507,0.76327451454355,0.522844002998453
0.060021436227224,0.763516235597454,0.522779560195894
0.0600928903179707,0.763677382966723,0.522738334120427
0.0601643444087174,0.763757956651358,0.522646941138089
0.0602357984994641,0.763919104020627,0.522511728295604
0.0602357984994641,0.764241398759165,0.522471458757396
0.0602357984994641,0.764563693497704,0.522396381533365
0.0603072525902108,0.764644267182338,0.522352731118928
0.0603429796355841,0.764885988236242,0.522281073227952
0.0604144337263308,0.765047135605511,0.522260322740655
0.0604858878170775,0.765127709290146,0.522245475694757
0.0604858878170775,0.765450004028684,0.522224256962525
0.0604858878170775,0.765772298767223,0.522118320037737
0.0605573419078242,0.765852872451857,0.52210400486873
0.0605930689531976,0.766094593505761,0.522048587797261
0.0606287959985709,0.766336314559665,0.521969650735308
0.0606645230439443,0.766578035613569,0.52188645992564
0.0606645230439443,0.766819756667472,0.521830789288573
0.060735977134691,0.766980904036742,0.521676689863582
0.060735977134691,0.76730319877528,0.521588514425041
0.0607717041800643,0.767464346144549,0.521578829662359
0.0608074312254377,0.767706067198453,0.521479826451722
0.0608788853161844,0.767867214567722,0.521330185402648
0.0609146123615577,0.768028361936991,0.52123463566441
0.060950339406931,0.768270082990895,0.521185252959776
0.0610217934976777,0.768431230360164,0.521097120457958
0.0610575205430511,0.768592377729434,0.521021521509539
0.0610932475884244,0.768834098783337,0.520933648314596
0.0611647016791711,0.768995246152607,0.520887916417277
0.0612361557699178,0.769156393521876,0.520756939492548
0.0612361557699178,0.76939811457578,0.520702879188475
0.0612718828152912,0.769639835629683,0.520681324878755
0.0612718828152912,0.769962130368222,0.520581520229931
0.0612718828152912,0.770203851422126,0.520524280741883
0.0613433369060379,0.770364998791395,0.520452250665087
0.0613790639514112,0.770606719845298,0.520273594126805
0.0613790639514112,0.770848440899202,0.520181862065453
0.0614862450875313,0.770929014583837,0.520146774399352
0.0615219721329046,0.771170735637741,0.520073424583592
0.061557699178278,0.771412456691644,0.520032919677779
0.061557699178278,0.771654177745548,0.519979649566328
0.061557699178278,0.771976472484087,0.519933246698908
0.061557699178278,0.772298767222625,0.519836408566041
0.0615934262236513,0.772459914591894,0.519706292000391
0.0615934262236513,0.772782209330433,0.519672797961468
0.061664880314398,0.772943356699702,0.519565979794981
0.0617006073597713,0.773104504068971,0.519534889048601
0.0617363344051447,0.773346225122875,0.519495735999281
0.0617363344051447,0.773668519861413,0.519422338449972
0.061772061450518,0.773910240915317,0.519406362463259
0.061772061450518,0.774151961969221,0.519369306181469
0.0618077884958914,0.774393683023125,0.519228036280494
0.0618792425866381,0.774554830392394,0.519150567775803
0.0619149696320114,0.774715977761663,0.519085775878976
0.0619506966773848,0.774957698815567,0.51903886915379
0.0619506966773848,0.775279993554105,0.518866444262605
0.0620221507681315,0.77536056723874,0.518834318511181
0.0620936048588782,0.775521714608009,0.518771673847314
0.0622007859949982,0.775602288292644,0.518668301719512
0.0623079671311183,0.775682861977278,0.518597124077507
0.0624151482672383,0.775682861977278,0.518510286762345
0.0625223294033583,0.775763435661913,0.518457243566187
0.0626295105394784,0.775844009346547,0.518424374203584
0.0626652375848517,0.776005156715817,0.518383525202354
0.0627366916755984,0.776166304085086,0.518335250489544
0.0628081457663451,0.776327451454355,0.518264258450399
0.0628438728117185,0.776488598823624,0.518236256229641
0.0628795998570918,0.776730319877528,0.518161769691238
0.0628795998570918,0.777052614616066,0.518146855110269
0.0629153269024652,0.77729433566997,0.518121290589383
0.0629153269024652,0.777536056723874,0.518096800026025
0.0629153269024652,0.777858351462412,0.518030759589952
0.0629510539478385,0.778100072516316,0.517959277262093
0.0629510539478385,0.77834179357022,0.517926288683595
0.0629867809932119,0.778583514624124,0.51787550203897
0.0630225080385852,0.778825235678028,0.517790394915374
0.0630939621293319,0.778905809362662,0.517783139213291
0.0630939621293319,0.779228104101201,0.517711941812193
0.0631296891747053,0.779469825155104,0.517638255902072
0.0631296891747053,0.779711546209008,0.517584647964642
0.0632368703108253,0.779792119893643,0.517525275754043
0.0632368703108253,0.780114414632181,0.51741852427951
0.0632725973561986,0.780356135686085,0.517292347335647
0.0632725973561986,0.780597856739989,0.517198361808874
0.063308324401572,0.780839577793893,0.517129048690449
0.0633440514469453,0.781081298847796,0.517012569172933
0.0633797784923187,0.781242446217066,0.517007262091645
0.0633797784923187,0.781564740955604,0.51698981674837
0.0633797784923187,0.781887035694142,0.516974175298943
0.0634512325830654,0.781967609378777,0.516892199344473
0.0634869596284387,0.782209330432681,0.516661184802272
0.0635584137191854,0.78237047780195,0.516535332217826
0.0635941407645588,0.782612198855854,0.516506412936288
0.0635941407645588,0.782853919909758,0.516478167972341
0.0636655948553055,0.783015067279027,0.516450327084452
0.0637370489460522,0.783176214648296,0.516420157623566
0.0637370489460522,0.7834179357022,0.516387748210063
0.0637370489460522,0.783740230440738,0.516353747873817
0.0638085030367989,0.783901377810007,0.516295851802582
0.0638799571275456,0.783981951494642,0.516284421415458
0.0638799571275456,0.78430424623318,0.516226063732539
0.0639156841729189,0.784545967287084,0.516162288194781
0.0639156841729189,0.784868262025622,0.516048105798332
0.0639156841729189,0.785109983079526,0.516015974022303
0.0639871382636656,0.785271130448795,0.515879963024544
0.0639871382636656,0.785593425187334,0.515829264459908
0.0640228653090389,0.785754572556603,0.515778553231037
0.0640943193997856,0.785915719925872,0.515679199381602
0.064130046445159,0.786157440979776,0.515607469054619
0.0641657734905323,0.786318588349045,0.515458477000346
0.064237227581279,0.786479735718314,0.515374562088878
0.0642729546266524,0.786721456772218,0.515314269483589
0.0643086816720257,0.786963177826122,0.51519661246955
0.0643801357627724,0.787043751510757,0.515155017887438
0.0644158628081458,0.78728547256466,0.515131548868528
0.0644515898535191,0.787527193618564,0.515082216137269
0.0644873168988925,0.787688340987833,0.515054714910905
0.0645230439442658,0.787930062041737,0.51502938835233
0.0645587709896392,0.788171783095641,0.515001048861663
0.0645944980350125,0.78833293046491,0.514981921974293
0.0646302250803859,0.788574651518814,0.514933883604781
0.0646659521257592,0.788816372572718,0.514908496586351
0.0646659521257592,0.789138667311256,0.514877986058748
0.0646659521257592,0.78938038836516,0.514827456971505
0.0646659521257592,0.789702683103698,0.514768762204224
0.0647016791711326,0.789944404157602,0.514715521282517
0.0647016791711326,0.790186125211506,0.514685056588831
0.0648088603072526,0.790266698896141,0.514653125683208
0.0648445873526259,0.790508419950044,0.514628873928363
0.0648803143979993,0.790669567319313,0.514617100127577
0.0648803143979993,0.790991862057852,0.514574922057933
0.0649874955341193,0.791072435742487,0.514425462227375
0.0650232225794927,0.791233583111756,0.514381257072602
0.0650232225794927,0.791555877850294,0.514309673899476
0.065058949624866,0.791797598904198,0.514186069318892
0.065058949624866,0.792119893642736,0.514044385646766
0.0650946766702394,0.792281041012005,0.513984325225848
0.0651661307609861,0.792442188381275,0.513926642533567
0.0652018578063594,0.792683909435179,0.513884981427275
0.0652375848517328,0.792845056804448,0.513874462809508
0.0652375848517328,0.793167351542986,0.513840750962704
0.0652733118971061,0.79340907259689,0.513797497056644
0.0653090389424795,0.793570219966159,0.513772016974695
0.0653804930332262,0.793731367335428,0.513707863519182
0.0653804930332262,0.794053662073967,0.513652390910077
0.0654519471239728,0.794214809443236,0.513596582750273
0.0654519471239728,0.79445653049714,0.513565416872536
0.0654876741693462,0.794698251551043,0.51347319996747
0.0655234012147195,0.794939972604947,0.513395302753717
0.0655591282600929,0.795101119974216,0.513385400102973
0.0655948553054662,0.79534284102812,0.513278098119425
0.0656663093962129,0.795503988397389,0.513155136065625
0.0657377634869596,0.795584562082024,0.513106083799993
0.065773490532333,0.795826283135928,0.513069756538476
0.065773490532333,0.796148577874466,0.513021744466003
0.0658092175777063,0.79639029892837,0.512961990225435
0.0658092175777063,0.796632019982274,0.512945619937337
0.0658092175777063,0.796954314720812,0.512876593465707
0.0658449446230797,0.797196035774716,0.512830244170416
0.065880671668453,0.797357183143985,0.512784262748391
0.0659163987138264,0.797598904197889,0.512734199672058
0.0659521257591997,0.797840625251793,0.512694716310359
0.0659878528045731,0.798001772621062,0.512637634165974
0.0659878528045731,0.7983240673596,0.512589278762427
0.0660593068953198,0.79848521472887,0.512530471993204
0.0660950339406931,0.798726935782773,0.512476109367878
0.0660950339406931,0.798968656836677,0.512469919742342
0.0662022150768131,0.799049230521312,0.512421223381074
0.0662022150768131,0.79937152525985,0.512358013960281
0.0662379421221865,0.799532672629119,0.512354131857834
0.0662379421221865,0.799854967367658,0.512326141311551
0.0663093962129332,0.800016114736927,0.512305331283567
0.0663451232583065,0.800177262106196,0.512274925954304
0.0663451232583065,0.800499556844735,0.512249752455778
0.0663451232583065,0.800821851583273,0.512201293061792
0.0663451232583065,0.801063572637177,0.512182872597158
0.0663808503036799,0.801305293691081,0.51215316186495
0.0664165773490532,0.801547014744984,0.512100653984486
0.0664165773490532,0.801869309483523,0.511999626470038
0.0664165773490532,0.802111030537426,0.511952254160861
0.0664523043944266,0.80235275159133,0.511882727808861
0.0664880314397999,0.802594472645234,0.511847580180096
0.0664880314397999,0.802836193699138,0.51180577473964
0.0665237584851733,0.803077914753042,0.511769775791529
0.0665237584851733,0.80340020949158,0.511705404785655
0.0665237584851733,0.803641930545484,0.511669560101504
0.0665237584851733,0.803964225284022,0.511614359056619
0.0665594855305466,0.804205946337926,0.511558138605614
0.0665594855305466,0.804528241076464,0.511507831845222
0.06659521257592,0.804689388445734,0.511489060152487
0.06659521257592,0.805011683184272,0.511473534347349
0.0666666666666667,0.805172830553541,0.511437092579654
0.0666666666666667,0.805414551607445,0.511426560502055
0.06670239371204,0.805656272661349,0.511403026396331
0.06670239371204,0.805978567399887,0.511380904055088
0.06670239371204,0.806220288453791,0.511331446910906
0.0667738478027867,0.80638143582306,0.5112798780091
0.0667738478027867,0.806703730561599,0.511228972154884
0.0667738478027867,0.807026025300137,0.51113812502797
0.0667738478027867,0.807267746354041,0.511118991331419
0.0668095748481601,0.807509467407945,0.511067318002894
0.0668453018935334,0.807751188461848,0.511043956551977
0.0668453018935334,0.807992909515752,0.51098566631783
0.0668453018935334,0.808315204254291,0.510959221771233
0.0669167559842801,0.80847635162356,0.5109081439458
0.0669524830296535,0.808637498992829,0.510838927383786
0.0670239371204001,0.808798646362098,0.510810071554421
0.0670596641657735,0.809040367416002,0.510770718644487
0.0670953912111468,0.809282088469906,0.510740402268339
0.0670953912111468,0.80952380952381,0.510691242277396
0.0670953912111468,0.809846104262348,0.51063957231737
0.0671668453018935,0.810007251631617,0.51055670526497
0.0672025723472669,0.810168399000886,0.510520752841174
0.0672025723472669,0.810490693739425,0.510468291088516
0.0672025723472669,0.810812988477963,0.510393731206813
0.0672740264380136,0.810893562162598,0.510343374132127
0.0673097534833869,0.811135283216502,0.510296654593956
0.0673812075741336,0.811296430585771,0.510275210718333
0.0674883887102537,0.811377004270405,0.510226172944027
0.0674883887102537,0.811618725324309,0.510170819625528
0.0674883887102537,0.811941020062848,0.510141472620168
0.0674883887102537,0.812263314801386,0.510073855211117
0.067524115755627,0.812424462170655,0.510057384184032
0.0675598428010004,0.812666183224559,0.509959583431325
0.0675598428010004,0.812988477963097,0.509909059977988
0.0675955698463737,0.813149625332366,0.509822716865107
0.0676312968917471,0.81339134638627,0.509791409422452
0.0676670239371204,0.813633067440174,0.509741634810502
0.0676670239371204,0.813874788494078,0.50968354318901
0.0676670239371204,0.814197083232616,0.509635389702767
0.0677742050732404,0.814277656917251,0.50957161214579
0.0678099321186138,0.814519377971155,0.509496663951699
0.0678456591639871,0.814680525340424,0.509489921893405
0.0679171132547338,0.814841672709693,0.509438457036056
0.0679171132547338,0.815163967448231,0.509422397658905
0.0679171132547338,0.815405688502135,0.509406077992641
0.0680242943908539,0.81548626218677,0.509356603014943
0.0680242943908539,0.815808556925308,0.5092788383851
0.0680957484816006,0.815889130609943,0.509247092538753
0.0681672025723473,0.816050277979212,0.509177387451121
0.0682743837084673,0.816130851663847,0.509135623227355
0.068345837799214,0.816291999033116,0.509054119743563
0.0683815648445874,0.816453146402385,0.508997279113
0.0684172918899607,0.816694867456289,0.508968972755337
0.0684172918899607,0.817017162194827,0.508880096095545
0.0684172918899607,0.817258883248731,0.508821731145479
0.0684530189353341,0.817500604302635,0.508682750051264
0.0685244730260807,0.817661751671904,0.508597093226488
0.0685244730260807,0.817903472725808,0.508508058133535
0.0685244730260807,0.818225767464346,0.508403993479404
0.0685602000714541,0.81846748851825,0.508354203349647
0.0685959271168274,0.818709209572154,0.508270403447521
0.0685959271168274,0.818950930626058,0.508249510131499
0.0686316541622008,0.819192651679961,0.508172406046256
0.0687388352983208,0.819273225364596,0.508117818962355
0.0687745623436942,0.819434372733865,0.508034170190156
0.0688102893890675,0.819676093787769,0.507960914027168
0.0688460164344409,0.819917814841673,0.507901738540886
0.0688817434798142,0.820078962210942,0.507861435317707
0.0689174705251876,0.820320683264846,0.50780335012618
0.0689889246159343,0.820481830634115,0.507733428898
0.0690246516613076,0.820723551688019,0.507683129908887
0.0690246516613076,0.820965272741922,0.507640890720622
0.0690961057520543,0.821126420111192,0.507540409385922
0.0691318327974277,0.821368141165095,0.507412364353776
0.0692032868881743,0.82144871484973,0.507382097157926
0.069274740978921,0.821609862218999,0.507327621115954
0.0693104680242944,0.821851583272903,0.507295287767828
0.0693461950696677,0.822012730642172,0.507230270986463
0.0694176491604144,0.822173878011441,0.507210823644075
0.0695248302965345,0.822254451696076,0.507149274230244
0.0695605573419078,0.822415599065345,0.507119762791909
0.0696320114326545,0.822576746434614,0.507028978414179
0.0697034655234012,0.822737893803884,0.506951723771747
0.0698106466595213,0.822818467488518,0.506904803220811
0.0698106466595213,0.823060188542422,0.506866023668748
0.0698463737048946,0.823301909596326,0.506822947892595
0.0698821007502679,0.82354363065023,0.506747868313335
0.0699178277956413,0.823704778019499,0.506697860889408
0.0699535548410146,0.823946499073403,0.506640027432108
0.0699535548410146,0.824268793811941,0.506576231349317
0.0700250089317613,0.824349367496576,0.506552461406645
0.070096463022508,0.824510514865845,0.506437371052201
0.0701321900678814,0.824752235919749,0.506367397767712
0.0701679171132547,0.824993956973652,0.506287305119959
0.0702036441586281,0.825155104342922,0.506255412603548
0.0702036441586281,0.82547739908146,0.50623849550773
0.0702750982493748,0.825638546450729,0.506184874347156
0.0703108252947481,0.825799693819998,0.506076520925953
0.0703465523401215,0.826041414873902,0.505968951347061
0.0703822793854948,0.826283135927806,0.505925749724709
0.0704180064308682,0.826444283297075,0.505836921630701
0.0704894605216149,0.826605430666344,0.505734822748672
0.0705966416577349,0.826686004350979,0.505710506557463
0.0706323687031083,0.826927725404883,0.50564871401078
0.0706680957484816,0.827088872774152,0.505594955523907
0.0707752768846016,0.827169446458787,0.505538506126028
0.0708824580207217,0.827250020143421,0.50545263604798
0.070918185066095,0.82741116751269,0.505425441322381
0.0710253662022151,0.827491741197325,0.505293873838712
0.0710610932475884,0.827733462251229,0.505262115034642
0.0710968202929618,0.827894609620498,0.505202914201237
0.0712397284744552,0.827894609620498,0.505104770918304
0.0712754555198285,0.828136330674402,0.505046463269461
0.0713469096105752,0.828297478043671,0.504962240540611
0.0713826366559486,0.82845862541294,0.504863134702287
0.0714183637013219,0.828700346466844,0.504814418896624
0.0714540907466952,0.828942067520748,0.5047599420265
0.0715612718828153,0.828942067520748,0.504696195180401
0.0716684530189353,0.829022641205382,0.504603469131536
0.0716684530189353,0.829344935943921,0.504563413346821
0.071739907109682,0.829425509628555,0.504504418298014
0.0718470882458021,0.82950608331319,0.504431564549667
0.0718828152911754,0.829747804367094,0.504359100018478
0.0719185423365488,0.829989525420997,0.504317906985474
0.0719899964272955,0.830070099105632,0.504232849640425
0.0720257234726688,0.830311820159536,0.504187365616749
0.0720971775634155,0.830472967528805,0.504117614455402
0.0720971775634155,0.830714688582709,0.504107140564741
0.0722043586995356,0.830795262267343,0.503904478325639
0.0722758127902822,0.830956409636613,0.503801371545939
0.0722758127902822,0.831198130690517,0.503780767127953
0.0723472668810289,0.831359278059786,0.503705174508159
0.0724187209717756,0.831520425429055,0.503622435096942
0.0724901750625223,0.831600999113689,0.503546656384596
0.072561629153269,0.831762146482959,0.503527663575259
0.0726330832440157,0.831923293852228,0.503479569693306
0.0727045373347624,0.832084441221497,0.503419376390579
0.0728117184708825,0.832084441221497,0.503355413956853
0.0728474455162558,0.832326162275401,0.503260368624957
0.0729188996070025,0.83248730964467,0.503159362759958
0.0729546266523758,0.832648457013939,0.50306976219302
0.0730975348338692,0.832648457013939,0.50300174620201
0.0732047159699893,0.832729030698574,0.502913859160418
0.0732404430153626,0.832890178067843,0.50289563843454
0.073276170060736,0.833131899121747,0.502856822570206
0.0733476241514827,0.833293046491016,0.502673222226205
0.073383351196856,0.83353476754492,0.502614513664674
0.0734190782422294,0.833695914914189,0.502574403936553
0.0734905323329761,0.833857062283458,0.502533648667214
0.0735977134690961,0.833937635968093,0.502437673305291
0.0736334405144694,0.834098783337362,0.502333367623207
0.0736691675598428,0.834340504391266,0.502269664465151
0.0737406216505895,0.834501651760535,0.50219004200395
0.0738120757413362,0.83458222544517,0.502148094822495
0.0739192568774562,0.834662799129804,0.501988820320161
0.0739907109682029,0.834823946499073,0.501944238820016
0.0740621650589496,0.834985093868343,0.501893373525918
0.0741336191496963,0.835065667552977,0.501825171034234
0.074205073240443,0.835226814922246,0.501762692458136
0.0743122543765631,0.835307388606881,0.501618921896065
0.0743479814219364,0.83546853597615,0.501553113918721
0.0744551625580565,0.835549109660785,0.50142842592578
0.0745623436941765,0.835629683345419,0.501340534993623
0.0746337977849232,0.835710257030054,0.5012207200197
0.0746695248302965,0.835951978083958,0.501185171448529
0.0747409789210432,0.836113125453227,0.501097771295076
0.0748124330117899,0.836274272822496,0.50104635095881
0.0748481600571633,0.836435420191765,0.500973237206249
0.0749553411932833,0.8365159938764,0.500914804798597
0.07502679528403,0.836677141245669,0.500732982292605
0.0750625223294034,0.836838288614938,0.500701365340877
0.0751339764201501,0.836999435984208,0.500595855595652
0.0752054305108967,0.837160583353477,0.500560818387035
0.0752411575562701,0.837321730722746,0.500476073358505
0.0753126116470168,0.837482878092015,0.500376411201012
0.0754555198285102,0.837482878092015,0.500291401963997
0.0755269739192569,0.83756345177665,0.500203293616418
0.0756698821007503,0.83756345177665,0.500079581861572
0.0757056091461236,0.837805172830554,0.49996667360413
0.0757770632368703,0.837966320199823,0.499903703751192
0.0758127902822437,0.838127467569092,0.499863814323372
0.0759199714183637,0.838208041253726,0.499814704247628
0.0760628795998571,0.838208041253726,0.499734500289782
0.0761700607359771,0.838208041253726,0.499664363341824
0.0762772418720972,0.838288614938361,0.499531054628281
0.0763129689174705,0.838530335992265,0.499462645554092
0.0763486959628439,0.838691483361534,0.499355026761939
0.0764201500535906,0.838852630730803,0.499271827352194
0.076563058235084,0.838852630730803,0.49918151527643
0.0766345123258307,0.839013778100072,0.499110435210449
0.0767059664165773,0.839094351784707,0.499036558688104
0.0768131475526974,0.839174925469342,0.498964851766898
0.0769560557341908,0.839174925469342,0.498907427024284
0.0769917827795641,0.839336072838611,0.498865270837982
0.0770632368703108,0.83949722020788,0.498629791339188
0.0771346909610575,0.839658367577149,0.498562163234975
0.0771346909610575,0.839900088631053,0.498511647596659
0.0772061450518042,0.840061236000322,0.498390617552383
0.0772775991425509,0.840222383369592,0.498358974198783
0.0773490532332976,0.840383530738861,0.498279097279234
0.0774562343694176,0.840383530738861,0.498228395859503
0.0775276884601643,0.84054467810813,0.498108377895377
0.077599142550911,0.840705825477399,0.498057315423533
0.077599142550911,0.840947546531303,0.497961712649671
0.0777063236870311,0.841028120215937,0.497744031701292
0.0777777777777778,0.841189267585207,0.497515983193881
0.0778492318685245,0.841269841269841,0.497477427899347
0.0778849589138978,0.841511562323745,0.497355991478949
0.0779921400500179,0.84159213600838,0.497310454624327
0.0781350482315113,0.84159213600838,0.497235958370969
0.078206502322258,0.841672709693014,0.497187526362751
0.0782779564130046,0.841833857062283,0.496982165622535
0.0782779564130046,0.842156151800822,0.49685727341415
0.0783851375491247,0.842156151800822,0.496737612576081
0.0784923186852447,0.842236725485456,0.49662490060381
0.0785280457306181,0.84247844653936,0.496561568736271
0.0785637727759914,0.842639593908629,0.496477653010416
0.0786709539121115,0.842720167593264,0.496397084491616
0.0787781350482315,0.842800741277899,0.496276494585065
0.0788853161843516,0.842881314962533,0.496188830721768
0.0789924973204716,0.842881314962533,0.496127772747098
0.0790996784565916,0.842961888647168,0.496078085818309
0.0791711325473383,0.843123036016437,0.496052024788276
0.0792783136834584,0.843123036016437,0.495995654989104
0.0793497677742051,0.843284183385706,0.495884822683462
0.0794212218649518,0.843445330754975,0.495865753782694
0.0794926759556985,0.84352590443961,0.495828915567827
0.0795641300464452,0.843687051808879,0.495614952593762
0.0796713111825652,0.843767625493514,0.49550390807701
0.0797427652733119,0.843848199178148,0.495351445548757
0.0798142193640586,0.844009346547418,0.495284960450446
0.0798142193640586,0.844331641285956,0.495224858924701
0.0798856734548053,0.844492788655225,0.495134787241275
0.0799214005001786,0.844653936024494,0.495019445355972
0.080064308681672,0.844653936024494,0.494828154783836
0.0801714898177921,0.844734509709129,0.494761942316091
0.0802786709539121,0.844734509709129,0.494613904917913
0.0803858520900322,0.844815083393764,0.494580436210893
0.0804930332261522,0.844895657078398,0.494533378797117
0.0806002143622722,0.844895657078398,0.494424315384087
0.0807073954983923,0.844976230763033,0.494241662430767
0.0807431225437656,0.845217951816937,0.49412556638343
0.0808145766345123,0.845379099186206,0.494008963467939
0.080886030725259,0.84545967287084,0.493977285028408
0.0810289389067524,0.84545967287084,0.493759636640711
0.0810289389067524,0.845781967609379,0.493705801743216
0.0810646659521258,0.845943114978648,0.493671751843355
0.0811361200428724,0.846104262347917,0.493565350223392
0.0811718470882458,0.846345983401821,0.493469113723411
0.0812075741336191,0.84650713077109,0.493414631992567
0.0812433011789925,0.846748851824994,0.493232135165372
0.0813147552697392,0.846909999194263,0.493096129712511
0.0813862093604859,0.847071146563532,0.492991477758074
0.0814933904966059,0.847071146563532,0.492948602219864
0.0815648445873526,0.847232293932802,0.49287750349955
0.0816362986780993,0.847393441302071,0.49282284969753
0.0816720257234727,0.84755458867134,0.492768841452303
0.0818149339049661,0.84755458867134,0.492637541679537
0.0818863879957128,0.847715736040609,0.492569708937763
0.0819935691318328,0.847715736040609,0.492470496198512
0.0821007502679528,0.847796309725244,0.49225784784558
0.0822079314040729,0.847876883409878,0.492163630586585
0.0823151125401929,0.847957457094513,0.492048982886581
0.0823865666309396,0.848038030779148,0.49198594995504
0.0824580207216863,0.848199178148417,0.49178876253778
0.0826009289031797,0.848199178148417,0.491635702567223
0.0826366559485531,0.848360325517686,0.49161706606916
0.0827081100392997,0.848521472886955,0.491537204602536
0.0827081100392997,0.848843767625494,0.491342834811284
0.0827795641300464,0.848924341310128,0.491211137712347
0.0828867452661665,0.849004914994763,0.491105142738219
0.0829939264022865,0.849085488679397,0.490938963938264
0.0830653804930332,0.849166062364032,0.490890274875601
0.0831725616291533,0.849246636048666,0.490611557227306
0.0832082886745266,0.84948835710257,0.490573593137841
0.0832797427652733,0.84964950447184,0.490434285802847
0.0833869239013934,0.84964950447184,0.490335827247008
0.0834583779921401,0.849810651841109,0.490282974598748
0.0836012861736334,0.849810651841109,0.490205858101907
0.0836370132190068,0.849971799210378,0.490032447451837
0.0837084673097535,0.850132946579647,0.489754107451803
0.0837799214005002,0.850294093948916,0.489628246523538
0.0838156484458735,0.850455241318186,0.489560323093122
0.0838871025366202,0.850616388687455,0.48945087643014
0.0840300107181136,0.850616388687455,0.4893516370609
0.0841014648088603,0.850777536056724,0.489192617520614
0.0842086459449804,0.850777536056724,0.489133012585095
0.084280100035727,0.850938683425993,0.489068065513341
0.0843515541264737,0.851099830795262,0.488880001401578
0.0844587352625938,0.851099830795262,0.488844180304071
0.0845659163987138,0.851180404479897,0.488676836305216
0.0846730975348339,0.851260978164532,0.488596583102506
0.0847445516255806,0.851341551849166,0.488522835594926
0.0848517327617006,0.851422125533801,0.488411011479579
0.0849589138978206,0.851502699218435,0.488351439876999
0.0850303679885673,0.851663846587704,0.488193543168428
0.085101822079314,0.851744420272339,0.488120565994368
0.0852090032154341,0.851824993956974,0.488037500379313
0.0853519113969275,0.851824993956974,0.487966263218459
0.0853876384423008,0.851986141326243,0.487903744977201
0.0855305466237942,0.851986141326243,0.487712743847068
0.0856020007145409,0.852147288695512,0.487546080357352
0.0856734548052876,0.852227862380147,0.487514373861801
0.0857449088960343,0.852389009749416,0.487383851116274
0.0858520900321543,0.85246958343405,0.487297835279769
0.0859592711682744,0.852550157118685,0.487016467813364
0.0859949982136477,0.852711304487954,0.486993750252411
0.0861021793497678,0.852791878172589,0.486859476970379
0.0861379063951411,0.853033599226493,0.486828110323095
0.0861736334405145,0.853194746595762,0.486740090902729
0.0863165416220079,0.853194746595762,0.486638129997049
0.0863522686673812,0.853436467649666,0.486519036250164
0.0863522686673812,0.853678188703569,0.486308747583105
0.0864951768488746,0.853678188703569,0.486225366209111
0.0866023579849946,0.853758762388204,0.486127927487977
0.0867095391211147,0.853839336072839,0.486009224542113
0.0868167202572347,0.853839336072839,0.485962112087656
0.0868881743479814,0.854000483442108,0.485675230651157
0.0869953554841015,0.854081057126742,0.485536130982743
0.0869953554841015,0.854322778180646,0.485469865405982
0.0870668095748482,0.854483925549915,0.485324895770986
0.0871739907109682,0.85456449923455,0.485211858825215
0.0872454448017149,0.854645072919185,0.485087729643463
0.0873168988924616,0.854806220288454,0.484921062238111
0.0873883529832083,0.854967367657723,0.484792522322337
0.0874955341193283,0.854967367657723,0.484624077947556
0.087566988210075,0.855128515026992,0.484484568677936
0.0876741693461951,0.855209088711627,0.484426848217457
0.0878170775276885,0.855209088711627,0.48417854587345
0.0878885316184352,0.855289662396261,0.484036975120703
0.0880314397999285,0.855289662396261,0.483907909031138
0.0881028938906752,0.855450809765531,0.48380103535726
0.0881743479814219,0.855531383450165,0.483717667748455
0.088281529117542,0.8556119571348,0.483600455724913
0.0883529832082887,0.855773104504069,0.483401332322313
0.0884244372990354,0.855853678188704,0.483206134284289
0.0885316184351554,0.855934251873338,0.482939809607485
0.0886030725259021,0.856095399242607,0.482871423267189
0.0887102536620221,0.856175972927242,0.482689530924247
0.0888174347981422,0.856175972927242,0.482619496649802
0.0888531618435155,0.856417693981146,0.482523529519745
0.0889960700250089,0.856417693981146,0.482294415135958
0.0890317970703823,0.856578841350415,0.482279289545095
0.0891747052518757,0.856578841350415,0.482113399137969
0.0892818863879957,0.856659415035049,0.481966212643721
0.0893890675241158,0.856659415035049,0.481858421307751
0.0894962486602358,0.856739988719684,0.481708205213764
0.0895677027509825,0.856901136088953,0.48167366948609
0.0896034297963558,0.857142857142857,0.481568200818536
0.0896748838871025,0.857223430827492,0.481436037132608
0.0897820650232226,0.857304004512126,0.48133636004136
0.0898892461593426,0.857384578196761,0.481251224215815
0.0899607002500893,0.857465151881395,0.481180129102082
0.090032154340836,0.857626299250665,0.481028042054978
0.0901393354769561,0.857706872935299,0.480724270407598
0.0902107895677027,0.857787446619934,0.480611755664822
0.0902465166130761,0.858029167673838,0.480547948935994
0.0902465166130761,0.858351462412376,0.480403285716388
0.0903536977491961,0.858432036097011,0.480321379340467
0.0904251518399428,0.858512609781645,0.480235655824951
0.0905323329760629,0.85859318346628,0.480164950724258
0.0906037870668096,0.858754330835549,0.479975210981016
0.0906752411575563,0.858834904520184,0.479951469097807
0.0907109682029296,0.859076625574087,0.479832224564358
0.090746695248303,0.859318346627991,0.479637012626477
0.0908181493390497,0.859398920312626,0.479566720827137
0.0909253304751697,0.859479493997261,0.479427611801319
0.0909610575205431,0.859721215051164,0.47925369758654
0.0909967845659164,0.859962936105068,0.479080708408584
0.0910682386566631,0.860043509789703,0.4790061359155
0.0911396927474098,0.860204657158972,0.478935966451443
0.0912468738835298,0.860285230843607,0.478656027615391
0.0913540550196499,0.860285230843607,0.478589843090018
0.0914612361557699,0.860365804528241,0.478540769794086
0.0916041443372633,0.860365804528241,0.478387140983035
0.0916398713826367,0.86052695189751,0.478173642626184
0.0917470525187567,0.860607525582145,0.478094474768502
0.0918542336548767,0.860688099266779,0.477989170678139
0.0919614147909968,0.860688099266779,0.477833121117307
0.0920685959271168,0.860768672951414,0.477582795486644
0.0921400500178635,0.860929820320683,0.477242593690963
0.0922472311539836,0.861010394005318,0.477053676213403
0.0923186852447303,0.861090967689952,0.476939009314777
0.092390139335477,0.861252115059222,0.476843324144904
0.092497320471597,0.861332688743856,0.476714761184915
0.0925687745623437,0.861413262428491,0.47655011491029
0.0927116827438371,0.861413262428491,0.476476129869453
0.0927831368345838,0.86157440979776,0.476415364435157
0.0928545909253305,0.861654983482395,0.476322592254441
0.0929617720614505,0.861735557167029,0.476140657879602
0.0930332261521972,0.861896704536298,0.47607574200185
0.0931046802429439,0.862057851905568,0.475993217923868
0.093211861379064,0.862057851905568,0.475961731703897
0.093319042515184,0.862138425590202,0.475725696215457
0.093426223651304,0.862218999274837,0.475599911413797
0.0934976777420507,0.862299572959471,0.475443567691693
0.0935691318327974,0.862460720328741,0.47536449209487
0.0936405859235441,0.86262186769801,0.475272675126048
0.0937477670596642,0.86262186769801,0.475159731334959
0.0938906752411576,0.86262186769801,0.475117830848301
0.0940335834226509,0.86262186769801,0.475002793306781
0.0941764916041443,0.86262186769801,0.474940656597238
0.0942836727402644,0.86262186769801,0.474901547342961
0.0943908538763844,0.862702441382644,0.474761967517482
0.0945337620578778,0.862702441382644,0.474673880344773
0.0946409431939979,0.862702441382644,0.474592710963813
0.0947838513754913,0.862702441382644,0.4745429108245
0.0947838513754913,0.863024736121183,0.474340524620512
0.0948910325116113,0.863024736121183,0.474256862776423
0.0949982136477313,0.863105309805817,0.474109641839966
0.0950339406931047,0.863347030859721,0.473976819513162
0.0951411218292247,0.863427604544356,0.473852869991721
0.0952125759199714,0.86350817822899,0.473832503083646
0.0953197570560915,0.863588751913625,0.473689507196387
0.0954269381922115,0.86366932559826,0.473597171778493
0.0955341193283315,0.86366932559826,0.473490639226157
0.0956413004644516,0.863749899282894,0.473308766353224
0.0957484816005716,0.863830472967529,0.473220564135263
0.0958199356913183,0.863911046652163,0.473184829928653
0.0959271168274384,0.863991620336798,0.473043524190866
0.0960700250089318,0.863991620336798,0.472982252451023
0.0961772061450518,0.863991620336798,0.472920684628082
0.0962129331904251,0.864233341390702,0.472826076677826
0.0963201143265452,0.864313915075336,0.472688991728637
0.0964272954626652,0.864394488759971,0.472592192320936
0.0964987495534119,0.864475062444606,0.472532263658174
0.0965702036441586,0.864636209813875,0.472356734952039
0.096713111825652,0.864636209813875,0.472268175980139
0.0967845659163987,0.864716783498509,0.472098859150566
0.0968917470525188,0.864797357183144,0.471945967769371
0.0969274740978921,0.865039078237048,0.471818350344885
0.0970346552340121,0.865039078237048,0.471768411553869
0.0971061093247588,0.865200225606317,0.471624501323999
0.0972490175062522,0.865200225606317,0.471442739404268
0.0973561986423723,0.865280799290952,0.471332696310512
0.0974633797784923,0.865280799290952,0.471272528110542
0.0976062879599857,0.865280799290952,0.471093683145458
0.0976420150053591,0.865522520344855,0.471059605587589
0.0977491961414791,0.865522520344855,0.471034341184843
0.0978921043229725,0.865522520344855,0.470859682778874
0.0980350125044659,0.865522520344855,0.470763767829421
0.0981064665952126,0.86560309402949,0.470650989815836
0.0982136477313326,0.865683667714125,0.470600903745636
0.098356555912826,0.865683667714125,0.470504972728917
0.0984280100035727,0.865844815083394,0.47042634192207
0.0985351911396928,0.865844815083394,0.470370882676032
0.0986780993211861,0.865844815083394,0.470243280543576
0.0987138263665595,0.866086536137298,0.470111158267464
0.0987852804573062,0.866167109821932,0.470064861329132
0.0988567345480529,0.866328257191201,0.469977162812143
0.0989281886387996,0.866489404560471,0.469742713562841
0.0990353697749196,0.866489404560471,0.469642191038652
0.0991425509110397,0.866569978245105,0.469578381293939
0.0992497320471597,0.86665055192974,0.469435552765495
0.0993926402286531,0.86665055192974,0.469256471023018
0.0994640943193998,0.866731125614374,0.46912966082858
0.0995355484101465,0.866892272983644,0.468962085761358
0.0996784565916399,0.866892272983644,0.468854417624784
0.0997856377277599,0.866892272983644,0.468833739563824
0.09989281886388,0.866972846668278,0.468711037263484
0.0999642729546266,0.867133994037547,0.468610045740619
0.100071454090747,0.867133994037547,0.468569483832458
0.10021436227224,0.867133994037547,0.46844505481958
0.100357270453733,0.867133994037547,0.468313814231123
0.100464451589854,0.867214567722182,0.468239570223453
0.100571632725974,0.867214567722182,0.468205469765511
0.100714540907467,0.867214567722182,0.468052428643234
0.100821722043587,0.867295141406817,0.467978644903917
0.100928903179707,0.867295141406817,0.467885323007381
0.1010718113612,0.867295141406817,0.467782759372574
0.101214719542694,0.867295141406817,0.467631638667657
0.101286173633441,0.867375715091451,0.467549148431132
0.101393354769561,0.867456288776086,0.467422879683698
0.101464808860307,0.867617436145355,0.467296860018072
0.101536262951054,0.86769800982999,0.467136372153466
0.101643444087174,0.867778583514624,0.466833350903062
0.101714898177921,0.867939730883893,0.466631962843397
0.101822079314041,0.868020304568528,0.466590024102967
0.101929260450161,0.868020304568528,0.466534225717399
0.102072168631654,0.868020304568528,0.466411305672572
0.102179349767774,0.868100878253163,0.466384795301699
0.102250803858521,0.868181451937797,0.46624719490817
0.102393712040014,0.868181451937797,0.466110237046877
0.102465166130761,0.868342599307066,0.466011579509332
0.102572347266881,0.868342599307066,0.465916776934283
0.102643801357628,0.868503746676336,0.465819473996732
0.102786709539121,0.868503746676336,0.465721202822385
0.102893890675241,0.86858432036097,0.465648163046511
0.103001071811361,0.86858432036097,0.465537133175476
0.103143979992855,0.86858432036097,0.465481232441968
0.103251161128975,0.868664894045605,0.465384555748688
0.103322615219721,0.868745467730239,0.465295763457781
0.103465523401215,0.868745467730239,0.465171107035182
0.103572704537335,0.868826041414874,0.465087933612908
0.103679885673455,0.868826041414874,0.465014632223063
0.103822793854948,0.868826041414874,0.464919015907118
0.103894247945695,0.868987188784143,0.464847954196143
0.103929974991068,0.869228909838047,0.46468496063735
0.104001429081815,0.869309483522681,0.464639551430282
0.104108610217935,0.869390057207316,0.464614182342877
0.104215791354055,0.869470630891951,0.464503206743282
0.104287245444802,0.869551204576585,0.464417459690963
0.104430153626295,0.869551204576585,0.464332742925036
0.104501607717042,0.869712351945855,0.464235314804914
0.104573061807788,0.869792925630489,0.46413396079504
0.104715969989282,0.869792925630489,0.464080266558865
0.104823151125402,0.869873499315124,0.463989038300043
0.104966059306895,0.869873499315124,0.463929936551005
0.105037513397642,0.869954072999758,0.46380827760374
0.105180421579135,0.869954072999758,0.463771520287157
0.105287602715255,0.870034646684393,0.46370772741885
0.105394783851375,0.870034646684393,0.463539866606103
0.105537692032869,0.870034646684393,0.463395948675507
0.105644873168989,0.870115220369027,0.463325156775424
0.105752054305109,0.870115220369027,0.463193956566148
0.105894962486602,0.870115220369027,0.463056123361786
0.105966416577349,0.870276367738297,0.462961289044121
0.106073597713469,0.870276367738297,0.462898117318551
0.106216505894962,0.870276367738297,0.462717977102756
0.106323687031083,0.870356941422931,0.462564584943847
0.106430868167203,0.870437515107566,0.462478781527221
0.106502322257949,0.8705180887922,0.462330363673457
0.106645230439443,0.8705180887922,0.462268028810294
0.106788138620936,0.8705180887922,0.462145076306495
0.106788138620936,0.870759809846104,0.461998011159907
0.106895319757056,0.870840383530739,0.461903395889933
0.107038227938549,0.870840383530739,0.461839501948355
0.107109682029296,0.870920957215373,0.461762034020172
0.107181136120043,0.871082104584643,0.461625160331596
0.107288317256163,0.871162678269277,0.46157886587489
0.107431225437656,0.871162678269277,0.461503381613989
0.107502679528403,0.871243251953912,0.4614276198979
0.107645587709896,0.871243251953912,0.461326341041065
0.10778849589139,0.871243251953912,0.461151135989464
0.107859949982136,0.871323825638546,0.461083685283792
0.107967131118257,0.871404399323181,0.461018393682028
0.108074312254377,0.871484973007816,0.460871424783301
0.108181493390497,0.871484973007816,0.460771370390533
0.108252947481243,0.871646120377085,0.460719844750741
0.108360128617363,0.871726694061719,0.460611754761285
0.108467309753483,0.871807267746354,0.460514341306078
0.10853876384423,0.871887841430989,0.46043038466751
0.108681672025723,0.871887841430989,0.460321194054679
0.108824580207217,0.871887841430989,0.46014988069605
0.108931761343337,0.871887841430989,0.460054097917276
0.109038942479457,0.871968415115623,0.459963784616396
0.10918185066095,0.871968415115623,0.459859180112448
0.109253304751697,0.872048988800258,0.459807635161297
0.109360485887817,0.872129562484892,0.459635816495763
0.10950339406931,0.872129562484892,0.459427622425696
0.109610575205431,0.872210136169527,0.459339030522572
0.109717756341551,0.872210136169527,0.459272801670413
0.109824937477671,0.872290709854162,0.459170858560781
0.109967845659164,0.872290709854162,0.459042913748445
0.110039299749911,0.872371283538796,0.458868838625239
0.110182207931404,0.872371283538796,0.458752662533881
0.110289389067524,0.872451857223431,0.458506910396536
0.110360843158271,0.872532430908065,0.458414356648772
0.110503751339764,0.872532430908065,0.458278786233496
0.110610932475884,0.8726130045927,0.458184332651615
0.110718113612004,0.872693578277335,0.458123397508516
0.110753840657378,0.872854725646604,0.458097986874219
0.110896748838871,0.872854725646604,0.457924803940999
0.110968202929618,0.873015873015873,0.457785359991385
0.111039657020364,0.873096446700508,0.457746282942387
0.111182565201858,0.873096446700508,0.457667276096874
0.111289746337978,0.873177020385142,0.457568817582537
0.111396927474098,0.873177020385142,0.457519220958145
0.111504108610218,0.873257594069777,0.457476991207317
0.111611289746338,0.873338167754411,0.457361904794832
0.111718470882458,0.873338167754411,0.457304578475737
0.111825652018578,0.873418741439046,0.457202723175799
0.111897106109325,0.873579888808315,0.457030510795221
0.112040014290818,0.873579888808315,0.456929344072406
0.112111468381565,0.87366046249295,0.456798368881481
0.112254376563058,0.87366046249295,0.45671579856189
0.112397284744552,0.87366046249295,0.456596786972545
0.112504465880672,0.87366046249295,0.456488447024362
0.112647374062165,0.87366046249295,0.456415569928434
0.112718828152912,0.873821609862219,0.456197845606616
0.112826009289032,0.873821609862219,0.456169675509577
0.112968917470525,0.873821609862219,0.456133035195067
0.113111825652019,0.873821609862219,0.45602185216355
0.113219006788139,0.873902183546854,0.455937198362965
0.113326187924259,0.873902183546854,0.455790156520673
0.113433369060379,0.873982757231488,0.45567249446479
0.113504823151125,0.874143904600757,0.455433907791137
0.113576277241872,0.874224478285392,0.455386132828423
0.113683458377992,0.874305051970027,0.455325040822555
0.113754912468739,0.874466199339296,0.455260488909571
0.113790639514112,0.874627346708565,0.455229614148255
0.113897820650232,0.8747079203932,0.455189652145312
0.114005001786352,0.874788494077834,0.455156807785299
0.114147909967846,0.874788494077834,0.455076062112267
0.114255091103966,0.874788494077834,0.454980599387138
0.114397999285459,0.874788494077834,0.454705672752425
0.114540907466952,0.874788494077834,0.454598593500218
0.114648088603073,0.874788494077834,0.454547100796238
0.114719542693819,0.874949641447103,0.454380868429512
0.114826723829939,0.875030215131738,0.454217490074348
0.114933904966059,0.875030215131738,0.454137210869164
0.115076813147553,0.875030215131738,0.454061620364512
0.115183994283673,0.875110788816373,0.454002830604435
0.115326902465166,0.875110788816373,0.453803868992535
0.115434083601286,0.875110788816373,0.453779617989867
0.11557699178278,0.875110788816373,0.45366481199179
0.115719899964273,0.875110788816373,0.453547393886098
0.11579135405502,0.875191362501007,0.453480035388419
0.115827081100393,0.875433083554911,0.453418088061516
0.115969989281886,0.875433083554911,0.453259261058154
0.11600571632726,0.87559423092418,0.453189559393752
0.116148624508753,0.87559423092418,0.453042336138258
0.1162200785995,0.875755378293449,0.452902939778666
0.11632725973562,0.875755378293449,0.452828553053408
0.11643444087174,0.875835951978084,0.452759543548152
0.116577349053233,0.875835951978084,0.452627734031322
0.116684530189353,0.875916525662719,0.452463126327401
0.116791711325473,0.875916525662719,0.452422346527071
0.116898892461593,0.875997099347353,0.452377195058124
0.117006073597713,0.876077673031988,0.452289569173925
0.117113254733834,0.876077673031988,0.452218288073418
0.117220435869954,0.876158246716622,0.452164166901526
0.117327617006074,0.876238820401257,0.452069308489151
0.117434798142194,0.876238820401257,0.452032385269035
0.117577706323687,0.876238820401257,0.451790265656929
0.117684887459807,0.876319394085892,0.451724610601142
0.1178277956413,0.876319394085892,0.451680756804042
0.117899249732047,0.876399967770526,0.451622912185011
0.118006430868167,0.876480541455161,0.45155904588258
0.118149339049661,0.876480541455161,0.451500414472157
0.118220793140407,0.876561115139795,0.451335191594772
0.118363701321901,0.876561115139795,0.451178185117816
0.118506609503394,0.876561115139795,0.451016735392859
0.118578063594141,0.87664168882443,0.450904978236128
0.118720971775634,0.87664168882443,0.450721699771949
0.118863879957128,0.87664168882443,0.450625005051841
0.118971061093248,0.876722262509064,0.450474645996756
0.119006788138621,0.876883409878334,0.450434395455577
0.119113969274741,0.876963983562968,0.450360857805901
0.119256877456234,0.876963983562968,0.45027333074657
0.119328331546981,0.877044557247603,0.450170969092995
0.119471239728474,0.877044557247603,0.450039530423725
0.119614147909968,0.877044557247603,0.449929925136195
0.119721329046088,0.877044557247603,0.449848712549385
0.119864237227581,0.877044557247603,0.449685473904691
0.120007145409075,0.877044557247603,0.44951365468305
0.120078599499821,0.877205704616872,0.449440816514565
0.120150053590568,0.877286278301507,0.449367004069548
0.120292961772061,0.877286278301507,0.449266492429666
0.120400142908181,0.877366851986141,0.44918270164101
0.120507324044302,0.877366851986141,0.449118947798491
0.120614505180422,0.877447425670776,0.44899078447352
0.120650232225795,0.87768914672468,0.448917840820615
0.120721686316542,0.877769720409314,0.448878156341647
0.120828867452662,0.877850294093949,0.448827127041501
0.120971775634155,0.877850294093949,0.448750327271196
0.121114683815648,0.877850294093949,0.448624914029187
0.121221864951768,0.877850294093949,0.448550697624049
0.121329046087889,0.877930867778584,0.448385664768015
0.121471954269382,0.877930867778584,0.44826175800084
0.121579135405502,0.877930867778584,0.448183365364071
0.121650589496249,0.878092015147853,0.448038787793677
0.121793497677742,0.878092015147853,0.447983174961234
0.121829224723115,0.878253162517122,0.44788977924386
0.121972132904609,0.878253162517122,0.447810905127136
0.122079314040729,0.878333736201756,0.447751284398968
0.122186495176849,0.878333736201756,0.447646465220623
0.122329403358342,0.878333736201756,0.447482430761982
0.122400857449089,0.878494883571026,0.447366798651831
0.122508038585209,0.87857545725566,0.447132227127368
0.122615219721329,0.87857545725566,0.447048680995545
0.122686673812076,0.87873660462493,0.446827309487209
0.122793854948196,0.878817178309564,0.446721424753393
0.122901036084316,0.878817178309564,0.446698585020154
0.123043944265809,0.878817178309564,0.446559739724966
0.123186852447303,0.878817178309564,0.446496196007544
0.123258306538049,0.878897751994199,0.446418235378909
0.123365487674169,0.878978325678833,0.44635267349795
0.123472668810289,0.879058899363468,0.446233876172937
0.123579849946409,0.879139473048102,0.446102020482113
0.123687031082529,0.879139473048102,0.446081893662189
0.123829939264023,0.879139473048102,0.445954660826129
0.123972847445516,0.879139473048102,0.445820390644235
0.124080028581636,0.879139473048102,0.445693869095008
0.12422293676313,0.879139473048102,0.445633029374095
0.12433011789925,0.879220046732737,0.44542833894545
0.12443729903537,0.879220046732737,0.445389497053467
0.124580207216863,0.879220046732737,0.4452561514935
0.124615934262237,0.879461767786641,0.445180259133341
0.124723115398357,0.879542341471276,0.445110682038949
0.124830296534477,0.879542341471276,0.445012150195114
0.124901750625223,0.879703488840545,0.44488842999053
0.125008931761343,0.879784062525179,0.444727058774447
0.125008931761343,0.880025783579083,0.444625312239268
0.125116112897463,0.880106357263718,0.444594882877608
0.12518756698821,0.880267504632987,0.444487701315054
0.125223294033583,0.880428652002256,0.444395329191586
0.125366202215077,0.880428652002256,0.444273825994812
0.12550911039657,0.880428652002256,0.444112371289323
0.12561629153269,0.880509225686891,0.44403132286363
0.12572347266881,0.880509225686891,0.443955735401975
0.12583065380493,0.880589799371525,0.443661976010167
0.125973561986424,0.880589799371525,0.443530799191692
0.126080743122544,0.880589799371525,0.443461770784247
0.126223651304037,0.880589799371525,0.443376302014079
0.126366559485531,0.880589799371525,0.443314371846304
0.126473740621651,0.880589799371525,0.443252557040571
0.126545194712397,0.880750946740794,0.443181547767489
0.126616648803144,0.880912094110064,0.442956457908952
0.126723829939264,0.880912094110064,0.442891803113737
0.126866738120757,0.880912094110064,0.442672876041638
0.127009646302251,0.880912094110064,0.442595992073604
0.127116827438371,0.880992667794698,0.442419170789585
0.127152554483744,0.881153815163967,0.44228568118406
0.127259735619864,0.881234388848602,0.442222758349826
0.127366916755984,0.881314962533237,0.442142033818006
0.127474097892104,0.881314962533237,0.442090482150368
0.127581279028224,0.881395536217871,0.441936830785339
0.127724187209718,0.881395536217871,0.441819246163865
0.127831368345838,0.881395536217871,0.441702582071491
0.127974276527331,0.881395536217871,0.441536337702286
0.128081457663451,0.881476109902506,0.441521418795302
0.128117184708825,0.88171783095641,0.441419175628859
0.128224365844945,0.88171783095641,0.44115929476595
0.128295819935691,0.881878978325679,0.440954564403613
0.128403001071811,0.881959552010313,0.440840366940922
0.128510182207931,0.881959552010313,0.440738718176035
0.128653090389425,0.881959552010313,0.440585438701362
0.128795998570918,0.881959552010313,0.440496280505288
0.128903179707038,0.881959552010313,0.440402355125235
0.129010360843158,0.882040125694948,0.440348289601318
0.129117541979278,0.882120699379583,0.44029308609142
0.129260450160772,0.882120699379583,0.440217972810335
0.129367631296892,0.882120699379583,0.44010784421471
0.129439085387638,0.882281846748852,0.439952157223647
0.129581993569132,0.882281846748852,0.439639860062783
0.129689174705252,0.882281846748852,0.439615339725916
0.129796355841372,0.882362420433486,0.439524586852085
0.129867809932119,0.882523567802756,0.439231636159455
0.129939264022865,0.88260414148739,0.439129029431725
0.130046445158985,0.882684715172025,0.43894018262563
0.130189353340479,0.882684715172025,0.438827215430864
0.130332261521972,0.882684715172025,0.438751879408726
0.130439442658092,0.882684715172025,0.438727018734467
0.130582350839586,0.882684715172025,0.438669989925079
0.130653804930332,0.882845862541294,0.438517638291211
0.130760986066452,0.882845862541294,0.438476155347984
0.130868167202572,0.882926436225929,0.438287550591259
0.130975348338692,0.883007009910563,0.438106585464085
0.131082529474812,0.883007009910563,0.43783805946633
0.131153983565559,0.883168157279832,0.43773596911646
0.131296891747053,0.883168157279832,0.437674067608494
0.131404072883173,0.883248730964467,0.437579097508883
0.131475526973919,0.883329304649102,0.43756181818784
0.131618435155413,0.883329304649102,0.43742200050585
0.131689889246159,0.883490452018371,0.437347083712219
0.131761343336906,0.883571025703005,0.437139306298938
0.131868524473026,0.88365159938764,0.436997462711213
0.131904251518399,0.883893320441544,0.436811722146083
0.131939978563773,0.884054467810813,0.436748797019763
0.132047159699893,0.884135041495448,0.436566076467339
0.132154340836013,0.884215615180082,0.436284427476156
0.132261521972133,0.884215615180082,0.436229462885336
0.13233297606288,0.884376762549351,0.43616185265484
0.132475884244373,0.884376762549351,0.435991837419372
0.132511611289746,0.884618483603255,0.435911448715644
0.132618792425866,0.884618483603255,0.435832850769171
0.132725973561986,0.88469905728789,0.435735262100879
0.13286888174348,0.88469905728789,0.435595781517637
0.132940335834227,0.884779630972524,0.435506555029901
0.133047516970347,0.884860204657159,0.435405659582354
0.133154698106467,0.884940778341794,0.435301540970656
0.13319042515184,0.885101925711063,0.435162152930668
0.133333333333333,0.885101925711063,0.435015567911957
0.133476241514827,0.885101925711063,0.434874076755703
0.133583422650947,0.885182499395697,0.434788548207495
0.13361914969632,0.885343646764967,0.434701587686371
0.133690603787067,0.885504794134236,0.434552046982617
0.13383351196856,0.885504794134236,0.434430541478798
0.13394069310468,0.885504794134236,0.434380893066805
0.134083601286174,0.885504794134236,0.434208933143152
0.13415505537692,0.885665941503505,0.434066619364786
0.13426223651304,0.885665941503505,0.433874462833952
0.134405144694534,0.885665941503505,0.433688585610754
0.134548052876027,0.885665941503505,0.433568085631599
0.134655234012147,0.88574651518814,0.433463534675594
0.134726688102894,0.885827088872774,0.433399433975827
0.134869596284387,0.885827088872774,0.433167914218595
0.135012504465881,0.885827088872774,0.433010350956518
0.135119685602001,0.885827088872774,0.432850301847605
0.135191139692747,0.885988236242043,0.43273723734826
0.135226866738121,0.886229957295947,0.432663468838536
0.135334047874241,0.886229957295947,0.432513774609795
0.135476956055734,0.886229957295947,0.432437575570714
0.135619864237228,0.886229957295947,0.432358460573335
0.135762772418721,0.886229957295947,0.432242805450146
0.135798499464094,0.886391104665216,0.43213308664443
0.135941407645588,0.886391104665216,0.431979963488579
0.136012861736334,0.886552252034486,0.431783692541044
0.136084315827081,0.88663282571912,0.431681522318772
0.136227224008574,0.88663282571912,0.431624601332376
0.136370132190068,0.88663282571912,0.431519051406735
0.136477313326188,0.88663282571912,0.431273910810426
0.136620221507681,0.88663282571912,0.431096838835155
0.136691675598428,0.886793973088389,0.43095248697084
0.136834583779921,0.886793973088389,0.43088349514599
0.136870310825295,0.886955120457659,0.430780270707421
0.137013219006788,0.886955120457659,0.430562297395312
0.137120400142908,0.887035694142293,0.430437513138489
0.137191854233655,0.887116267826928,0.430279024898944
0.137334762415148,0.887116267826928,0.43021461204395
0.137441943551268,0.887196841511562,0.43007515969696
0.137477670596642,0.887357988880832,0.429984786309823
0.137620578778135,0.887357988880832,0.429761504145144
0.137763486959628,0.887357988880832,0.429394093461305
0.137834941050375,0.887438562565466,0.429355595702546
0.137977849231869,0.887438562565466,0.429225015852534
0.138085030367989,0.887519136250101,0.429126495045781
0.138156484458735,0.88768028361937,0.428943499287645
0.138263665594855,0.88768028361937,0.428892455545676
0.138406573776349,0.88768028361937,0.428832341834304
0.138513754912469,0.887760857304005,0.428590949228576
0.138585209003215,0.887841430988639,0.428362269674236
0.138728117184709,0.887841430988639,0.428120403623613
0.138871025366202,0.887841430988639,0.428032024373218
0.138906752411576,0.888002578357908,0.427912906813166
0.139013933547696,0.888083152042543,0.42767765154788
0.139121114683816,0.888163725727177,0.427605618133036
0.139264022865309,0.888163725727177,0.427490148573562
0.139371204001429,0.888163725727177,0.427404509083619
0.139514112182922,0.888163725727177,0.427269819601826
0.139621293319043,0.888244299411812,0.427130220570769
0.139728474455163,0.888244299411812,0.427043437034641
0.139835655591283,0.888324873096447,0.426939467529776
0.139978563772776,0.888324873096447,0.426795392282539
0.140085744908896,0.888324873096447,0.426745972628884
0.140192926045016,0.888405446781081,0.426670512664331
0.140264380135763,0.88856659415035,0.426545859500363
0.140371561271883,0.888647167834985,0.426347950069088
0.140478742408003,0.888647167834985,0.426312589255197
0.140621650589496,0.888647167834985,0.426193351156776
0.140728831725616,0.88872774151962,0.426085554581061
0.140836012861736,0.88872774151962,0.425924797366449
0.14097892104323,0.88872774151962,0.425727366737147
0.141121829224723,0.88872774151962,0.425516669860313
0.141229010360843,0.88872774151962,0.425418917662062
0.14130046445159,0.888888888888889,0.425337527817963
0.141443372633083,0.888888888888889,0.425234092544091
0.14151482672383,0.889050036258158,0.424925862731957
0.141550553769203,0.889211183627427,0.424775217946518
0.14162200785995,0.889372330996696,0.424491086260139
0.141764916041443,0.889372330996696,0.424231269098322
0.141872097177563,0.889372330996696,0.424154803996263
0.141979278313683,0.889452904681331,0.42405119441853
0.142122186495177,0.889452904681331,0.424016187306835
0.142229367631297,0.889452904681331,0.423920335606907
0.14237227581279,0.889452904681331,0.423841329301666
0.142515183994284,0.889452904681331,0.423789237579596
0.142622365130404,0.889452904681331,0.42362213748696
0.142765273311897,0.889452904681331,0.423490580401036
0.14280100035727,0.889694625735235,0.423446967783602
0.142943908538764,0.889694625735235,0.423133781170807
0.142979635584137,0.889855773104504,0.422987962328706
0.143086816720257,0.889936346789139,0.422838203318476
0.143193997856377,0.890016920473773,0.422511213063124
0.143301178992497,0.890016920473773,0.422364118706334
0.143372633083244,0.890178067843042,0.422293074108457
0.143479814219364,0.890258641527677,0.42222394043596
0.143515541264737,0.890419788896946,0.422101464876404
0.143658449446231,0.890419788896946,0.421878418317257
0.143765630582351,0.890500362581581,0.421716068211347
0.143908538763844,0.890500362581581,0.421411979113595
0.143944265809218,0.89066150995085,0.421326062510046
0.144087173990711,0.89066150995085,0.421236825921808
0.144194355126831,0.890742083635485,0.421217103597871
0.144230082172204,0.890903231004754,0.421181126091972
0.144337263308324,0.890983804689388,0.421091803092443
0.144408717399071,0.891144952058658,0.420977110764624
0.144515898535191,0.891144952058658,0.420794278024516
0.144658806716685,0.891144952058658,0.420572374744268
0.144765987852805,0.891225525743292,0.420394368202999
0.144873168988925,0.891306099427927,0.4203360228029
0.144980350125045,0.891306099427927,0.4201583566179
0.145123258306538,0.891306099427927,0.420004891112651
0.145230439442658,0.891386673112561,0.419896954566292
0.145301893533405,0.891467246797196,0.419752580867898
0.145444801714898,0.891467246797196,0.419557276443224
0.145587709896392,0.891467246797196,0.419435460116513
0.145694891032512,0.891467246797196,0.419261208194027
0.145837799214005,0.891467246797196,0.419067029393903
0.145944980350125,0.891547820481831,0.418868548117726
0.146052161486245,0.891628394166465,0.418660182222863
0.146087888531618,0.891789541535734,0.418583423937845
0.146230796713112,0.891789541535734,0.418477416427657
0.146373704894605,0.891789541535734,0.418374293369533
0.146480886030725,0.891789541535734,0.41831456294901
0.146588067166845,0.891870115220369,0.418206809154607
0.146730975348339,0.891870115220369,0.418113146489949
0.146838156484459,0.891870115220369,0.418031386633424
0.146981064665952,0.891870115220369,0.417951493240583
0.147052518756699,0.892031262589638,0.417676336760071
0.147123972847446,0.892192409958907,0.417554936381689
0.147195426938192,0.892272983643542,0.41748933143348
0.147302608074312,0.892353557328177,0.417397096976774
0.147445516255806,0.892353557328177,0.417273667204772
0.147552697391926,0.892353557328177,0.417124751662416
0.147695605573419,0.892353557328177,0.416895916442878
0.147802786709539,0.892434131012811,0.416857823407275
0.147874240800286,0.892514704697446,0.416717424341371
0.147909967845659,0.89275642575135,0.416430109828982
0.148052876027153,0.89275642575135,0.416329809872976
0.148160057163273,0.89275642575135,0.41619792580722
0.148302965344766,0.89275642575135,0.415937431609755
0.148410146480886,0.892836999435984,0.415820028300025
0.148553054662379,0.892836999435984,0.415553997463863
0.148660235798499,0.892836999435984,0.415440359824263
0.148803143979993,0.892836999435984,0.415303682806043
0.14887459807074,0.892998146805253,0.41514689127145
0.148946052161486,0.893078720489888,0.415031475520521
0.14908896034298,0.893078720489888,0.414795801445735
0.149231868524473,0.893078720489888,0.414684315421654
0.149339049660593,0.893078720489888,0.414514365682981
0.14941050375134,0.893239867859157,0.414342901746412
0.14951768488746,0.893320441543792,0.414160058053287
0.149660593068953,0.893320441543792,0.414012559356978
0.149767774205073,0.893320441543792,0.413904767016805
0.14983922829582,0.893481588913061,0.413698044098228
0.149910682386567,0.89364273628233,0.413578644467496
0.14994640943194,0.893803883651599,0.41351527595545
0.150017863522687,0.893965031020869,0.413339100041151
0.15016077170418,0.893965031020869,0.413163213601626
0.150232225794927,0.894045604705503,0.413073162947469
0.15037513397642,0.894045604705503,0.412801726654578
0.15048231511254,0.894126178390138,0.412662573593721
0.150553769203287,0.894287325759407,0.412476111790889
0.150660950339407,0.894287325759407,0.412430037472188
0.150768131475527,0.894367899444042,0.412242363929449
0.150875312611647,0.894448473128676,0.411965858412859
0.150982493747767,0.894448473128676,0.411920369484571
0.151053947838514,0.894609620497945,0.411643550089361
0.151196856020007,0.894609620497945,0.41152406347749
0.151304037156127,0.894609620497945,0.411363473662209
0.151446945337621,0.894609620497945,0.411174846794843
0.151589853519114,0.894609620497945,0.411056592710793
0.151732761700607,0.894609620497945,0.410992240012722
0.151804215791354,0.89469019418258,0.410857135721159
0.151947123972847,0.89469019418258,0.410613936725945
0.152018578063594,0.894851341551849,0.410440197117213
0.152090032154341,0.894931915236484,0.410221812247721
0.152232940335834,0.894931915236484,0.410070114530336
0.152375848517328,0.894931915236484,0.409808804641324
0.152483029653448,0.894931915236484,0.409679731113616
0.152554483744194,0.895093062605753,0.409617017481577
0.152625937834941,0.895254209975022,0.409425592356201
0.152697391925688,0.895334783659657,0.409370322121378
0.152804573061808,0.895415357344291,0.409235407267083
0.152947481243301,0.895415357344291,0.409012266495321
0.153090389424795,0.895415357344291,0.408800538742098
0.153197570560915,0.895415357344291,0.40870320162825
0.153304751697035,0.895495931028926,0.4086008377106
0.153447659878528,0.895495931028926,0.408165179733929
0.153554841014648,0.895495931028926,0.408024270906571
0.153697749196141,0.895495931028926,0.407980509512253
0.153840657377635,0.895495931028926,0.407641815399337
0.153947838513755,0.895495931028926,0.407480683727045
0.154090746695248,0.895495931028926,0.407406775357685
0.154162200785995,0.895657078398195,0.407264538460372
0.154197927831368,0.895898799452099,0.407152510736718
0.154233654876742,0.896059946821368,0.407039406517097
0.154376563058235,0.896059946821368,0.406921819477886
0.154519471239728,0.896059946821368,0.406733746175983
0.154590925330475,0.896140520506003,0.406634232627593
0.154733833511969,0.896140520506003,0.40642902323576
0.154841014648089,0.896221094190637,0.406143466674976
0.154876741693462,0.896382241559907,0.40608116782625
0.154983922829582,0.896462815244541,0.405891867773522
0.155091103965702,0.896543388929176,0.405809437816826
0.155198285101822,0.89662396261381,0.405750656691234
0.155269739192569,0.896704536298445,0.405545848123589
0.155412647374062,0.896704536298445,0.405427016600176
0.155555555555556,0.896704536298445,0.405189680952188
0.155662736691676,0.896704536298445,0.40510017016895
0.155734190782422,0.896865683667714,0.404984142597734
0.155877098963916,0.896865683667714,0.404799207986019
0.155984280100036,0.896865683667714,0.404751116257857
0.156055734190782,0.897026831036983,0.404625213812283
0.156162915326902,0.897107404721618,0.40440783007495
0.156270096463023,0.897187978406253,0.404289035276847
0.156377277599143,0.897187978406253,0.404109324910976
0.156484458735263,0.897268552090887,0.404017829997765
0.156591639871383,0.897349125775522,0.40393758099463
0.156698821007503,0.897349125775522,0.403779740356949
0.156734548052876,0.897590846829425,0.403614244796799
0.156877456234369,0.897590846829425,0.403351889111573
0.156948910325116,0.89767142051406,0.403268475315838
0.157091818506609,0.89767142051406,0.403115185515257
0.157234726688103,0.89767142051406,0.402942893072669
0.157341907824223,0.897751994198695,0.402882642509748
0.157449088960343,0.897751994198695,0.402617208060702
0.157556270096463,0.897832567883329,0.40253540412083
0.157699178277956,0.897832567883329,0.40218035255614
0.157806359414076,0.897832567883329,0.401928825699035
0.157913540550196,0.897913141567964,0.401713249357537
0.157984994640943,0.898074288937233,0.401667125337476
0.15805644873169,0.898154862621868,0.401484140378197
0.15816362986781,0.898235436306502,0.401244349321889
0.158306538049303,0.898235436306502,0.401075065109031
0.15837799214005,0.898316009991137,0.400950486400209
0.15848517327617,0.898396583675771,0.400706315142744
0.158628081457663,0.898396583675771,0.40052387900983
0.158735262593783,0.898477157360406,0.400270128860947
0.158842443729904,0.898477157360406,0.400068749939114
0.158949624866024,0.898557731045041,0.399832004809648
0.159056806002144,0.898638304729675,0.399621224400635
0.159163987138264,0.898638304729675,0.399558914045885
0.159199714183637,0.898880025783579,0.399457194680224
0.15934262236513,0.898880025783579,0.399253481288291
0.15944980350125,0.898880025783579,0.399206702616709
0.159592711682744,0.898880025783579,0.398975945202902
0.159699892818864,0.898960599468214,0.398641173147282
0.159842801000357,0.898960599468214,0.39847336328683
0.159878528045731,0.899121746837483,0.398335830656287
0.160021436227224,0.899121746837483,0.397967135255974
0.160128617363344,0.899202320522117,0.397887306522159
0.160235798499464,0.899202320522117,0.397815889123257
0.160342979635584,0.899282894206752,0.397703230782174
0.160485887817078,0.899282894206752,0.39764634543943
0.160593068953198,0.899282894206752,0.397493372095406
0.160735977134691,0.899282894206752,0.397194081142766
0.160843158270811,0.899363467891387,0.397073360702685
0.160986066452304,0.899363467891387,0.396823371924461
0.161057520543051,0.899444041576021,0.396714108223812
0.161164701679171,0.899524615260656,0.396593778760911
0.161271882815291,0.899605188945291,0.39634105030483
0.161379063951411,0.899605188945291,0.396193927350779
0.161486245087531,0.899685762629925,0.396120483902258
0.161557699178278,0.899846909999194,0.395789973583081
0.161629153269025,0.899927483683829,0.395646635706061
0.161772061450518,0.899927483683829,0.395516033501627
0.161879242586638,0.900008057368463,0.395447139873499
0.162022150768131,0.900008057368463,0.395241115960651
0.162093604858878,0.900088631053098,0.39518513195091
0.162200785994998,0.900169204737733,0.395149293673302
0.162272240085745,0.900330352107002,0.394923291535291
0.162343694176492,0.900410925791636,0.394844402046378
0.162486602357985,0.900410925791636,0.394689850110225
0.162558056448732,0.900572073160906,0.394481821183697
0.162665237584852,0.900572073160906,0.394433927383485
0.162772418720972,0.90065264684554,0.394178964452036
0.162915326902465,0.90065264684554,0.393927764302506
0.162986780993212,0.900733220530175,0.393697754944088
0.163129689174705,0.900733220530175,0.393570077164594
0.163272597356199,0.900733220530175,0.393416819515508
0.163379778492319,0.900813794214809,0.393208250356972
0.163486959628439,0.900813794214809,0.393021047476838
0.163629867809932,0.900813794214809,0.39286059898715
0.163701321900679,0.900974941584079,0.392675889908839
0.163808503036799,0.900974941584079,0.392495712762656
0.163951411218292,0.900974941584079,0.392361712395518
0.164058592354412,0.901055515268713,0.392174366500393
0.164165773490532,0.901055515268713,0.391837610976421
0.164308681672026,0.901055515268713,0.391744375843695
0.164415862808146,0.901136088953348,0.391448651626266
0.164523043944266,0.901216662637982,0.391254057185259
0.164630225080386,0.901216662637982,0.390990484555407
0.164773133261879,0.901216662637982,0.390829980943948
0.164916041443373,0.901216662637982,0.390578963300393
0.165023222579493,0.901216662637982,0.390432176649911
0.165130403715613,0.901297236322617,0.390140908061255
0.165273311897106,0.901297236322617,0.389895753531828
0.165380493033226,0.901297236322617,0.389830105109986
0.165487674169346,0.901377810007252,0.389638084065492
0.165559128260093,0.901538957376521,0.38939230867325
0.165666309396213,0.901619531061155,0.389177201714797
0.16573776348696,0.90170010474579,0.389119438999537
0.16584494462308,0.901780678430425,0.389015791353465
0.165987852804573,0.901780678430425,0.388852944726529
0.16605930689532,0.901861252115059,0.388754408247117
0.166130760986066,0.902022399484328,0.388561628988724
0.166237942122186,0.902102973168963,0.388261932606329
0.166345123258307,0.902102973168963,0.388113774027158
0.166452304394427,0.902183546853598,0.38794345432452
0.16659521257592,0.902183546853598,0.387827233952136
0.166666666666667,0.902344694222867,0.387774203166343
0.166666666666667,0.902586415276771,0.38769949177839
0.16680957484816,0.902586415276771,0.387431106919199
0.16691675598428,0.902666988961405,0.38733191487803
0.166952483029653,0.902828136330674,0.387258327632047
0.167095391211147,0.902828136330674,0.387108184104491
0.167166845301894,0.902989283699944,0.387022601773843
0.167274026438014,0.902989283699944,0.386905627027796
0.167416934619507,0.902989283699944,0.386730037273827
0.167524115755627,0.903069857384578,0.38655911833813
0.167631296891747,0.903150431069213,0.386395871568809
0.167738478027867,0.903150431069213,0.386166929375296
0.167845659163987,0.903231004753847,0.385885093417404
0.167988567345481,0.903231004753847,0.38572615484592
0.168024294390854,0.903392152123117,0.385492721208556
0.168131475526974,0.903472725807751,0.38537537577261
0.168202929617721,0.90363387317702,0.385213389851038
0.168274383708467,0.903714446861655,0.385080043369171
0.168417291889961,0.903714446861655,0.384947722602491
0.168524473026081,0.90379502054629,0.384768480951605
0.168631654162201,0.90379502054629,0.384709281071809
0.168738835298321,0.903875594230924,0.384650414750869
0.168846016434441,0.903956167915559,0.384388599570601
0.168917470525188,0.904117315284828,0.384283315515857
0.169024651661308,0.904117315284828,0.384189959528862
0.169167559842801,0.904117315284828,0.383959675329241
0.169310468024294,0.904117315284828,0.383797891165992
0.169417649160414,0.904117315284828,0.383456180389545
0.169560557341908,0.904117315284828,0.383167029960681
0.169632011432655,0.904278462654097,0.383087905748978
0.169703465523401,0.904359036338732,0.382913874818407
0.169810646659521,0.904439610023366,0.38241821593569
0.169917827795641,0.904520183708001,0.382369329532352
0.170025008931761,0.904600757392636,0.382124906044763
0.170132190067881,0.904600757392636,0.382044520609031
0.170275098249375,0.904600757392636,0.381938164076881
0.170382279385495,0.90468133107727,0.381674115484944
0.170489460521615,0.90468133107727,0.381571282986721
0.170632368703108,0.90468133107727,0.38147009929442
0.170739549839228,0.904761904761905,0.38115870314145
0.170775276884602,0.904923052131174,0.38090153483165
0.170882458020722,0.905003625815809,0.380592062856652
0.171025366202215,0.905003625815809,0.380507830015271
0.171168274383708,0.905003625815809,0.380121890062259
0.171275455519829,0.905003625815809,0.38003568466987
0.171382636655949,0.905084199500443,0.379923836377132
0.171525544837442,0.905084199500443,0.379798354773129
0.171596998928189,0.905164773185078,0.379717417256743
0.171739907109682,0.905164773185078,0.379604760006311
0.171882815291175,0.905164773185078,0.379489828719574
0.171954269381922,0.905245346869712,0.379408808594873
0.172097177563415,0.905245346869712,0.379263212032824
0.172204358699536,0.905325920554347,0.379134926175488
0.172347266881029,0.905325920554347,0.378970776625962
0.172454448017149,0.905325920554347,0.378754240629113
0.172597356198642,0.905325920554347,0.378660194005536
0.172633083244016,0.905567641608251,0.378407008740857
0.172740264380136,0.905567641608251,0.378227467604283
0.172811718470882,0.90572878897752,0.378011163514084
0.172954626652376,0.90572878897752,0.377746037224029
0.173026080743123,0.905809362662155,0.377705675995674
0.173168988924616,0.905809362662155,0.377367552297783
0.173311897106109,0.905809362662155,0.377012973470723
0.173419078242229,0.905809362662155,0.376881076681669
0.173561986423723,0.905809362662155,0.376451389399654
0.173633440514469,0.905970510031424,0.376248157984694
0.173740621650589,0.906051083716058,0.376083489131437
0.17384780278671,0.906051083716058,0.375761459577952
0.173990710968203,0.906051083716058,0.375589674504366
0.17406216505895,0.906212231085328,0.37547658299157
0.174133619149696,0.906292804769962,0.375443924282243
0.174205073240443,0.906453952139231,0.375326387910659
0.174347981421936,0.906453952139231,0.374896909561977
0.174455162558056,0.906453952139231,0.374830871367682
0.17459807073955,0.906453952139231,0.374623282514568
0.174740978921043,0.906453952139231,0.374478521382234
0.174883887102537,0.906453952139231,0.374327630096404
0.174955341193283,0.906534525823866,0.374257185793107
0.175062522329403,0.9066150995085,0.374176725098262
0.175205430510897,0.9066150995085,0.373827945410389
0.175276884601643,0.906695673193135,0.373720430429844
0.175384065737763,0.90677624687777,0.373559840162396
0.175526973919257,0.90677624687777,0.373428542332293
0.175634155055377,0.90677624687777,0.373220285143584
0.17577706323687,0.90677624687777,0.372969952616019
0.175848517327617,0.906937394247039,0.372842561359943
0.17599142550911,0.906937394247039,0.37261888738969
0.176027152554484,0.907098541616308,0.372397133984517
0.176134333690604,0.907179115300943,0.372032262926672
0.176241514826724,0.907259688985577,0.371829246717249
0.176348695962844,0.907259688985577,0.371700266775973
0.176491604144337,0.907259688985577,0.371556567852881
0.176634512325831,0.907259688985577,0.371336089001207
0.176670239371204,0.907420836354846,0.371246918193219
0.176705966416577,0.90766255740875,0.371121529416882
0.176848874598071,0.90766255740875,0.370804862018046
0.176956055734191,0.907743131093385,0.370705486946041
0.177063236870311,0.907743131093385,0.370611417950128
0.177170418006431,0.90782370477802,0.370186748695182
0.177277599142551,0.907904278462654,0.369875173569686
0.177384780278671,0.907904278462654,0.369766385794513
0.177527688460164,0.907904278462654,0.369542647727047
0.177670596641658,0.907904278462654,0.369279714989774
0.177742050732404,0.907984852147289,0.368994587030563
0.177884958913898,0.907984852147289,0.368598328597523
0.178027867095391,0.907984852147289,0.368286366477519
0.178170775276885,0.907984852147289,0.368192305257033
0.178242229367631,0.908065425831923,0.368095986353907
0.178349410503751,0.908145999516558,0.36783964245535
0.178456591639871,0.908226573201192,0.367545331923632
0.178492318685245,0.908387720570462,0.367342137348905
0.178635226866738,0.908387720570462,0.367190238293527
0.178778135048232,0.908387720570462,0.367092662534569
0.178813862093605,0.908548867939731,0.366896692163984
0.178921043229725,0.908629441624365,0.366618961030606
0.179063951411218,0.908629441624365,0.366544839652859
0.179171132547338,0.908629441624365,0.366240795152945
0.179242586638085,0.908790588993635,0.366059390920423
0.179314040728832,0.908951736362904,0.36596209004337
0.179421221864952,0.909032310047538,0.365922925826544
0.179528403001072,0.909032310047538,0.365768350146271
0.179671311182565,0.909032310047538,0.365685120528756
0.179778492318685,0.909112883732173,0.365582778997211
0.179849946409432,0.909193457416808,0.365526119539107
0.179992854590925,0.909193457416808,0.365394124829488
0.180100035727045,0.909274031101442,0.365229309935966
0.180171489817792,0.909354604786077,0.365043104257122
0.180278670953912,0.909435178470711,0.364801736944822
0.180385852090032,0.909515752155346,0.364617754584585
0.180493033226152,0.909596325839981,0.364448148466628
0.180600214362272,0.909596325839981,0.36428167591761
0.180743122543766,0.909596325839981,0.364137835821334
0.180850303679886,0.909676899524615,0.363970860583607
0.180957484816006,0.909676899524615,0.363780713704116
0.181064665952126,0.90975747320925,0.36344109196394
0.181171847088246,0.909838046893884,0.363344717384262
0.181243301178993,0.909918620578519,0.363226296837952
0.181243301178993,0.910240915317057,0.36302752652577
0.181386209360486,0.910240915317057,0.362798475222529
0.181457663451233,0.910402062686327,0.362275964649687
0.181564844587353,0.910402062686327,0.362112504191464
0.181600571632726,0.91064378374023,0.361703806209688
0.181743479814219,0.91064378374023,0.361526515108486
0.181850660950339,0.91064378374023,0.361393121068584
0.181957842086459,0.910724357424865,0.361144348679343
0.182100750267953,0.910724357424865,0.36085413562615
0.182207931404073,0.910724357424865,0.360753082879128
0.182315112540193,0.9108049311095,0.36050864670218
0.182458020721686,0.9108049311095,0.360369198679856
0.182565201857806,0.910885504794134,0.360286771089179
0.182672382993926,0.910885504794134,0.360099927603316
0.18281529117542,0.910885504794134,0.359951202502031
0.18292247231154,0.910966078478769,0.359803546395567
0.18302965344766,0.910966078478769,0.359542262391372
0.183172561629153,0.910966078478769,0.35941169987271
0.183315469810647,0.910966078478769,0.359043990097675
0.183386923901393,0.911046652163403,0.358865662294779
0.183494105037513,0.911127225848038,0.358636573994386
0.183601286173633,0.911207799532673,0.35845642455116
0.183637013219007,0.911449520586576,0.358360940662947
0.183744194355127,0.911449520586576,0.358015822098466
0.18388710253662,0.911449520586576,0.357844330412026
0.18399428367274,0.911530094271211,0.357731228516127
0.184030010718114,0.91169124164048,0.357580358836695
0.184137191854234,0.911771815325115,0.357431988779447
0.184280100035727,0.911771815325115,0.357354292946131
0.184351554126474,0.911852389009749,0.357178474530181
0.184494462307967,0.911852389009749,0.356924844197181
0.184601643444087,0.911932962694384,0.356646973775131
0.184673097534834,0.912013536379019,0.356493135327732
0.184744551625581,0.912174683748288,0.356442413527819
0.184887459807074,0.912174683748288,0.356108262095288
0.184958913897821,0.912335831117557,0.35589149336084
0.184994640943194,0.912496978486826,0.355641675660734
0.185137549124687,0.912496978486826,0.355393762146644
0.185280457306181,0.912496978486826,0.35526148738805
0.185387638442301,0.912496978486826,0.355070584326597
0.185494819578421,0.912577552171461,0.354872657064669
0.185637727759914,0.912577552171461,0.354751192342387
0.185744908896034,0.912577552171461,0.354685939302691
0.185887817077528,0.912577552171461,0.354487976942491
0.185994998213648,0.912658125856095,0.354026230834291
0.186137906395141,0.912658125856095,0.353806647919722
0.186245087531261,0.912658125856095,0.353706692558303
0.186352268667381,0.91273869954073,0.353510243177906
0.186459449803501,0.912819273225365,0.353239188642442
0.186530903894248,0.912899846909999,0.35310935939724
0.186638085030368,0.912980420594634,0.35281678819618
0.186745266166488,0.913060994279268,0.352691854600986
0.186852447302608,0.913060994279268,0.352500574472251
0.186888174347981,0.913302715333172,0.352327575718785
0.186995355484101,0.913383289017807,0.352100666433867
0.187066809574848,0.913544436387076,0.351956305835367
0.187138263665595,0.913625010071711,0.351813993723034
0.187245444801715,0.913705583756345,0.351684692008168
0.187352625937835,0.91378615744098,0.351455103964254
0.187459807073955,0.91378615744098,0.350881562582999
0.187602715255448,0.91378615744098,0.350742734491847
0.187709896391568,0.913866731125614,0.350356427579
0.187817077527688,0.913866731125614,0.35022040891097
0.187959985709182,0.913866731125614,0.350065781055091
0.188102893890675,0.913866731125614,0.349929295895767
0.188210075026795,0.913947304810249,0.349792510501083
0.188245802072169,0.914108452179518,0.349520638863849
0.188388710253662,0.914108452179518,0.349389233377816
0.188531618435155,0.914108452179518,0.349151338159741
0.188603072525902,0.914189025864153,0.349039607895822
0.188745980707396,0.914189025864153,0.348967260240131
0.188853161843516,0.914269599548787,0.348642402590543
0.188960342979636,0.914269599548787,0.348563623594086
0.189031797070382,0.914430746918057,0.348253820949038
0.189138978206502,0.914511320602691,0.348017821446187
0.189210432297249,0.914591894287326,0.347916141420898
0.189317613433369,0.91467246797196,0.34761521950974
0.189460521614862,0.91467246797196,0.347289966371215
0.189496248660236,0.914914189025864,0.347103495387858
0.189603429796356,0.914914189025864,0.346940454756067
0.189746337977849,0.914914189025864,0.346565814648351
0.189817792068596,0.915075336395133,0.346148161969227
0.189924973204716,0.915075336395133,0.346123561678418
0.190032154340836,0.915155910079768,0.345915068225896
0.190103608431583,0.915317057449037,0.345541398508838
0.190210789567703,0.915317057449037,0.345367230629496
0.190353697749196,0.915317057449037,0.345065996136746
0.190460878885316,0.915397631133672,0.344948903156946
0.19060378706681,0.915397631133672,0.344611857542778
0.19071096820293,0.915397631133672,0.344400110652476
0.190853876384423,0.915397631133672,0.344340830520261
0.190996784565916,0.915397631133672,0.344162961993496
0.191068238656663,0.915478204818306,0.34409123106427
0.191175419792783,0.915558778502941,0.343786743582575
0.191318327974277,0.915558778502941,0.343382754863344
0.19135405501965,0.91571992587221,0.343206506703585
0.191496963201143,0.91571992587221,0.342928904489077
0.191604144337263,0.915800499556845,0.342727890594581
0.191747052518757,0.915800499556845,0.342569677926851
0.191854233654877,0.915800499556845,0.342331374075288
0.19199714183637,0.915800499556845,0.342209845646005
0.192140050017864,0.915800499556845,0.342061556531311
0.19221150410861,0.915881073241479,0.341996302792115
0.192247231153984,0.916122794295383,0.341491919105433
0.192354412290104,0.916203367980018,0.341286013981964
0.192390139335477,0.916364515349287,0.341143067397531
0.192461593426224,0.916525662718556,0.340592583304559
0.192604501607717,0.916525662718556,0.340370307834298
0.19274740978921,0.916525662718556,0.340034401472267
0.192818863879957,0.916606236403191,0.339966826383814
0.192926045016077,0.916686810087825,0.339791780651317
0.193068953197571,0.916686810087825,0.339650446103819
0.193176134333691,0.916686810087825,0.339408444641824
0.193319042515184,0.916686810087825,0.339236575325343
0.193461950696677,0.916686810087825,0.339047217439691
0.193569131832797,0.916686810087825,0.338911985996781
0.193640585923544,0.916847957457094,0.33853444612701
0.193747767059664,0.916928531141729,0.338449921332672
0.193854948195784,0.917009104826364,0.338061912070908
0.193926402286531,0.917089678510998,0.337988005872924
0.194069310468024,0.917089678510998,0.337730949370485
0.194176491604144,0.917170252195633,0.337497391375122
0.194247945694891,0.917250825880268,0.337445775849616
0.194390853876384,0.917250825880268,0.337267861196618
0.194462307967131,0.917411973249537,0.337050825732667
0.194533762057878,0.917492546934171,0.336826333006788
0.194676670239371,0.917492546934171,0.336743753969132
0.194819578420865,0.917492546934171,0.336546003333519
0.194891032511611,0.917573120618806,0.336449328638559
0.194926759556985,0.91781484167271,0.336161463840805
0.195033940693105,0.917895415357344,0.335626148760497
0.195141121829225,0.917975989041979,0.335445073185603
0.195248302965345,0.917975989041979,0.335248007032568
0.195391211146838,0.917975989041979,0.334990017115704
0.195534119328332,0.917975989041979,0.334759657015269
0.195641300464452,0.917975989041979,0.334733664938715
0.195784208645945,0.917975989041979,0.334546819836064
0.195927116827438,0.917975989041979,0.334099562826774
0.196034297963558,0.917975989041979,0.333984241171279
0.196141479099678,0.918056562726614,0.333750269155112
0.196284387281172,0.918056562726614,0.333664713366712
0.196355841371919,0.918217710095883,0.333498150384063
0.196427295462665,0.918298283780517,0.333380868375473
0.196534476598785,0.918378857465152,0.333215096567592
0.196641657734905,0.918459431149786,0.33291216010251
0.196713111825652,0.918540004834421,0.33263593389724
0.196856020007145,0.918540004834421,0.332423503671299
0.196998928188639,0.918540004834421,0.33224305159998
0.197106109324759,0.918540004834421,0.332076432357024
0.197249017506252,0.918540004834421,0.331769590177342
0.197356198642372,0.918620578519056,0.331427034462306
0.197463379778492,0.91870115220369,0.330592537824427
0.197534833869239,0.918781725888325,0.330433515430263
0.197642015005359,0.91886229957296,0.330178222173772
0.197713469096106,0.919023446942229,0.33001171430253
0.197820650232226,0.919023446942229,0.329888041774359
0.197927831368346,0.919104020626863,0.329825651013057
0.198070739549839,0.919104020626863,0.329568457760367
0.198177920685959,0.919104020626863,0.329409565259466
0.198285101822079,0.919184594311498,0.329200294873616
0.198428010003573,0.919184594311498,0.328885416741192
0.198535191139693,0.919265167996132,0.328697983456928
0.198642372275813,0.919265167996132,0.32861203305024
0.198785280457306,0.919265167996132,0.328299711872246
0.198892461593426,0.919345741680767,0.32800031692982
0.198999642729546,0.919345741680767,0.327958023522259
0.19914255091104,0.919345741680767,0.327909297219286
0.19924973204716,0.919426315365402,0.32759256599572
0.199321186137906,0.919506889050036,0.327478513420027
0.1994640943194,0.919506889050036,0.327222009563687
0.199607002500893,0.919506889050036,0.327029271874338
0.199714183637013,0.919506889050036,0.326922912473073
0.199821364773133,0.919587462734671,0.32674254046375
0.199928545909253,0.919668036419306,0.326520007332446
0.200071454090747,0.919668036419306,0.32626099596749
0.20010718113612,0.919829183788575,0.325988637263765
0.20021436227224,0.919909757473209,0.325732866337511
0.200357270453733,0.919909757473209,0.325320810065166
0.200392997499107,0.920070904842478,0.325111993677881
0.200464451589854,0.920232052211748,0.324906591744846
0.200607359771347,0.920232052211748,0.324664196533845
0.200678813862094,0.920312625896382,0.324648462042322
0.200785994998214,0.920393199581017,0.324448271699648
0.200893176134334,0.920473773265651,0.324375970753628
0.201000357270454,0.920554346950286,0.324106123853561
0.201107538406574,0.920554346950286,0.32389868687556
0.201214719542694,0.920634920634921,0.323837590315791
0.201321900678814,0.920715494319555,0.323548045732221
0.201357627724187,0.920876641688824,0.323439656098161
0.201464808860307,0.920957215373459,0.323223476898658
0.201607717041801,0.920957215373459,0.322963843915179
0.201714898177921,0.920957215373459,0.322891638554036
0.201857806359414,0.920957215373459,0.322723863992993
0.202000714540907,0.920957215373459,0.3223692275021
0.202107895677027,0.921037789058094,0.322206764401967
0.202179349767774,0.921118362742728,0.322079912226796
0.202215076813148,0.921360083796632,0.321902095745221
0.202322257949268,0.921440657481267,0.3218118283051
0.202393712040014,0.921521231165901,0.321554413047602
0.202465166130761,0.92168237853517,0.32128345343711
0.202608074312254,0.92168237853517,0.321123814458036
0.202679528403001,0.921762952219805,0.320853855984625
0.202822436584494,0.921762952219805,0.320486107778193
0.202858163629868,0.922004673273709,0.320276430081358
0.203001071811361,0.922004673273709,0.320118321234281
0.203072525902108,0.922085246958343,0.319836361093298
0.203179707038228,0.922165820642978,0.319609176256161
0.203322615219721,0.922165820642978,0.319316075542599
0.203429796355841,0.922165820642978,0.319189336723035
0.203572704537335,0.922165820642978,0.318793440279928
0.203715612718828,0.922165820642978,0.318691858633156
0.203822793854948,0.922165820642978,0.318324952499178
0.203965702036442,0.922165820642978,0.317978797005578
0.204037156127188,0.922326968012247,0.3177420195678
0.204180064308682,0.922326968012247,0.317482703207309
0.204251518399428,0.922407541696882,0.317263693904626
0.204358699535548,0.922488115381516,0.316974275060006
0.204501607717042,0.922488115381516,0.316809009869105
0.204608788853162,0.922488115381516,0.316508973387865
0.204715969989282,0.922568689066151,0.316305555536754
0.204787424080029,0.92272983643542,0.316202300703781
0.204858878170775,0.922810410120055,0.316073381545476
0.204966059306895,0.922890983804689,0.315905409777
0.205108967488389,0.922890983804689,0.315764132028362
0.205216148624509,0.922890983804689,0.315671669519788
0.205359056806002,0.922890983804689,0.31543403698249
0.205501964987496,0.922890983804689,0.315240156677052
0.205609146123616,0.922971557489324,0.315165653431219
0.205716327259736,0.922971557489324,0.314629100640296
0.205859235441229,0.922971557489324,0.31439215515958
0.206002143622722,0.922971557489324,0.314186779178108
0.206073597713469,0.923052131173959,0.314102960135348
0.206180778849589,0.923132704858593,0.313585262350223
0.206252232940336,0.923293852227862,0.313382331522409
0.206287959985709,0.923454999597132,0.313096156576834
0.206359414076456,0.923616146966401,0.312674718417676
0.206466595212576,0.923696720651035,0.312407438403147
0.206538049303323,0.923857868020305,0.312271052006737
0.206645230439443,0.923857868020305,0.312194166603015
0.206716684530189,0.924019015389574,0.312111435266949
0.206788138620936,0.924180162758843,0.311886791341149
0.206859592711683,0.924260736443478,0.311603943738547
0.207002500893176,0.924260736443478,0.31151580286476
0.207109682029296,0.924341310128112,0.311308293989231
0.207181136120043,0.924421883812747,0.311042358299312
0.207288317256163,0.924502457497381,0.31087328186283
0.207395498392283,0.924583031182016,0.310667696102721
0.207502679528403,0.924663604866651,0.310359066332003
0.207609860664523,0.924663604866651,0.310305063381291
0.207717041800643,0.924744178551285,0.310196442303929
0.207824222936763,0.92482475223592,0.309928696410423
0.207931404072883,0.92482475223592,0.309687885647752
0.20800285816363,0.924985899605189,0.309165062269519
0.20811003929975,0.925066473289823,0.309006239168226
0.20821722043587,0.925066473289823,0.308910233271315
0.208360128617363,0.925066473289823,0.30833451148797
0.208467309753483,0.925147046974458,0.308003215526682
0.208574490889603,0.925227620659093,0.307929333675776
0.20864594498035,0.925308194343727,0.307748548144458
0.20875312611647,0.925388768028362,0.307527635187939
0.208896034297964,0.925388768028362,0.307188086105434
0.20896748838871,0.925469341712997,0.306999026019277
0.209110396570204,0.925469341712997,0.306802169600544
0.209217577706324,0.925549915397631,0.306539038275316
0.209324758842444,0.925549915397631,0.306370145645583
0.209431939978564,0.925630489082266,0.306195016615764
0.209574848160057,0.925630489082266,0.305695571684612
0.209682029296177,0.925630489082266,0.305387990868453
0.209753483386924,0.925791636451535,0.305281558388894
0.209896391568417,0.925791636451535,0.304687848629341
0.210003572704537,0.925872210136169,0.304580269136105
0.210075026795284,0.925952783820804,0.304155279412928
0.210182207931404,0.926033357505439,0.303786977980507
0.210325116112897,0.926033357505439,0.303676486523898
0.210432297249018,0.926033357505439,0.30356567069383
0.210575205430511,0.926033357505439,0.30331894992906
0.210718113612004,0.926033357505439,0.302886229399186
0.210825294748124,0.926033357505439,0.302814723353824
0.210968202929618,0.926033357505439,0.302475751170511
0.211075384065738,0.926113931190073,0.302201420855583
0.211218292247231,0.926113931190073,0.301897552168378
0.211325473383351,0.926113931190073,0.301722022254979
0.211432654519471,0.926194504874708,0.301510762114588
0.211504108610218,0.926355652243977,0.301405558938296
0.211611289746338,0.926355652243977,0.301288966856165
0.211718470882458,0.926436225928612,0.30103242477252
0.211789924973205,0.926597373297881,0.300981766718767
0.211861379063951,0.926677946982515,0.300882742936593
0.211932833154698,0.926839094351785,0.30057266812345
0.212075741336192,0.926839094351785,0.300429321579669
0.212182922472312,0.926919668036419,0.300341474358437
0.212254376563058,0.927000241721054,0.300152901290406
0.212361557699178,0.927080815405689,0.299944158225881
0.212468738835298,0.927161389090323,0.299430677796356
0.212504465880672,0.927322536459592,0.299188274993691
0.212575919971418,0.927483683828861,0.298907154177177
0.212718828152912,0.927483683828861,0.298364226640023
0.212790282243658,0.927564257513496,0.298242252229329
0.212897463379778,0.927644831198131,0.297745155467435
0.213040371561272,0.927644831198131,0.297542029411787
0.213183279742765,0.927644831198131,0.297399650912178
0.213290460878885,0.927644831198131,0.297229009916641
0.213433369060379,0.927644831198131,0.296684616814499
0.213540550196499,0.927725404882765,0.296377460567452
0.213647731332619,0.927725404882765,0.296227444168325
0.213754912468739,0.9278059785674,0.295949508968863
0.213897820650232,0.9278059785674,0.295855465529265
0.214005001786352,0.9278059785674,0.295629097084937
0.214112182922472,0.927886552252035,0.294999556033479
0.214255091103966,0.927886552252035,0.294861389449264
0.214397999285459,0.927886552252035,0.294716797640112
0.214433726330832,0.928047699621304,0.294308062034268
0.214540907466952,0.928128273305938,0.293908793827493
0.214683815648446,0.928128273305938,0.293729889763973
0.214755269739193,0.928208846990573,0.293591557543348
0.214898177920686,0.928208846990573,0.293307818944544
0.215005359056806,0.928289420675207,0.29312317423177
0.215076813147553,0.928369994359842,0.292629194486009
0.215219721329046,0.928369994359842,0.292142088802104
0.215362629510539,0.928369994359842,0.291936473248275
0.21546981064666,0.928369994359842,0.291669737362555
0.215612718828153,0.928369994359842,0.291474000196449
0.215755627009646,0.928369994359842,0.29133365118103
0.215862808145766,0.928450568044477,0.291052073104916
0.215934262236513,0.928531141729111,0.29076296789622
0.216041443372633,0.928611715413746,0.290497193580788
0.216148624508753,0.92869228909838,0.290375341907549
0.216184351554126,0.92885343646765,0.290226812782388
0.216291532690247,0.928934010152284,0.290073043628712
0.21643444087174,0.928934010152284,0.289884685511593
0.21654162200786,0.928934010152284,0.289718604720771
0.216684530189353,0.928934010152284,0.289540555762012
0.216827438370847,0.928934010152284,0.28932171220926
0.216934619506967,0.929014583836919,0.288994426070499
0.217006073597713,0.929095157521553,0.288870880249729
0.217113254733833,0.929175731206188,0.288608891700534
0.217256162915327,0.929175731206188,0.288232005655866
0.217363344051447,0.929175731206188,0.288131058609646
0.217434798142194,0.929336878575457,0.287542744674619
0.217470525187567,0.929578599629361,0.28704060518661
0.217577706323687,0.929578599629361,0.286885141656011
0.217684887459807,0.929659173313996,0.286680348732154
0.217756341550554,0.929820320683265,0.286331543743342
0.217863522686674,0.929900894367899,0.285959407741736
0.217934976777421,0.929981468052534,0.285812294982821
0.218077884958914,0.929981468052534,0.285678154389538
0.218185066095034,0.930062041737169,0.285345844436118
0.218292247231154,0.930062041737169,0.285287819806039
0.218435155412647,0.930062041737169,0.284967545626539
0.218506609503394,0.930223189106438,0.284801843467956
0.218613790639514,0.930223189106438,0.284691016732697
0.218720971775634,0.930303762791072,0.284606786132159
0.218863879957128,0.930303762791072,0.284258897015998
0.218971061093248,0.930384336475707,0.283975171743412
0.219006788138621,0.930545483844976,0.283726064464842
0.219149696320114,0.930545483844976,0.2835955861577
0.219292604501608,0.930545483844976,0.283466408563594
0.219399785637728,0.930545483844976,0.283094455332132
0.219471239728474,0.930706631214245,0.282869837294777
0.219578420864595,0.93078720489888,0.282598504081309
0.219649874955341,0.930867778583515,0.28226512966335
0.219792783136835,0.930867778583515,0.281893054953042
0.219935691318328,0.930867778583515,0.281618535362149
0.220042872454448,0.930867778583515,0.281466023334898
0.220185780635941,0.930867778583515,0.281300942213368
0.220328688817435,0.930867778583515,0.280942031999912
0.220364415862808,0.931109499637418,0.280425613915351
0.220471596998928,0.931109499637418,0.280128231372932
0.220543051089675,0.931270647006688,0.279915208032514
0.220685959271168,0.931270647006688,0.279824913902399
0.220721686316542,0.931431794375957,0.279714277745516
0.220864594498035,0.931431794375957,0.27904177184968
0.220971775634155,0.931512368060591,0.278423943653359
0.221007502679528,0.931673515429861,0.278261835038887
0.221150410861022,0.931673515429861,0.278080792934197
0.221293319042515,0.931673515429861,0.277685370383584
0.221400500178635,0.931754089114495,0.277472749183658
0.221507681314755,0.931754089114495,0.277379561908663
0.221650589496249,0.931754089114495,0.277199532790927
0.221757770632369,0.93183466279913,0.27686547242241
0.221829224723115,0.931915236483764,0.276702961180221
0.221972132904609,0.931915236483764,0.276569099134305
0.222115041086102,0.931915236483764,0.276236901517716
0.222222222222222,0.931915236483764,0.276020078260125
0.222329403358342,0.931995810168399,0.275537814702988
0.222436584494462,0.932076383853034,0.275270615174786
0.222579492675956,0.932076383853034,0.274896856380419
0.222650946766702,0.932156957537668,0.27440156943576
0.222686673812076,0.932398678591572,0.274283555797823
0.222758127902822,0.932559825960841,0.274111473659365
0.222865309038942,0.932559825960841,0.273979587903645
0.222972490175063,0.932640399645476,0.27359983480166
0.223115398356556,0.932640399645476,0.273402769375699
0.223222579492676,0.932640399645476,0.273365506521637
0.223329760628796,0.93272097333011,0.273078941328769
0.223472668810289,0.93272097333011,0.273008507064334
0.223615576991783,0.93272097333011,0.272813259526745
0.223722758127903,0.93272097333011,0.272659196424318
0.223829939264023,0.932801547014745,0.272476647769576
0.223937120400143,0.93288212069938,0.272236603200198
0.224044301536263,0.93288212069938,0.27206572462943
0.22411575562701,0.933043268068649,0.271994669161401
0.22422293676313,0.933123841753283,0.271568640054311
0.224294390853876,0.933204415437918,0.271438166101636
0.22443729903537,0.933204415437918,0.271276182451018
0.22454448017149,0.933284989122553,0.271107018736936
0.22465166130761,0.933365562807187,0.270807968552666
0.22475884244373,0.933365562807187,0.270658717837841
0.224830296534477,0.933526710176456,0.270461801452588
0.22497320471597,0.933526710176456,0.270342593230953
0.22508038585209,0.933526710176456,0.269805334725979
0.225223294033583,0.933526710176456,0.269363325715358
0.225330475169703,0.933607283861091,0.268965902262039
0.22540192926045,0.933687857545726,0.268624566871601
0.225473383351197,0.933849004914995,0.268414690298492
0.225544837441944,0.934010152284264,0.268157408704777
0.225652018578064,0.934010152284264,0.267935004608475
0.225759199714184,0.934090725968899,0.267726237424114
0.225866380850304,0.934171299653533,0.267607120150505
0.226009289031797,0.934171299653533,0.267480121715075
0.226080743122544,0.934251873338168,0.267335111332498
0.226187924258664,0.934332447022802,0.266589176389801
0.226295105394784,0.934413020707437,0.266344457842173
0.226402286530904,0.934413020707437,0.266292731708599
0.226545194712397,0.934413020707437,0.266016547148138
0.226688102893891,0.934413020707437,0.265529882875753
0.226759556984637,0.934493594392072,0.265419230359571
0.226866738120757,0.934574168076706,0.264892840259341
0.226973919256877,0.934654741761341,0.264473651834944
0.227081100392998,0.934735315445975,0.263800613058239
0.227152554483744,0.93481588913061,0.263608741780735
0.227224008574491,0.934977036499879,0.263443794624808
0.227331189710611,0.935057610184514,0.263346149906865
0.227438370846731,0.935057610184514,0.263094253573741
0.227581279028224,0.935057610184514,0.262861057996241
0.227724187209718,0.935057610184514,0.26226501365897
0.227795641300464,0.935138183869148,0.26202324769449
0.227902822436584,0.935218757553783,0.261882607863929
0.228045730618078,0.935218757553783,0.261572254860434
0.228188638799571,0.935218757553783,0.261036085607751
0.228295819935691,0.935218757553783,0.260765569712295
0.228438728117185,0.935218757553783,0.260692741456721
0.228545909253305,0.935299331238418,0.260350396682573
0.228617363344051,0.935379904923052,0.259985449217903
0.228760271525545,0.935379904923052,0.25964100293116
0.228903179707038,0.935379904923052,0.259488008821584
0.228974633797785,0.935460478607687,0.259438564789215
0.229117541979278,0.935460478607687,0.259053901927445
0.229224723115398,0.935541052292321,0.258737214017596
0.229296177206145,0.935702199661591,0.258663279306454
0.229367631296892,0.935782773346225,0.258548438390956
0.229474812433012,0.93586334703086,0.258207667815019
0.229581993569132,0.935943920715494,0.25805330208484
0.229653447659879,0.936024494400129,0.257596404914204
0.229796355841372,0.936024494400129,0.257088103855389
0.229903536977492,0.936105068084764,0.256821648558212
0.230010718113612,0.936105068084764,0.256623190379994
0.230153626295105,0.936105068084764,0.255976317687564
0.230296534476599,0.936105068084764,0.255793259227815
0.230367988567345,0.936185641769398,0.255536476015339
0.230475169703466,0.936266215454033,0.255392390958074
0.230618077884959,0.936266215454033,0.255284975523234
0.230725259021079,0.936346789138667,0.254952255747732
0.230832440157199,0.936346789138667,0.254718828905179
0.230939621293319,0.936427362823302,0.254576219479265
0.231011075384066,0.936588510192571,0.25438674804571
0.231046802429439,0.93674965756184,0.254158436605252
0.231118256520186,0.936910804931109,0.253939471991698
0.231225437656306,0.936991378615744,0.25362698711639
0.231332618792426,0.936991378615744,0.253388637680674
0.231368345837799,0.937233099669648,0.253120424087359
0.231511254019293,0.937233099669648,0.252840415921205
0.231618435155413,0.937313673354283,0.252175008002203
0.231725616291533,0.937313673354283,0.252131632890153
0.231868524473026,0.937313673354283,0.251621936071784
0.231975705609146,0.937394247038917,0.251357082181389
0.232047159699893,0.937474820723552,0.251157854441754
0.232190067881386,0.937474820723552,0.250988416586514
0.232297249017506,0.937555394408186,0.250681137973157
0.232368703108253,0.937635968092821,0.250501041701793
0.232511611289746,0.937635968092821,0.250390029036367
0.232618792425866,0.937716541777455,0.250195235291216
0.23276170060736,0.937716541777455,0.249905548453243
0.232833154698106,0.93779711546209,0.249759166184658
0.232904608788853,0.937958262831359,0.249616243771241
0.233047516970347,0.937958262831359,0.24951456582141
0.233154698106467,0.937958262831359,0.249389627627744
0.23329760628796,0.937958262831359,0.248946582763201
0.23340478742408,0.938038836515994,0.248522763555599
0.233476241514827,0.938119410200629,0.248296861589222
0.23361914969632,0.938119410200629,0.24791512553588
0.23372633083244,0.938199983885263,0.247609104776821
0.23383351196856,0.938280557569898,0.247435323335953
0.233904966059307,0.938361131254532,0.247323563653731
0.233976420150054,0.938522278623801,0.246840686401488
0.234119328331547,0.938522278623801,0.246114484501714
0.234226509467667,0.938522278623801,0.24596662072807
0.23436941764916,0.938522278623801,0.245800771445483
0.23447659878528,0.938602852308436,0.245373033802239
0.234583779921401,0.938602852308436,0.245174308357909
0.234690961057521,0.938683425993071,0.244891838678708
0.234798142193641,0.938763999677705,0.244682301138121
0.234905323329761,0.93884457336234,0.24438160873052
0.234941050375134,0.939005720731609,0.24421592341265
0.235048231511254,0.939086294416244,0.24381300073392
0.235191139692747,0.939086294416244,0.243528237759061
0.235226866738121,0.939247441785513,0.243482726363683
0.235369774919614,0.939247441785513,0.243272852899838
0.235476956055734,0.939328015470147,0.243044560869356
0.235512683101108,0.939489162839417,0.242969919207625
0.235619864237228,0.939569736524051,0.242880729157303
0.235691318327974,0.93973088389332,0.24219040459173
0.235798499464094,0.93973088389332,0.24180348529334
0.235941407645588,0.93973088389332,0.241424625725254
0.236084315827081,0.93973088389332,0.241335646403294
0.236155769917828,0.93989203126259,0.240932166660717
0.236227224008574,0.939972604947224,0.240783935870883
0.236370132190068,0.939972604947224,0.240453903843192
0.236513040371561,0.939972604947224,0.239945655339483
0.236620221507681,0.939972604947224,0.239666923532863
0.236727402643801,0.940053178631859,0.239489036722308
0.236870310825295,0.940053178631859,0.239064652978913
0.236977491961415,0.940053178631859,0.238817674818854
0.237120400142908,0.940053178631859,0.238320829715528
0.237263308324402,0.940053178631859,0.238139821899494
0.237370489460522,0.940133752316493,0.237638012673258
0.237441943551268,0.940214326001128,0.237483538328429
0.237584851732762,0.940214326001128,0.237182691820632
0.237727759914255,0.940214326001128,0.236889622408002
0.237834941050375,0.940214326001128,0.23665880533293
0.237906395141122,0.940375473370397,0.236575070445821
0.238013576277242,0.940456047055032,0.236019022173064
0.238120757413362,0.940456047055032,0.23592242715528
0.238227938549482,0.940536620739666,0.235732579292474
0.238335119685602,0.940617194424301,0.234854867070349
0.238478027867095,0.940617194424301,0.234630414977544
0.238549481957842,0.940697768108936,0.234424709005615
0.238656663093962,0.94077834179357,0.234163828291784
0.238728117184709,0.940939489162839,0.233719646770819
0.238835298320829,0.940939489162839,0.233546807397906
0.238906752411576,0.941100636532109,0.233165364230923
0.239013933547696,0.941181210216743,0.232931413210796
0.239049660593069,0.941342357586012,0.232761108615308
0.239192568774562,0.941342357586012,0.232567640848732
0.239299749910682,0.941422931270647,0.232363133367806
0.239442658092176,0.941422931270647,0.231871237851693
0.239514112182922,0.941503504955282,0.231752313112955
0.239657020364416,0.941503504955282,0.231566239170701
0.239764201500536,0.941584078639916,0.231159560300306
0.239871382636656,0.941584078639916,0.231025037789804
0.240014290818149,0.941584078639916,0.230922404525606
0.240157198999643,0.941584078639916,0.230582863374321
0.240264380135763,0.941584078639916,0.230450538219841
0.240371561271883,0.941664652324551,0.230213441932448
0.240514469453376,0.941664652324551,0.229917423538393
0.24065737763487,0.941664652324551,0.229573217874252
0.240728831725616,0.941745226009185,0.229340801940722
0.240836012861736,0.94182579969382,0.229196747662144
0.240907466952483,0.941986947063089,0.228893297230096
0.241014648088603,0.941986947063089,0.228598342484937
0.24108610217935,0.942148094432358,0.228491323378022
0.24119328331547,0.942228668116993,0.228256458512936
0.241264737406217,0.942309241801628,0.228102281147678
0.24140764558771,0.942309241801628,0.228038847974248
0.241479099678457,0.942470389170897,0.227470868223732
0.241586280814577,0.942470389170897,0.227062219498678
0.24172918899607,0.942470389170897,0.22689819798688
0.241872097177563,0.942470389170897,0.226670964315535
0.24194355126831,0.942631536540166,0.226344811829269
0.242015005359057,0.942712110224801,0.226128983092763
0.242122186495177,0.942792683909435,0.225197760223011
0.242229367631297,0.94287325759407,0.225063241336489
0.242336548767417,0.94287325759407,0.224912642208224
0.242443729903537,0.942953831278704,0.224620626764453
0.24258663808503,0.942953831278704,0.224333671559097
0.242658092175777,0.943034404963339,0.224254379683865
0.24280100035727,0.943034404963339,0.223954480536385
0.24290818149339,0.943114978647974,0.223528716629512
0.243015362629511,0.943195552332608,0.223106642401596
0.243086816720257,0.943276126017243,0.222855005966757
0.243229724901751,0.943276126017243,0.222606662687652
0.243336906037871,0.943356699701877,0.222177728544393
0.243444087173991,0.943356699701877,0.221994828332775
0.243551268310111,0.943437273386512,0.221817618921091
0.243658449446231,0.943517847071147,0.221138170921598
0.243694176491604,0.943678994440416,0.220790728502048
0.243837084673098,0.943678994440416,0.220569514685718
0.243979992854591,0.943678994440416,0.220183828933689
0.244087173990711,0.94375956812505,0.220037907413277
0.244122901036084,0.94392071549432,0.219676183931641
0.244230082172204,0.944001289178954,0.21938418295795
0.244301536262951,0.944162436548223,0.219046400245266
0.244372990353698,0.944243010232858,0.218683313441895
0.244480171489818,0.944323583917492,0.218148829451643
0.244623079671311,0.944323583917492,0.21756074513956
0.244730260807431,0.944323583917492,0.217462506966577
0.244837441943551,0.944404157602127,0.217292261044702
0.244944623079671,0.944484731286762,0.216824706197247
0.245087531261165,0.944484731286762,0.21668002480498
0.245194712397285,0.944484731286762,0.216605343757128
0.245301893533405,0.944565304971396,0.216453879085249
0.245409074669525,0.944645878656031,0.216176549740866
0.245480528760272,0.944726452340666,0.215887931567821
0.245623436941765,0.944726452340666,0.215507026809027
0.245730618077885,0.9448070260253,0.215076516361162
0.245837799214005,0.9448070260253,0.214965173327944
0.245944980350125,0.944887599709935,0.214731523976141
0.246016434440872,0.945048747079204,0.214466513059578
0.246087888531618,0.945129320763838,0.214414656878611
0.246195069667738,0.945209894448473,0.21425581780147
0.246266523758485,0.945371041817742,0.214078782784885
0.246337977849232,0.945532189187012,0.213866479448432
0.246445158985352,0.945532189187012,0.213521799589476
0.246552340121472,0.945612762871646,0.213345170828578
0.246659521257592,0.945693336556281,0.212736584130187
0.246730975348339,0.945773910240915,0.212415953781392
0.246838156484459,0.94585448392555,0.212014549306646
0.246909610575205,0.946015631294819,0.211904570352542
0.247016791711325,0.946015631294819,0.211809923666308
0.247159699892819,0.946015631294819,0.211488513274693
0.247302608074312,0.946015631294819,0.211367180602159
0.247445516255806,0.946015631294819,0.211101091834055
0.247516970346552,0.946096204979454,0.210791875313766
0.247659878528046,0.946096204979454,0.210605663834585
0.247802786709539,0.946096204979454,0.210131438744325
0.247909967845659,0.946096204979454,0.209938543394148
0.248052876027153,0.946096204979454,0.20967343372447
0.248195784208646,0.946096204979454,0.209214444731113
0.248302965344766,0.946096204979454,0.209156371923143
0.248445873526259,0.946096204979454,0.209058929207361
0.248517327617006,0.946257352348723,0.208253981776552
0.248660235798499,0.946257352348723,0.207882859032102
0.24876741693462,0.946257352348723,0.207813415950058
0.248910325116113,0.946257352348723,0.207410433704168
0.249017506252233,0.946337926033358,0.207185880704404
0.24908896034298,0.946418499717992,0.20700649810079
0.249231868524473,0.946418499717992,0.206532775473695
0.249374776705966,0.946418499717992,0.206213413324022
0.249446230796713,0.946499073402627,0.205924454766793
0.249589138978207,0.946499073402627,0.20545130109769
0.2497320471597,0.946499073402627,0.205023155781371
0.249874955341193,0.946499073402627,0.204914685716548
0.24994640943194,0.946579647087261,0.204583766970193
0.250017863522687,0.94674079445653,0.204448859803674
0.250125044658807,0.946821368141165,0.203721710518796
0.250196498749553,0.9469019418258,0.203558216267897
0.250303679885673,0.946982515510434,0.203349098315441
0.250446588067167,0.946982515510434,0.20307882710484
0.250518042157914,0.947063089195069,0.203029800287155
0.250660950339407,0.947063089195069,0.202814456940842
0.250768131475527,0.947143662879704,0.202663466560733
0.25091103965702,0.947143662879704,0.20251359551207
0.25101822079314,0.947143662879704,0.202388854602914
0.25112540192926,0.947224236564338,0.202127882389274
0.25123258306538,0.947304810248973,0.201848062592547
0.251339764201501,0.947304810248973,0.2015566751994
0.251446945337621,0.947385383933607,0.201394791090604
0.251589853519114,0.947385383933607,0.201254492053385
0.251697034655234,0.947385383933607,0.200748659419219
0.251839942836727,0.947385383933607,0.200407542733517
0.251947123972847,0.947465957618242,0.200152697694154
0.252054305108967,0.947465957618242,0.199862134300739
0.252197213290461,0.947465957618242,0.199498273982065
0.252340121471954,0.947465957618242,0.198494326735456
0.252447302608074,0.947546531302876,0.197777375098674
0.252554483744194,0.947546531302876,0.197603299623017
0.252697391925688,0.947546531302876,0.19736639345935
0.252840300107181,0.947546531302876,0.197038795216714
0.252947481243301,0.947546531302876,0.196885088169865
0.253054662379421,0.947627104987511,0.196737914654364
0.253197570560915,0.947627104987511,0.196309412915432
0.253304751697035,0.947627104987511,0.196030610306561
0.253411932833155,0.947707678672146,0.195590730542231
0.253554841014648,0.947707678672146,0.195246180948502
0.253662022150768,0.94778825235678,0.194901627221076
0.253697749196141,0.94794939972605,0.194753886634306
0.253804930332262,0.948029973410684,0.194495446564431
0.253912111468382,0.948110547095319,0.194263058709323
0.254019292604502,0.948110547095319,0.194058599477792
0.254126473740622,0.948191120779953,0.193755720134738
0.254233654876742,0.948271694464588,0.193540832383913
0.254340836012862,0.948271694464588,0.193422887799876
0.254483744194355,0.948271694464588,0.193140230987378
0.254626652375849,0.948271694464588,0.192648932126779
0.254769560557342,0.948271694464588,0.192319594361144
0.254876741693462,0.948271694464588,0.191956682002516
0.255019649874955,0.948271694464588,0.191658740271193
0.255126831011075,0.948352268149222,0.19137801722028
0.255234012147195,0.948352268149222,0.191070353935888
0.255376920328689,0.948352268149222,0.190764986414511
0.255519828510182,0.948352268149222,0.190521254505864
0.255627009646302,0.948352268149222,0.190277655945927
0.255734190782422,0.948432841833857,0.189453488673258
0.255841371918542,0.948513415518492,0.189188446859695
0.255984280100036,0.948513415518492,0.188866698907514
0.256091461236156,0.948513415518492,0.188673974020204
0.256198642372276,0.948593989203126,0.188533719719669
0.256305823508396,0.948674562887761,0.188001190616802
0.256413004644516,0.948674562887761,0.187949997273782
0.256484458735263,0.94883571025703,0.187806469405938
0.256591639871383,0.948916283941665,0.187502777634911
0.256663093962129,0.948996857626299,0.187267274437627
0.256770275098249,0.949077431310934,0.186803759216259
0.256806002143623,0.949319152364838,0.186544628397396
0.256913183279743,0.949319152364838,0.186026493782089
0.257056091461236,0.949319152364838,0.185868565326998
0.25719899964273,0.949319152364838,0.185551712588779
0.25730618077885,0.949399726049472,0.185148555115858
0.25741336191497,0.949399726049472,0.185028470703321
0.257484816005716,0.949560873418741,0.184598508824057
0.25762772418721,0.949560873418741,0.184367223626701
0.25773490532333,0.949560873418741,0.184217190887613
0.257806359414076,0.949722020788011,0.184112899734051
0.25794926759557,0.949722020788011,0.183629420087014
0.25805644873169,0.949722020788011,0.183344310142064
0.258199356913183,0.949722020788011,0.183278434433893
0.258306538049303,0.949802594472645,0.183095587653267
0.258449446230797,0.949802594472645,0.182435682438846
0.258556627366917,0.949802594472645,0.182306937962708
0.258663808503037,0.94988316815728,0.181861210796404
0.258770989639157,0.949963741841914,0.181569426002038
0.258842443729904,0.950044315526549,0.181050773898999
0.258985351911397,0.950044315526549,0.180772654793045
0.25912826009289,0.950044315526549,0.18048896680904
0.25923544122901,0.950044315526549,0.180242193858906
0.259378349410504,0.950044315526549,0.179857138317841
0.259521257591997,0.950044315526549,0.179447269554825
0.259664165773491,0.950044315526549,0.179272581994417
0.259664165773491,0.950286036580453,0.178951375984723
0.259807073954984,0.950286036580453,0.17859577628212
0.259914255091104,0.950366610265087,0.178211457704
0.260021436227224,0.950366610265087,0.178152632153369
0.260164344408717,0.950366610265087,0.177714124054407
0.260307252590211,0.950366610265087,0.177200237088074
0.260378706680957,0.950447183949722,0.176828466320056
0.260485887817078,0.950527757634357,0.176741391564012
0.260593068953198,0.950608331318991,0.176412009108322
0.260735977134691,0.950608331318991,0.176208421301686
0.260807431225438,0.950688905003626,0.175882962489944
0.260914612361558,0.95076947868826,0.175703090506723
0.261021793497678,0.950850052372895,0.175080410696944
0.261128974633798,0.950850052372895,0.175011338362752
0.261271882815291,0.950850052372895,0.174902623929094
0.261379063951411,0.95093062605753,0.174615885984599
0.261450518042158,0.951011199742164,0.174430087319223
0.261557699178278,0.951091773426799,0.174191592790879
0.261629153269025,0.951252920796068,0.173994082302917
0.261772061450518,0.951252920796068,0.173596587951788
0.261879242586638,0.951252920796068,0.173441750907943
0.262022150768131,0.951252920796068,0.173232649625119
0.262129331904252,0.951333494480703,0.172715734085918
0.262236513040372,0.951333494480703,0.17241446334445
0.262343694176492,0.951414068165337,0.172187591502642
0.262486602357985,0.951414068165337,0.171749640318791
0.262593783494105,0.951414068165337,0.171485990128179
0.262700964630225,0.951494641849972,0.170868127811271
0.262843872811718,0.951494641849972,0.170567520608557
0.262951053947839,0.951494641849972,0.170251099573225
0.263093962129332,0.951494641849972,0.169602008696285
0.263201143265452,0.951575215534606,0.169297097870542
0.263344051446945,0.951575215534606,0.169132199060203
0.263451232583065,0.951575215534606,0.168996743255508
0.263558413719185,0.951655789219241,0.168511912438328
0.263701321900679,0.951655789219241,0.168311538291877
0.263808503036799,0.951655789219241,0.167877715064778
0.263951411218292,0.951655789219241,0.167667864881736
0.264058592354412,0.951736362903876,0.167355444859006
0.264165773490532,0.951736362903876,0.167066095565894
0.264308681672026,0.951736362903876,0.166971799259048
0.264344408717399,0.951978083957779,0.166414024190117
0.264487316898892,0.951978083957779,0.166320273915454
0.264558770989639,0.952058657642414,0.166171777136332
0.264701679171133,0.952058657642414,0.165984686095296
0.264808860307253,0.952139231327049,0.165824128931328
0.264916041443373,0.952139231327049,0.165593630561323
0.265058949624866,0.952139231327049,0.16533356634068
0.265201857806359,0.952139231327049,0.164948026398972
0.265309038942479,0.952139231327049,0.164609903681803
0.265451947123973,0.952139231327049,0.164305224452997
0.265559128260093,0.952219805011683,0.163941513587212
0.265666309396213,0.952300378696318,0.1635909238358
0.265773490532333,0.952300378696318,0.163499682002682
0.265916398713826,0.952300378696318,0.16315104154337
0.266023579849946,0.952380952380952,0.162897734899833
0.266130760986066,0.952380952380952,0.162689239290904
0.266202215076813,0.952542099750222,0.162239877204243
0.266345123258307,0.952542099750222,0.161862672497941
0.266452304394427,0.952542099750222,0.161583172038266
0.266523758485173,0.952703247119491,0.161071340836181
0.266630939621293,0.952783820804125,0.160986973385056
0.266773847802787,0.952783820804125,0.160858087711054
0.266881028938907,0.952783820804125,0.16077943751074
0.2670239371204,0.952783820804125,0.160498673925068
0.267166845301894,0.952783820804125,0.160083789593433
0.267274026438014,0.952783820804125,0.159900803607652
0.267416934619507,0.952783820804125,0.159352287653695
0.267559842801,0.952783820804125,0.159039157585108
0.26766702393712,0.952783820804125,0.158665178387378
0.26777420507324,0.95286439448876,0.158235426765343
0.267917113254734,0.95286439448876,0.157744961693267
0.268024294390854,0.95286439448876,0.157178609045869
0.268131475526974,0.952944968173395,0.156888735130766
0.268238656663094,0.953025541858029,0.15651264132664
0.268381564844587,0.953025541858029,0.156379791814104
0.268488745980707,0.953025541858029,0.156140241764595
0.268631654162201,0.953025541858029,0.155877731942402
0.268774562343694,0.953025541858029,0.155528483473187
0.268846016434441,0.953106115542664,0.155444649431344
0.268988924615934,0.953106115542664,0.155243025853335
0.269060378706681,0.953267262911933,0.15492659450341
0.269167559842801,0.953267262911933,0.154529678301443
0.269274740978921,0.953347836596568,0.15421335680541
0.269417649160414,0.953347836596568,0.154037882861969
0.269524830296534,0.953428410281202,0.153991001908411
0.269632011432655,0.953428410281202,0.153506031694546
0.269774919614148,0.953428410281202,0.152924263873053
0.269846373704895,0.953589557650471,0.152725776524402
0.269953554841015,0.953589557650471,0.152585818837534
0.270025008931761,0.953750705019741,0.152460462337248
0.270167917113255,0.953750705019741,0.152089423250043
0.270239371204001,0.953831278704375,0.151776173662118
0.270382279385495,0.953831278704375,0.15133222245141
0.270525187566988,0.953831278704375,0.150994044434359
0.270632368703108,0.95391185238901,0.150362447821087
0.270739549839228,0.95391185238901,0.150177440935772
0.270882458020722,0.95391185238901,0.14957702046721
0.271025366202215,0.95391185238901,0.149216328751864
0.271132547338335,0.95391185238901,0.148518236468841
0.271275455519829,0.95391185238901,0.148403877615247
0.271418363701322,0.95391185238901,0.148163952658118
0.271489817792069,0.953992426073644,0.148039231139473
0.271561271882815,0.954153573442914,0.14767357310532
0.271704180064309,0.954153573442914,0.147295701738736
0.271847088245802,0.954153573442914,0.147102113380769
0.271882815291175,0.954314720812183,0.147015340621994
0.271989996427295,0.954395294496817,0.14671343116425
0.272097177563416,0.954475868181452,0.146529851400284
0.272204358699536,0.954475868181452,0.146436114964642
0.272347266881029,0.954475868181452,0.145984537583476
0.272490175062522,0.954475868181452,0.145478332149372
0.272490175062522,0.954717589235356,0.145280402971669
0.272597356198642,0.95479816291999,0.144831473051722
0.272740264380136,0.95479816291999,0.144540536069305
0.272847445516256,0.954878736604625,0.14424521523395
0.272954626652376,0.954878736604625,0.144145762941049
0.273061807788496,0.95495931028926,0.14399856309703
0.273133261879243,0.955120457658529,0.143856917080442
0.273240443015363,0.955120457658529,0.143297468329933
0.273311897106109,0.955281605027798,0.142698491311948
0.273454805287603,0.955281605027798,0.142333165026355
0.273561986423723,0.955281605027798,0.142239001338424
0.273704894605216,0.955281605027798,0.141701796907074
0.27384780278671,0.955281605027798,0.14135635840562
0.27395498392283,0.955281605027798,0.141097281915095
0.274097892104323,0.955281605027798,0.140600287261202
0.274205073240443,0.955362178712433,0.14031846086139
0.27427652733119,0.955523326081702,0.140005588109432
0.27438370846731,0.955523326081702,0.139842326574399
0.274526616648803,0.955523326081702,0.139552971167816
0.274669524830297,0.955523326081702,0.139253484216483
0.274740978921043,0.955603899766336,0.13890213027444
0.27481243301179,0.955765047135606,0.138806008476162
0.274955341193283,0.955765047135606,0.138609490439713
0.275062522329403,0.955765047135606,0.138442551172823
0.275169703465523,0.95584562082024,0.138137177443113
0.275276884601643,0.955926194504875,0.137983204436812
0.275419792783137,0.955926194504875,0.137407752241691
0.275491246873884,0.956006768189509,0.136940289864167
0.275598428010004,0.956087341874144,0.136612619751336
0.275741336191497,0.956087341874144,0.136205808481745
0.275848517327617,0.956087341874144,0.135918203491186
0.27599142550911,0.956087341874144,0.13574727456178
0.276134333690604,0.956087341874144,0.135555736718295
0.276241514826724,0.956087341874144,0.135347974145633
0.276384423008217,0.956087341874144,0.135117258808733
0.276491604144337,0.956167915558779,0.134827074987755
0.276598785280457,0.956248489243413,0.134621478605799
0.276705966416577,0.956248489243413,0.134347466777268
0.276848874598071,0.956248489243413,0.134201316870432
0.276991782779564,0.956248489243413,0.134006844543987
0.277098963915684,0.956248489243413,0.13384253712697
0.277241872097178,0.956248489243413,0.133455923729003
0.277384780278671,0.956248489243413,0.132970085988432
0.277491961414791,0.956248489243413,0.132764280495899
0.277634869596284,0.956248489243413,0.132655445223846
0.277742050732404,0.956329062928048,0.132220045723439
0.277884958913898,0.956329062928048,0.13165915884252
0.277992140050018,0.956329062928048,0.131408936124023
0.278135048231511,0.956329062928048,0.130792795084295
0.278242229367631,0.956409636612682,0.13025191676392
0.278349410503751,0.956409636612682,0.130202570170786
0.278456591639871,0.956490210297317,0.129913870321705
0.278563772775991,0.956570783981952,0.129488757361826
0.278670953912111,0.956570783981952,0.1293651194925
0.278813862093605,0.956570783981952,0.128802793276723
0.278956770275098,0.956570783981952,0.128340231682708
0.279063951411218,0.956570783981952,0.128303953750993
0.279171132547338,0.956651357666586,0.1280713252098
0.279314040728832,0.956651357666586,0.127653805984637
0.279456948910325,0.956651357666586,0.127361986516942
0.279564130046445,0.956651357666586,0.12708368961174
0.279671311182565,0.956731931351221,0.126569598635069
0.279814219364059,0.956731931351221,0.126267104268811
0.279885673454805,0.956812505035855,0.126156524780931
0.279921400500179,0.957054226089759,0.125841081126615
0.280064308681672,0.957054226089759,0.125700355348439
0.280135762772419,0.957134799774394,0.12551762378345
0.280242943908539,0.957215373459028,0.125060962561128
0.280385852090032,0.957215373459028,0.124731515158891
0.280493033226152,0.957295947143663,0.124152017968854
0.280600214362272,0.957295947143663,0.123657341397118
0.280707395498392,0.957376520828297,0.123498135213031
0.280850303679886,0.957376520828297,0.122513624819588
0.280957484816006,0.957376520828297,0.122112152835462
0.281100392997499,0.957376520828297,0.121838396828107
0.281243301178992,0.957376520828297,0.121013131657915
0.281350482315113,0.957376520828297,0.120905335634774
0.281457663451233,0.957457094512932,0.120487779378318
0.281600571632726,0.957457094512932,0.120237545726285
0.281707752768846,0.957537668197567,0.120018934118161
0.281814933904966,0.957537668197567,0.119726517227182
0.281957842086459,0.957537668197567,0.119507104865431
0.282065023222579,0.957618241882201,0.119221885316148
0.282136477313326,0.957698815566836,0.119134809196774
0.282243658449446,0.95777938925147,0.118970713071059
0.28238656663094,0.95777938925147,0.118413529101291
0.282422293676313,0.95794053662074,0.118176167928798
0.282565201857806,0.95794053662074,0.117943255654745
0.2827081100393,0.95794053662074,0.117376292126308
0.282851018220793,0.95794053662074,0.117127021445231
0.282958199356913,0.95794053662074,0.11643743211287
0.283101107538407,0.95794053662074,0.116317002788042
0.2832440157199,0.95794053662074,0.116020262382403
0.283315469810647,0.958021110305374,0.115794910636321
0.28345837799214,0.958021110305374,0.115318643133257
0.283529832082887,0.958182257674643,0.115039982188653
0.283637013219007,0.958182257674643,0.114800431184647
0.2837799214005,0.958182257674643,0.114452444808479
0.28388710253662,0.958262831359278,0.114047585939024
0.284030010718114,0.958262831359278,0.113712431126048
0.284137191854234,0.958262831359278,0.113339489948489
0.284280100035727,0.958262831359278,0.112739312479912
0.28442300821722,0.958262831359278,0.112507323245683
0.28453018935334,0.958262831359278,0.112427070715403
0.284673097534834,0.958262831359278,0.112162178290389
0.284780278670954,0.958343405043913,0.111768548746868
0.284851732761701,0.958423978728547,0.111610956236907
0.284994640943194,0.958423978728547,0.111185878344632
0.285137549124687,0.958423978728547,0.110909864486031
0.285244730260807,0.958423978728547,0.11059856554576
0.285316184351554,0.958585126097816,0.110273442809068
0.285459092533048,0.958585126097816,0.109814035283957
0.285566273669168,0.958665699782451,0.109606980169269
0.285673454805288,0.958665699782451,0.109544482074483
0.285780635941408,0.958746273467086,0.109315340575072
0.285923544122901,0.958746273467086,0.109240546891402
0.286030725259021,0.958746273467086,0.109051378478407
0.286137906395141,0.95882684715172,0.108903952313891
0.286280814576635,0.95882684715172,0.108480997597664
0.286387995712755,0.95882684715172,0.108434548801779
0.286495176848875,0.958907420836355,0.10802092660402
0.286638085030368,0.958907420836355,0.10786477459453
0.286745266166488,0.958987994520989,0.107635222707778
0.286852447302608,0.958987994520989,0.107518595192949
0.286959628438728,0.959068568205624,0.107454407316838
0.287102536620222,0.959068568205624,0.107232501243165
0.287173990710968,0.959149141890259,0.107132663741146
0.287245444801715,0.959310289259528,0.106650285756316
0.287352625937835,0.959390862944162,0.106076341060051
0.287459807073955,0.959390862944162,0.105955588404212
0.287566988210075,0.959471436628797,0.105788592772938
0.287709896391568,0.959471436628797,0.105477289165305
0.287852804573062,0.959471436628797,0.10530776721068
0.287959985709182,0.959471436628797,0.104640963794356
0.288102893890675,0.959471436628797,0.104462316166892
0.288174347981422,0.959632583998066,0.104178901331627
0.288281529117542,0.959632583998066,0.103934816753684
0.288424437299035,0.959632583998066,0.10386099107208
0.288567345480529,0.959632583998066,0.103615481516579
0.288674526616649,0.959632583998066,0.103022874148107
0.288745980707395,0.959793731367335,0.102487365128108
0.288853161843516,0.95987430505197,0.102049081600298
0.288924615934262,0.960035452421239,0.101709442154214
0.289031797070382,0.960035452421239,0.101106320354729
0.289174705251876,0.960035452421239,0.100742115953865
0.289317613433369,0.960035452421239,0.100346572112004
0.289424794569489,0.960035452421239,0.100043482595755
0.289567702750982,0.960035452421239,0.0997409743883083
0.289710610932476,0.960035452421239,0.0994214205719805
0.289817792068596,0.960035452421239,0.0992251550501224
0.289924973204716,0.960116026105874,0.0989851822914091
0.290032154340836,0.960196599790508,0.0986668701966537
0.290175062522329,0.960196599790508,0.0981874842919728
0.290246516613076,0.960277173475143,0.097773851192319
0.290353697749196,0.960357747159778,0.0975357929740829
0.290460878885316,0.960438320844412,0.0973881344437559
0.290532332976063,0.960518894529047,0.0970479016316047
0.290639514112183,0.960599468213681,0.0966999106897879
0.290782422293676,0.960599468213681,0.0962569441213099
0.290889603429796,0.960599468213681,0.0960606889119435
0.29103251161129,0.960599468213681,0.0956528103837352
0.291103965702036,0.960760615582951,0.0951133335281981
0.291175419792783,0.960841189267585,0.0950013753683958
0.291318327974277,0.960841189267585,0.094366091475201
0.291425509110397,0.96092176295222,0.0938274759867199
0.291532690246517,0.961002336636854,0.0937090820883781
0.291639871382637,0.961002336636854,0.0935739311114783
0.29178277956413,0.961002336636854,0.0931407853330499
0.291925687745623,0.961002336636854,0.0925914087455544
0.292032868881743,0.961002336636854,0.0923095860326774
0.29210432297249,0.961163484006124,0.0920309746520016
0.292247231153984,0.961163484006124,0.0916768193207033
0.292354412290104,0.961163484006124,0.0914450863649715
0.292497320471597,0.961163484006124,0.0907398500469488
0.29264022865309,0.961163484006124,0.090584772770601
0.292783136834584,0.961163484006124,0.0902191946980572
0.29285459092533,0.961244057690758,0.0899734743343927
0.292961772061451,0.961324631375393,0.0897702718080977
0.293104680242944,0.961324631375393,0.0896170529297496
0.293176134333691,0.961405205060027,0.0894255375126278
0.293283315469811,0.961485778744662,0.0891878975330472
0.293426223651304,0.961485778744662,0.0889805104024483
0.293533404787424,0.961485778744662,0.0886766509171613
0.293676312968917,0.961485778744662,0.0881299807228018
0.293783494105038,0.961566352429297,0.0878196473953259
0.293926402286531,0.961566352429297,0.0875758629375221
0.293997856377278,0.961646926113931,0.0872764138456573
0.294105037513398,0.961727499798566,0.087156684682058
0.294247945694891,0.961727499798566,0.0868429127057537
0.294355126831011,0.961727499798566,0.0867203298940562
0.294462307967131,0.9618080734832,0.0866063231344669
0.294605216148625,0.9618080734832,0.0862371279625284
0.294676670239371,0.961888647167835,0.0861863953618787
0.294819578420865,0.961888647167835,0.0855982347186171
0.294962486602358,0.961888647167835,0.085043908237018
0.295069667738478,0.96196922085247,0.0847015993049426
0.295176848874598,0.96196922085247,0.0842626302311635
0.295319757056091,0.96196922085247,0.084041808590143
0.295462665237585,0.96196922085247,0.0836427737264218
0.295569846373705,0.96196922085247,0.0834679264207268
0.295712754555198,0.96196922085247,0.0828374983579714
0.295819935691318,0.962049794537104,0.0825220038437812
0.295927116827438,0.962049794537104,0.0823656085239953
0.296070025008932,0.962049794537104,0.0821840808358089
0.296212933190425,0.962049794537104,0.0819126794527726
0.296320114326545,0.962049794537104,0.0816905005184005
0.296463022508039,0.962049794537104,0.0814401966623277
0.296570203644159,0.962130368221739,0.0812725149317572
0.296677384780279,0.962210941906373,0.0807422405547439
0.296784565916399,0.962210941906373,0.0806178478701157
0.296927474097892,0.962210941906373,0.080498856434793
0.297070382279385,0.962210941906373,0.08017227305985
0.297177563415506,0.962210941906373,0.0800631247519478
0.297320471596999,0.962210941906373,0.079879951221158
0.297463379778492,0.962210941906373,0.0798038671773757
0.297570560914612,0.962210941906373,0.0797523218480919
0.297677742050732,0.962291515591008,0.079454402248764
0.297784923186852,0.962372089275643,0.0792827695618759
0.297927831368346,0.962372089275643,0.0789752307819259
0.298035012504466,0.962372089275643,0.0784327342218583
0.298142193640586,0.962452662960277,0.0780338874705672
0.298249374776706,0.962533236644912,0.0776841100447875
0.298320828867453,0.962613810329546,0.0775390486842548
0.298463737048946,0.962613810329546,0.0772521536394093
0.298570918185066,0.962694384014181,0.0769756893258272
0.298678099321186,0.962694384014181,0.0768446402830864
0.29882100750268,0.962694384014181,0.0765434612373996
0.298892461593426,0.96285553138345,0.0765178321889602
0.298999642729546,0.962936105068085,0.076234880850114
0.29903536977492,0.963097252437354,0.0760938116801345
0.299178277956413,0.963097252437354,0.0756792479420752
0.299321186137906,0.963097252437354,0.0753043396828526
0.299428367274026,0.963097252437354,0.0751449899042343
0.299535548410146,0.963177826121989,0.0748602329759248
0.29967845659164,0.963177826121989,0.0745580841907615
0.29978563772776,0.963177826121989,0.0741883389454823
0.29989281886388,0.963258399806623,0.0739317428720573
0.299964272954627,0.963419547175892,0.0736169391661375
0.300071454090747,0.963500120860527,0.0734273490342692
0.300142908181493,0.963580694545162,0.0731214551192869
0.300285816362987,0.963580694545162,0.0729514900292851
0.30042872454448,0.963580694545162,0.072349674829374
0.3005359056806,0.963580694545162,0.0720098270773334
0.30064308681672,0.963661268229796,0.0715903208744392
0.300785994998214,0.963661268229796,0.0713881251516604
0.300893176134334,0.963661268229796,0.0711972919685824
0.301036084315827,0.963661268229796,0.0710488950583627
0.30117899249732,0.963661268229796,0.070852881101216
0.301321900678814,0.963661268229796,0.0702911384470609
0.301429081814934,0.963661268229796,0.0698652752165752
0.301571989996427,0.963661268229796,0.0695682720711833
0.301714898177921,0.963661268229796,0.0691628092251333
0.301822079314041,0.963661268229796,0.0689226972371667
0.301929260450161,0.963741841914431,0.0685545643889672
0.302072168631654,0.963741841914431,0.0679668011425563
0.302107895677028,0.9639029892837,0.0677305583148456
0.302250803858521,0.9639029892837,0.0675016303475889
0.302393712040014,0.9639029892837,0.0673779444466422
0.302429439085388,0.964064136652969,0.0669080888779299
0.302536620221508,0.964144710337604,0.0667369625238409
0.302679528403001,0.964144710337604,0.0666207712547325
0.302822436584494,0.964144710337604,0.0664565729391516
0.302929617720614,0.964144710337604,0.0661739063454876
0.303036798856735,0.964225284022238,0.0654875374504568
0.303108252947481,0.964386431391507,0.0649450830635228
0.303179707038228,0.964467005076142,0.0642868258242753
0.303322615219721,0.964467005076142,0.0640551385599563
0.303465523401215,0.964467005076142,0.0637477085394672
0.303536977491961,0.964547578760777,0.0635237553967585
0.303644158628081,0.964628152445411,0.0631895685158115
0.303787066809575,0.964628152445411,0.0629373065866474
0.303894247945695,0.964708726130046,0.0626802300332107
0.304001429081815,0.964708726130046,0.0624828992365077
0.304144337263308,0.964708726130046,0.0621971236272137
0.304251518399428,0.964789299814681,0.0619462075555169
0.304322972490175,0.964869873499315,0.0617860328549046
0.304465880671668,0.964869873499315,0.0615625902904661
0.304573061807788,0.96495044718395,0.0613539935235756
0.304680242943909,0.96495044718395,0.0612593984989721
0.304823151125402,0.96495044718395,0.060625024949788
0.304966059306895,0.96495044718395,0.0599361554206567
0.305108967488389,0.96495044718395,0.0598377162159775
0.305216148624509,0.96495044718395,0.0596336197677629
0.305323329760629,0.965031020868584,0.0593309655665391
0.305466237942122,0.965031020868584,0.0591039273593463
0.305537692032869,0.965111594553219,0.0586741377340589
0.305680600214362,0.965111594553219,0.0582409724133131
0.305823508395856,0.965111594553219,0.0581100845092654
0.305930689531976,0.965111594553219,0.0577116405925478
0.306073597713469,0.965111594553219,0.0573144102811705
0.306180778849589,0.965192168237853,0.0570864976946613
0.306323687031083,0.965192168237853,0.0567285317862767
0.306395141121829,0.965272741922488,0.0566964608781458
0.306502322257949,0.965353315607123,0.0566116470528016
0.306645230439443,0.965353315607123,0.0564439934854225
0.306752411575563,0.965353315607123,0.0562326392186535
0.306895319757056,0.965353315607123,0.0557941556714664
0.306966773847803,0.965514462976392,0.0554657131303726
0.307073954983923,0.965514462976392,0.0553408058837808
0.307216863165416,0.965514462976392,0.0550578170198665
0.30735977134691,0.965514462976392,0.0548957105143336
0.30746695248303,0.965514462976392,0.0544017330076983
0.307609860664523,0.965514462976392,0.0541678427692969
0.307752768846016,0.965514462976392,0.0537851269820751
0.307859949982137,0.965595036661027,0.0534740801037378
0.307931404072883,0.965675610345661,0.0533553000342952
0.308074312254377,0.965675610345661,0.0530641256088977
0.30821722043587,0.965675610345661,0.0528370499056292
0.30832440157199,0.965675610345661,0.0526477312644975
0.308467309753483,0.965675610345661,0.0524025081886635
0.308574490889603,0.965756184030296,0.0521467599189587
0.308681672025723,0.965756184030296,0.0520000119239796
0.308824580207217,0.965756184030296,0.0518372381896253
0.30896748838871,0.965756184030296,0.0516084273938627
0.30907466952483,0.96583675771493,0.0513727794482082
0.30918185066095,0.96583675771493,0.0512163708317884
0.309324758842444,0.96583675771493,0.0508567967403308
0.309467667023937,0.96583675771493,0.0506074726388272
0.309574848160057,0.96583675771493,0.050274141321972
0.309717756341551,0.96583675771493,0.0497671739972236
0.309824937477671,0.965917331399565,0.0496473035807991
0.309932118613791,0.965917331399565,0.0492863020165968
0.310075026795284,0.965917331399565,0.0488362154879883
0.310217934976777,0.965917331399565,0.0486820714882786
0.310360843158271,0.965917331399565,0.0482642725675457
0.310432297249017,0.965997905084199,0.0478235290092855
0.310575205430511,0.965997905084199,0.047420903970336
0.310682386566631,0.966078478768834,0.0471531913541414
0.310789567702751,0.966078478768834,0.0470347824878479
0.310932475884244,0.966078478768834,0.0469270440745847
0.311039657020364,0.966159052453469,0.0465914600374051
0.311146838156484,0.966159052453469,0.0463255253971075
0.311289746337978,0.966159052453469,0.0460734410403358
0.311432654519471,0.966159052453469,0.0454995863574389
0.311575562700965,0.966159052453469,0.0452936599114503
0.311647016791711,0.966239626138103,0.0449746887471689
0.311789924973205,0.966239626138103,0.0444916348602931
0.311932833154698,0.966239626138103,0.0440217292217128
0.312040014290818,0.966239626138103,0.0439588768691117
0.312182922472312,0.966239626138103,0.0436200322251928
0.312290103608432,0.966320199822738,0.0434506674832016
0.312397284744552,0.966320199822738,0.0431190811670403
0.312540192926045,0.966320199822738,0.0426863462918305
0.312683101107538,0.966320199822738,0.0423613901984201
0.312826009289032,0.966320199822738,0.042135204822206
0.312897463379778,0.966400773507373,0.0417790018603397
0.313040371561272,0.966400773507373,0.0414825758602881
0.313183279742765,0.966400773507373,0.041336982008814
0.313290460878885,0.966400773507373,0.04111005941568
0.313433369060379,0.966400773507373,0.0406346914607728
0.313576277241872,0.966400773507373,0.0406157965883872
0.313683458377992,0.966400773507373,0.0405049873440065
0.313790639514112,0.966481347192007,0.0403570421792698
0.313933547695606,0.966481347192007,0.0401009563778155
0.314005001786352,0.966561920876642,0.0398905561889875
0.314147909967846,0.966561920876642,0.0394480458976426
0.314290818149339,0.966561920876642,0.0392393929503423
0.314433726330832,0.966561920876642,0.0391288151567013
0.314540907466952,0.966561920876642,0.0384510530449281
0.314683815648446,0.966561920876642,0.0381855603316437
0.314790996784566,0.966642494561276,0.037855149209424
0.314898177920686,0.966642494561276,0.0376513890753814
0.315005359056806,0.966723068245911,0.0373303804644625
0.315112540192926,0.966803641930545,0.0371731693276121
0.315219721329046,0.966803641930545,0.0370491361670182
0.31536262951054,0.966803641930545,0.0368266561939785
0.315434083601286,0.966964789299815,0.0363099559739986
0.315541264737406,0.967045362984449,0.0360064264818485
0.315648445873526,0.967045362984449,0.0359005791546456
0.31579135405502,0.967045362984449,0.0356289374816258
0.315934262236513,0.967045362984449,0.0351474861168961
0.316041443372633,0.967045362984449,0.0350805338884252
0.316184351554126,0.967045362984449,0.0348257316158991
0.316291532690247,0.967125936669084,0.0347179634880528
0.316398713826367,0.967125936669084,0.0342798174254352
0.316505894962487,0.967206510353719,0.0340679150933993
0.31664880314398,0.967206510353719,0.0335161075728191
0.3167559842801,0.967287084038353,0.0333664637012873
0.316827438370847,0.967367657722988,0.0331344797676201
0.31697034655234,0.967367657722988,0.0327657777189532
0.31707752768846,0.967448231407622,0.0322680497551145
0.31718470882458,0.967448231407622,0.0321768012037064
0.3172918899607,0.967528805092257,0.0320770452932765
0.317434798142194,0.967528805092257,0.0319504913058271
0.31750625223294,0.967609378776891,0.0317851297386354
0.317649160414434,0.967609378776891,0.0317176930528916
0.317756341550554,0.967689952461526,0.0315447863555608
0.317899249732047,0.967689952461526,0.0313386733284056
0.318006430868167,0.967689952461526,0.0312276908590594
0.318149339049661,0.967689952461526,0.0309217015042743
0.318256520185781,0.967770526146161,0.0307194308245679
0.318363701321901,0.967770526146161,0.0304568057777198
0.318470882458021,0.967851099830795,0.0301607711499538
0.318578063594141,0.96793167351543,0.0299945535131547
0.318685244730261,0.96793167351543,0.0297903731825065
0.318792425866381,0.968012247200065,0.0296020037567161
0.318899607002501,0.968092820884699,0.0288138711174967
0.319006788138621,0.968092820884699,0.0287058469267962
0.319149696320114,0.968092820884699,0.0283559148296197
0.319292604501608,0.968092820884699,0.0280825314591593
0.319399785637728,0.968173394569334,0.027733878940451
0.319471239728474,0.968253968253968,0.0271948547661597
0.319614147909968,0.968253968253968,0.0269793101654697
0.319721329046088,0.968334541938603,0.0266285852492699
0.319792783136835,0.968415115623237,0.0262907177012222
0.319935691318328,0.968415115623237,0.026190365028381
0.320042872454448,0.968495689307872,0.0258631217188338
0.320150053590568,0.968495689307872,0.0255967915448823
0.320292961772061,0.968495689307872,0.025275681326997
0.320400142908181,0.968576262992507,0.0251763116940159
0.320507324044302,0.968656836677141,0.0248669374290116
0.320614505180422,0.968656836677141,0.024513409655453
0.320757413361915,0.968656836677141,0.0243359018797876
0.320900321543408,0.968656836677141,0.02390811930099
0.321007502679528,0.968656836677141,0.0236464070185669
0.321150410861022,0.968656836677141,0.023316157652735
0.321257591997142,0.968737410361776,0.0232161398917404
0.321329046087889,0.96881798404641,0.0230760205974302
0.321471954269382,0.96881798404641,0.0227962213779038
0.321614862450875,0.96881798404641,0.0226268787619133
0.321757770632369,0.96881798404641,0.0224854984849391
0.321829224723115,0.968898557731045,0.0224216017215817
0.321936405859235,0.96897913141568,0.0221175864984777
0.322079314040729,0.96897913141568,0.0220602646345592
0.322186495176849,0.96897913141568,0.0218132978635875
0.322329403358342,0.96897913141568,0.0216288562959811
0.322472311539836,0.96897913141568,0.0214923264596931
0.322579492675956,0.96897913141568,0.0211535092971557
0.322722400857449,0.96897913141568,0.0209971016978732
0.322865309038943,0.96897913141568,0.020707169414475
0.322972490175063,0.969059705100314,0.0205590491888351
0.323079671311183,0.969059705100314,0.0204167450779313
0.323186852447303,0.969140278784949,0.0202699749778336
0.323294033583423,0.969220852469583,0.0199737714335202
0.323401214719543,0.969220852469583,0.0199427766268344
0.323544122901036,0.969220852469583,0.0197972193130879
0.323687031082529,0.969220852469583,0.0195158412748543
0.32379421221865,0.969220852469583,0.0193491717395133
0.323937120400143,0.969220852469583,0.0192601188140153
0.324080028581636,0.969220852469583,0.0191299101064815
0.32422293676313,0.969220852469583,0.0187956614783638
0.324294390853876,0.969301426154218,0.0186236312080118
0.324401571989996,0.969381999838853,0.018348068871929
0.324508753126116,0.969462573523487,0.018142185396553
0.324615934262237,0.969462573523487,0.0178977306495949
0.32475884244373,0.969462573523487,0.0176322259964012
0.324901750625223,0.969462573523487,0.0174679633073849
0.325008931761343,0.969462573523487,0.0173092504261059
0.325116112897463,0.969543147208122,0.0171773823444162
0.32518756698821,0.969704294577391,0.0170864826938323
0.32529474812433,0.969704294577391,0.016909038180908
0.325437656305823,0.969704294577391,0.0167066218326398
0.325544837441944,0.969784868262026,0.0164197637777396
0.325687745623437,0.969784868262026,0.0162844562433695
0.325794926759557,0.969784868262026,0.0160530662254608
0.32593783494105,0.969784868262026,0.0156763045367086
0.326080743122544,0.969784868262026,0.0154462088400201
0.326187924258664,0.969784868262026,0.0152603954130585
0.326330832440157,0.969784868262026,0.0150539188353584
0.326473740621651,0.969784868262026,0.014941341738105
0.326545194712397,0.96986544194666,0.0146609578186569
0.326688102893891,0.96986544194666,0.0143705659267524
0.326795284030011,0.969946015631295,0.0142020854166203
0.326938192211504,0.969946015631295,0.013861113500052
0.327045373347624,0.969946015631295,0.0135346999175639
0.327188281529118,0.969946015631295,0.0133499524492681
0.327331189710611,0.969946015631295,0.0130718416144406
0.327438370846731,0.969946015631295,0.0127640310115907
0.327581279028224,0.969946015631295,0.0126412018988434
0.327724187209718,0.969946015631295,0.0124088981974818
0.327831368345838,0.969946015631295,0.0122459444878478
0.327938549481958,0.970026589315929,0.0121009910747473
0.328081457663451,0.970026589315929,0.0119338798350301
0.328224365844945,0.970026589315929,0.0117373714826595
0.328331546981065,0.970026589315929,0.0114538640414502
0.328474455162558,0.970026589315929,0.011352311069528
0.328617363344051,0.970026589315929,0.0112231910619229
0.328724544480171,0.970026589315929,0.0110955338610985
0.328867452661665,0.970026589315929,0.010669412517975
0.329010360843158,0.970026589315929,0.0105656726480634
0.329117541979278,0.970026589315929,0.0103826702684593
0.329224723115398,0.970107163000564,0.0102815056483896
0.329331904251518,0.970187736685199,0.00998385183919187
0.329474812433012,0.970187736685199,0.00952838754199503
0.329581993569132,0.970187736685199,0.00922860340074294
0.329689174705252,0.970268310369833,0.00909477113740514
0.329832082886745,0.970268310369833,0.00878932387310932
0.329939264022865,0.970268310369833,0.00868913205900695
0.330046445158985,0.970348884054468,0.00857563694730545
0.330189353340479,0.970348884054468,0.00843467681736693
0.330296534476599,0.970348884054468,0.00822261035869615
0.330439442658092,0.970348884054468,0.00811418380892492
0.330510896748839,0.970510031423737,0.00804750885290251
0.330618077884959,0.970510031423737,0.00782805199090314
0.330760986066452,0.970510031423737,0.00771103864814959
0.330903894247946,0.970510031423737,0.00754069529325851
0.331011075384066,0.970590605108372,0.0074102806080264
0.331118256520186,0.970590605108372,0.00729136254620355
0.331261164701679,0.970590605108372,0.00711802302423509
0.331404072883173,0.970590605108372,0.00684937102091321
0.331511254019293,0.970590605108372,0.00675858692150638
0.331618435155413,0.970671178793006,0.00664175685013818
0.331761343336906,0.970671178793006,0.00653196640994758
0.331868524473026,0.970671178793006,0.0064150230800965
0.331975705609146,0.970751752477641,0.00626162192559787
0.33211861379064,0.970751752477641,0.00597528692740601
0.332261521972133,0.970751752477641,0.00586660276526985
0.332368703108253,0.970751752477641,0.00564587029881958
0.332511611289746,0.970751752477641,0.00528640239251799
0.33265451947124,0.970751752477641,0.00518975355209195
0.33276170060736,0.970751752477641,0.0048624736198325
0.332904608788853,0.970751752477641,0.00478517670866468
0.333047516970347,0.970751752477641,0.00447676964639926
0.333154698106467,0.970751752477641,0.00439912100525752
0.33329760628796,0.970751752477641,0.00431842417539463
0.33340478742408,0.970832326162275,0.00422426048039842
0.3335119685602,0.97091289984691,0.00399451216847185
0.333583422650947,0.970993473531545,0.00381971557379274
0.333690603787067,0.971074047216179,0.00366013169530444
0.33383351196856,0.971074047216179,0.00348060822002749
0.33394069310468,0.971074047216179,0.00341857635428933
0.334083601286174,0.971074047216179,0.00326068785560885
0.334226509467667,0.971074047216179,0.0031094071487861
0.334333690603787,0.971074047216179,0.00295610131667223
0.33447659878528,0.971074047216179,0.00280618986128983
0.334619506966774,0.971074047216179,0.00261729738869243
0.334762415148267,0.971074047216179,0.00238836387785796
0.334869596284387,0.971074047216179,0.00227706470576117
0.335012504465881,0.971074047216179,0.00207836916669329
0.335155412647374,0.971074047216179,0.00196106824993925
0.335262593783494,0.971074047216179,0.0018483194490263
0.335405501964987,0.971074047216179,0.00134736014396919
0.335548410146481,0.971074047216179,0.00128629195999985
0.335655591282601,0.971074047216179,0.0012692410993792
0.335798499464094,0.971074047216179,0.00117292041552264
0.335941407645588,0.971074047216179,0.00102161751302943
0.336084315827081,0.971074047216179,0.000972496266474887
0.336191496963201,0.971074047216179,0.000836372644386296
0.336334405144695,0.971074047216179,0.000452583997721301
0.336477313326188,0.971074047216179,0.00023190501250292
0.336584494462308,0.971074047216179,0.000173442968306348
1,1,-Inf
