FalseFeasibleRate,TrueFeasibleRate,Threshold
0,0,Inf
0.00335282451018313,0.547199085415646,0.999740413087852
0.0033569392962554,0.547432734907423,0.999472111345966
0.00336323249848358,0.547661664207447,0.999180649391267
0.00337000979319085,0.54788964946912,0.998903268021164
0.00337678708789812,0.548118106749969,0.998622284957595
0.00338525870628221,0.548342787877415,0.998334283468172
0.00339058372355221,0.54857360525414,0.998075175795931
0.00339469850962448,0.548807254745917,0.997811064772141
0.00340195989681085,0.549034295969239,0.997534259156641
0.00340946333023676,0.549260865173387,0.997250838796647
0.0034150303937463,0.549491682550112,0.996991964160976
0.00342277587341175,0.549717779735084,0.996709387563906
0.0034283429369213,0.549948597111809,0.996444399337396
0.00343391000043084,0.550178942469359,0.996172557797224
0.00343971911017993,0.550408815807733,0.995890600216431
0.00344528617368948,0.550639633184459,0.995622375815918
0.00345230551463629,0.550867146426956,0.995340246259833
0.00345908280934357,0.55109513168863,0.995070688088329
0.00346586010405084,0.551323588969478,0.994814893807202
0.0034731214912372,0.551550630192801,0.994557814992669
0.00347893060098629,0.551780503531175,0.99428592793333
0.00348546584945402,0.552009432831199,0.994003894539855
0.00349151700544265,0.552238834150399,0.993729136123376
0.0034970840689522,0.552469179507948,0.993451539734588
0.00350531364109674,0.552694804673745,0.993170378157315
0.0035125750282831,0.552921845897068,0.992902327966964
0.00351814209179265,0.553152191254618,0.992624469959634
0.0035258875714581,0.553378760458765,0.992329783045866
0.00353339100488401,0.553605329662912,0.992079800108717
0.00354355694694492,0.553826706656131,0.991806034224453
0.00354936605669401,0.554057052013681,0.99150024684803
0.0035551751664431,0.554286925352055,0.991230598516012
0.0035631626923481,0.554512550517852,0.990939147065499
0.00357042407953446,0.55474006376035,0.990653874511783
0.00357695932800218,0.554968521041199,0.990390610247359
0.00358276843775127,0.555198394379573,0.990109774803446
0.00358857754750036,0.555428739737123,0.989825445332752
0.00359680711964491,0.555653892883745,0.98953229249335
0.00360382646059173,0.555881878145418,0.989250114646657
0.00361036170905945,0.556110335426266,0.988989397734501
0.00361810718872491,0.556336432611238,0.988713771222481
0.00362464243719263,0.556565361911262,0.988429600516404
0.0036314197318999,0.556793347172936,0.988158139050317
0.00363868111908627,0.557020388396258,0.98788542987477
0.00364642659875172,0.557246957600406,0.987609124564682
0.00365393003217763,0.557473526804553,0.987338874195447
0.00366191755808263,0.55769915197035,0.987049949943043
0.00366772666783172,0.557929497327899,0.986774609927695
0.00367595623997626,0.558154650474521,0.986483907320173
0.00368079716476717,0.558386411889597,0.986206021839836
0.00368781650571399,0.55861439715127,0.985935858813479
0.00369677221657717,0.558838134240365,0.98566000815536
0.00370209723384717,0.55906895161709,0.98538602864491
0.00370935862103353,0.559296464859589,0.985134113208289
0.00371516773078262,0.559526338197963,0.984856022374704
0.00372097684053171,0.559756211536337,0.984582836220974
0.00372775413523898,0.559984668817186,0.984315953544268
0.00373598370738352,0.560209821963807,0.984039188395755
0.00374251895585125,0.560438279244656,0.983768769417632
0.00374784397312125,0.560669568640557,0.983484230930099
0.00375486331406807,0.560897081883054,0.983221961817008
0.00376454516364988,0.561119402914624,0.982956955415118
0.00377035427339897,0.561349748272174,0.982672724406899
0.0037795520305017,0.561573013342094,0.982398567703225
0.00378802364888579,0.561798166488715,0.98212982146452
0.00379455889735351,0.562026623769564,0.981850368609675
0.0038008520995817,0.562255553069588,0.981566820950187
0.00380738734804942,0.562484482369612,0.981294291828679
0.00381416464275669,0.562712467631285,0.98101341154228
0.00382094193746397,0.562940452892958,0.980711810052628
0.00382820332465033,0.563167966135456,0.980451501424552
0.00383570675807624,0.563394535339604,0.980175829664114
0.00384248405278351,0.563622520601277,0.979899802298117
0.00385119771740714,0.563847201728723,0.979637126842332
0.00385773296587487,0.564075659009572,0.979360843499973
0.0038642682143426,0.56430411629042,0.979097771438958
0.00387298187896623,0.564528797417866,0.978803273881432
0.00387879098871532,0.564758670756241,0.978544373554193
0.00388556828342259,0.564986656017914,0.978245834828855
0.00389428194804623,0.56521133714536,0.97796510912245
0.00390009105779532,0.565441210483735,0.977695315240511
0.00390614221378395,0.565670611802934,0.977419875427127
0.00391049904609577,0.565903789275536,0.977144856422192
0.00391679224832395,0.566132718575559,0.976864011197324
0.00392429568174986,0.566359287779707,0.976591587826124
0.00393058888397804,0.566588689098906,0.976295974715068
0.00393833436364349,0.566814786283878,0.976021145978007
0.00394777416698576,0.567037579334623,0.975741389668231
0.00395624578536985,0.567262732481244,0.975475937233038
0.0039644753575144,0.567487885627866,0.975155974547416
0.00397028446726349,0.567718230985416,0.974873215098533
0.00397851403940803,0.567943384132037,0.974597997250545
0.00398504928787576,0.568171841412886,0.974326741296156
0.00399376295249939,0.568396522540332,0.974052917810182
0.00400175047840439,0.568622147706128,0.973748648473631
0.00400755958815348,0.568852021044503,0.973463002734705
0.00401361074414212,0.569081894382877,0.973173909123931
0.00402184031628666,0.569307047529499,0.972904051244673
0.00402668124107757,0.569538808944575,0.972636776166305
0.00403394262826393,0.569766322187073,0.972371300060062
0.00404168810792939,0.569992419372045,0.97208059430822
0.00404846540263666,0.570220404633718,0.971794473973689
0.00405524269734393,0.570448861914566,0.971530215740769
0.00406347226948847,0.570674015061188,0.971271174595552
0.00407145979539347,0.570899640226985,0.97099061981291
0.00407702685890302,0.57113045760371,0.970722523008783
0.00408695075472438,0.571352306616104,0.970426623902289
0.00409372804943165,0.571580291877777,0.970145517239263
0.00410002125165983,0.571809693196976,0.969884153886037
0.00410558831516938,0.572040038554526,0.969611431479372
0.00411284970235574,0.572267079777849,0.969332246609757
0.00412132132073983,0.57249223292447,0.969060373786892
0.00412858270792619,0.572719274147793,0.968783705090693
0.0041360861413521,0.57294584335194,0.968497727482644
0.00414479980597573,0.573170524479386,0.968213592450455
0.00415181914692255,0.573398037721884,0.967929862211775
0.0041600487190671,0.573623662887681,0.967666989603753
0.00416900442993028,0.573847399976777,0.967368532382157
0.00417457149343982,0.574077745334326,0.967104254513123
0.00418110674190755,0.57430667463435,0.966820534157855
0.00418643175917755,0.574537492011076,0.966543061103673
0.004194177238843,0.574763589196048,0.966266575674553
0.00420337499594573,0.574987326285143,0.966000404110781
0.00421039433689254,0.575214839527641,0.96571678647723
0.00421838186279754,0.575440464693438,0.965446845465509
0.00422806371237936,0.575663257744183,0.96517515009304
0.00423605123828436,0.575888882909979,0.964904448558121
0.00424403876418936,0.576114508075776,0.964614522857379
0.0042522683363339,0.576340133241573,0.964321772618929
0.00425928767728072,0.576567646484071,0.964057919924953
0.00426872748062299,0.576790439534816,0.963774184242786
0.00427598886780935,0.577017952777314,0.963483242766742
0.00428300820875617,0.577245466019812,0.963203124336162
0.00429026959594253,0.577472507243134,0.962925002274123
0.00429801507560798,0.577699076447282,0.962646159110177
0.00430527646279435,0.577926117670604,0.962381194548394
0.00431277989622025,0.578152686874752,0.962113630000839
0.00432415606947889,0.578372175791269,0.961846640349363
0.00433383791906071,0.578594496822839,0.961556605633496
0.00434134135248661,0.578821066026986,0.961277133448992
0.00434884478591252,0.579048107250309,0.960979577089687
0.00435586412685934,0.579275620492807,0.960682763395684
0.00436457779148297,0.579500301620253,0.960394735926888
0.00437256531738797,0.57972592678605,0.960127340685931
0.00438055284329297,0.579951551951846,0.959841007215293
0.00438926650791661,0.580176233079293,0.959567158173548
0.00439652789510297,0.580403274302615,0.959281192751755
0.00440572565220569,0.580626539372535,0.959009767844938
0.00441468136306888,0.580850748480806,0.958724147934705
0.00442194275025524,0.581077789704129,0.958454560580885
0.00442823595248342,0.581306719004153,0.958163945268865
0.00443670757086751,0.581531872150774,0.957878576526319
0.00444663146668887,0.581753721163168,0.957570246742226
0.00445607127003114,0.581976514213913,0.957302311345872
0.00446672130457114,0.582197419187957,0.957008210586428
0.00447374064551796,0.582424932430455,0.956726385437721
0.00448148612518341,0.582651029615427,0.956437657260702
0.00449019978980705,0.582875710742873,0.956154445614211
0.00449697708451432,0.583103696004546,0.955870797808717
0.00450375437922159,0.58333168126622,0.9555920886248
0.00450980553521022,0.583561554604594,0.955287752221972
0.00451900329231295,0.583784819674514,0.955012566728206
0.00452916923437386,0.584006196667733,0.954730705038831
0.00453860903771613,0.584229461737654,0.95445679857142
0.00454708065610022,0.5844541428651,0.954176385589453
0.00455216362713067,0.584685432261,0.95389835092305
0.0045586988755984,0.584914361561024,0.9536105038252
0.00456910686389885,0.585135266535068,0.953313378633761
0.00457903075972021,0.585357587566637,0.953033996868047
0.00458943874802067,0.585578492540681,0.952764108955414
0.00459984673632112,0.585799397514725,0.952484504591775
0.00460977063214248,0.586021718546294,0.952206452456193
0.00461872634300566,0.58624545563539,0.951923247347848
0.00462986047002475,0.586464944551907,0.951637645525717
0.00463978436584611,0.586687265583477,0.951372811200902
0.00464922416918839,0.586910058634222,0.951102372148631
0.00465987420372838,0.58713049158909,0.950824399103244
0.00466979809954975,0.58735281262066,0.95053181187473
0.00467730153297565,0.587579381824807,0.950237740094603
0.00468504701264111,0.587805479009779,0.949972187158986
0.00469424476974383,0.588029216098875,0.949704223236507
0.00470295843436747,0.588253425207146,0.949402641885835
0.00471288233018883,0.58847527421954,0.949146663717004
0.00472135394857292,0.588700427366161,0.948848699724945
0.0047303096594361,0.588924164455257,0.948575918211066
0.00474071764773655,0.5891450694293,0.948299308319968
0.00475015745107882,0.589368334499221,0.94801721929035
0.0047622597630561,0.589585935339037,0.947731453175448
0.00477169956639837,0.589808728389782,0.947438272673694
0.00478017118478246,0.590033881536404,0.947175630258403
0.00478477006333382,0.590266114970655,0.946905008770637
0.00479154735804109,0.590494100232328,0.94662307867668
0.00480195534634154,0.590715477225547,0.94633421703463
0.00481018491848609,0.590940630372168,0.946067596816196
0.00482083495302609,0.591161535346212,0.945786699852447
0.00482906452517063,0.591386688492833,0.945515546146356
0.0048358418198779,0.591614673754507,0.945210126533496
0.00484334525330381,0.591841714977829,0.944920584078003
0.00485278505664608,0.592064508028574,0.944624413522876
0.00486367713742562,0.592284468964267,0.944331722406223
0.00487190670957017,0.592510094130064,0.944065541368192
0.00488037832795426,0.59273477525751,0.943782255618002
0.00489102836249426,0.592955208212378,0.94350718671494
0.0048992579346388,0.593180833378175,0.943230764253672
0.00490821364550198,0.593404570467271,0.942940607803828
0.00491934777252107,0.593624059383788,0.942635790080932
0.00493023985330062,0.593844492338657,0.942348145166956
0.00494040579536152,0.594065869331876,0.942046189575471
0.00495081378366198,0.594286774305919,0.941775776253264
0.0049600115407647,0.594510511395015,0.94150820650169
0.00496872520538834,0.594734720503286,0.941219108403094
0.00497622863881424,0.594961289707433,0.940938907481536
0.00498470025719833,0.595186442854055,0.940641113976138
0.00499389801430106,0.595409707923975,0.940356014389669
0.00500236963268515,0.595634389051421,0.940070016137246
0.00501180943602742,0.595857654121341,0.939782969505117
0.00502003900817197,0.596082807267962,0.939516102979011
0.00503044699647242,0.596303712242006,0.939221361205587
0.00504085498477287,0.596525089235225,0.938927702109134
0.00504884251067787,0.596750714401022,0.938654092785351
0.00505779822154105,0.596974923509293,0.938353663966758
0.00506844825608105,0.597195356464161,0.938070587918154
0.00508055056805832,0.597412957303977,0.937796957073266
0.00508781195524468,0.597640470546476,0.937519633693431
0.00509846198978468,0.597860903501344,0.937251740201621
0.00510911202432468,0.598081336456212,0.936973537041652
0.00511806773518786,0.598305545564483,0.936659429600081
0.00512653935357195,0.598530226691929,0.936379129935766
0.00513573711067467,0.598753491761849,0.936094526873046
0.00514541896025649,0.598976284812594,0.935812106317543
0.00515437467111967,0.59920002190169,0.935539575035284
0.00516163605830603,0.599427063125012,0.935267869537098
0.00516938153797149,0.59965363232916,0.934983327431733
0.0051795474800324,0.599875009322379,0.934708528855469
0.00519043956081194,0.600094970258072,0.934424747241047
0.00519818504047739,0.600321539462219,0.934135841939176
0.00520665665886148,0.600546220589665,0.933851274898615
0.00521561236972466,0.600769957678761,0.933577539712333
0.00522577831178557,0.600991806691155,0.933296628590503
0.00523667039256511,0.601211767626848,0.933019828882997
0.00524393177975148,0.601438808850171,0.932743751318526
0.0052557920454892,0.601657353728338,0.932467264737015
0.00526595798755011,0.601878730721557,0.932195131044555
0.00527467165217374,0.602102939829828,0.931913563851863
0.00528338531679738,0.602327620957274,0.931632822157757
0.00529161488894192,0.602552774103895,0.931338035842115
0.00530202287724238,0.602774151097114,0.931072814033481
0.00531243086554283,0.602995056071158,0.930773157315896
0.00532259680760374,0.603216433064377,0.930476880477639
0.00533469911958101,0.603434505923369,0.930198972659002
0.00534244459924646,0.603660603108341,0.929930696858837
0.00535357872626555,0.603880092024858,0.92965880935318
0.00536059806721237,0.604108077286532,0.929368217783606
0.00537076400927328,0.604329454279751,0.929075377427959
0.00537971972013646,0.604553191368846,0.928780791528531
0.00538964361595782,0.604775512400416,0.928511842971927
0.00539956751177918,0.60499736141281,0.928256529961024
0.00540755503768418,0.605222986578607,0.92797920540584
0.00541626870230781,0.605447667706053,0.927711300357589
0.00542449827445236,0.605672820852674,0.927411436882863
0.00543490626275281,0.605893725826718,0.927134014434634
0.0054460403897719,0.606113686762411,0.926873706913485
0.00545717451679099,0.606333175678929,0.926584908097049
0.00546806659757053,0.606553136614622,0.926288772400339
0.00547557003099644,0.606780177837944,0.926014951303634
0.00548573597305735,0.607001554831163,0.925744339909412
0.00549323940648326,0.607228124035311,0.925448798768786
0.0055041314872628,0.607448556990179,0.925186992744064
0.00551163492068871,0.607675126194327,0.924912735083228
0.00552252700146825,0.60789508713002,0.924610573875959
0.00553051452737325,0.608121184314992,0.924309452074054
0.00554310093182961,0.608337841116458,0.92402419454806
0.00555302482765097,0.608560162148027,0.923751600236284
0.00556319076971188,0.608781539141246,0.923467871533155
0.00557674535912643,0.608996307866011,0.923185927313175
0.00558545902375006,0.609220988993457,0.922892938734248
0.00559586701205051,0.6094418939675,0.922611223978567
0.00560458067667415,0.609666103075771,0.922334801482297
0.00561281024881869,0.609891728241568,0.922061526363201
0.00562152391344233,0.610115937349839,0.921779448489801
0.00563072167054505,0.610339202419759,0.921511141527857
0.00564064556636642,0.610561523451329,0.921221662005747
0.00565056946218778,0.610783372463723,0.92095034850429
0.00566170358920687,0.611002861380241,0.920662397919888
0.0056730797624655,0.611222350296758,0.920386233114483
0.00568494002820323,0.61144042315575,0.920098453363111
0.00569316960034777,0.611665576302372,0.919827531154058
0.00570333554240868,0.611887425314766,0.919531005745916
0.00571229125327186,0.612111162403862,0.919272744218631
0.00572148901037459,0.612334427473782,0.918974230812818
0.00573165495243549,0.612556276486176,0.918680379729897
0.00574351521817322,0.612774349345168,0.918401519483083
0.00575464934519231,0.612993838261686,0.918109123051219
0.00576554142597185,0.613214271216554,0.917820113693861
0.00577570736803276,0.613435648209773,0.917533224555574
0.00578684149505185,0.613655137126291,0.917262244238483
0.00579700743711276,0.613876986138685,0.916981776359593
0.00580886770285048,0.614095058997677,0.916719235082597
0.0058185495524323,0.614317852048422,0.916439965867422
0.00582798935577457,0.614540645099167,0.916144411705381
0.00583767120535639,0.614762966130736,0.915850874654443
0.00585025760981275,0.614980094951377,0.915565457605355
0.00585945536691547,0.615203360021297,0.915303193296337
0.00587083154017411,0.61542237691864,0.915024264234402
0.00588148157471411,0.615643281892684,0.914726616798104
0.00589213160925411,0.615863714847552,0.914446454242952
0.00590399187499183,0.616081787706544,0.914166546486434
0.00591391577081319,0.616304108738113,0.913877486525988
0.00592456580535319,0.616524541692982,0.913584561057736
0.00593376356245592,0.616747806762902,0.913291593744914
0.00594465564323546,0.61696823971777,0.913010022445263
0.00595821023265,0.617183008442535,0.91271729958692
0.00596861822095046,0.617403913416579,0.912445763559453
0.00597951030173,0.617624346371447,0.912159390356336
0.00599209670618636,0.617841003172913,0.911881832360632
0.006003472879445,0.618060020070255,0.911593522854483
0.00601436496022454,0.618280453025124,0.911326557838001
0.00602501499476454,0.618500885979992,0.911032117818157
0.00603445479810681,0.618723679030737,0.910763603428659
0.00604486278640726,0.618945056023956,0.910462175757138
0.00605672305214499,0.619163128882948,0.910179198606379
0.00607100378027817,0.619376481550187,0.909892497660631
0.00608092767609953,0.619598802581756,0.909603562943969
0.00609181975687908,0.619818763517449,0.909323619202724
0.00610392206885635,0.620036836376441,0.909045124820382
0.00611457210339634,0.620257269331309,0.908780928807226
0.0061249800916968,0.620478174305353,0.908509640793304
0.00613490398751816,0.620700495336923,0.908221105770676
0.00614289151342316,0.620926120502719,0.907931661533653
0.00615087903932816,0.621151745668516,0.907657984177941
0.00616152907386816,0.62137265064256,0.907384323269435
0.0061724211546477,0.621592611578253,0.907104339266245
0.00618355528166679,0.621812100494771,0.906815410591452
0.00619323713124861,0.622034893545515,0.906529046315401
0.00620679172066315,0.62224966227028,0.906248059651011
0.00621623152400542,0.622472455321025,0.90595727334438
0.00622397700367087,0.622699024525172,0.905664636348534
0.00623196452957587,0.622924649690969,0.905382601347046
0.00624188842539723,0.623146498703363,0.905106211948235
0.00625568506105132,0.623361267428128,0.904834254657012
0.00626681918807041,0.623580756344646,0.904542960902678
0.00627553285269405,0.623804965452917,0.904267193903163
0.00628908744210859,0.624020206196856,0.903945276723031
0.00629997952288813,0.62424016713255,0.903664286119423
0.00631111364990722,0.624459656049067,0.903381924543159
0.00632031140700995,0.624683393138163,0.903089933579728
0.00633313985770586,0.624899577920453,0.902811040752908
0.00634330579976676,0.625120954913672,0.902551246320212
0.00635395583430676,0.625341859887716,0.90226167883492
0.00636654223876312,0.625558516689182,0.901975115027982
0.00637888659697994,0.625776117528999,0.9016825430536
0.00638977867775948,0.625996078464692,0.901390454419126
0.0063994605273413,0.626218399496261,0.901100807970021
0.00641253102427675,0.626434584278552,0.900826705263181
0.00642487538249357,0.626651713099193,0.900526970617932
0.00643552541703357,0.626872146054061,0.900263565616422
0.00644762772901084,0.627090218913053,0.899975122329733
0.00646045617970675,0.627306403695344,0.899695542545897
0.00647207439920493,0.627524948573511,0.899410510260594
0.00648199829502629,0.62774726960508,0.899132574481227
0.00649192219084765,0.627969118617475,0.898859393110144
0.00650329836410629,0.628188135514817,0.89857222313012
0.00651661090728128,0.628403848277932,0.898286364484481
0.00652774503430037,0.62862333719445,0.898001367345573
0.00653839506884037,0.628843770149319,0.897705712528778
0.00655219170449446,0.629058538874083,0.897415387250311
0.00656259969279491,0.629279443848127,0.897146344942186
0.00657276563485582,0.629500820841346,0.896874798634548
0.00658389976187491,0.629720781777039,0.89660021058197
0.00659721230504991,0.629936022520979,0.896327982780819
0.00660979870950627,0.630152679322445,0.896066593380217
0.00661802828165081,0.630378304488242,0.895762282603713
0.00662964650114899,0.630596849366409,0.895475693361224
0.00664174881312626,0.630814450206225,0.895193881973962
0.00665336703262444,0.631033467103568,0.894901669517891
0.00666498525212262,0.631252011981735,0.894606866371404
0.00667636142538126,0.631471500898252,0.894316274516345
0.00668797964487944,0.63169004577642,0.894017604198325
0.00669862967941944,0.631910478731288,0.893722572640949
0.00671145813011534,0.632127135532754,0.893429807971172
0.0067245286270508,0.632342848295869,0.893148303555626
0.00673590480030943,0.632561865193212,0.892862336494159
0.00674849120476579,0.632778994013853,0.892570566652442
0.00675938328554534,0.632998954949546,0.892285892226365
0.00677075945880397,0.633217971846888,0.89199893800097
0.00678165153958352,0.633438404801757,0.891706941976786
0.00679230157412351,0.633658837756625,0.891417701565901
0.00680488797857988,0.633875494558091,0.891137950281908
0.00681699029055715,0.634093567417083,0.890845961262727
0.00682860851005533,0.63431211229525,0.890565680545447
0.00684288923818851,0.634525464962489,0.890278081077819
0.00685499155016578,0.63474353782148,0.890009665747216
0.00686757795462214,0.634960194622946,0.889717563517353
0.00688089049779714,0.635175435366886,0.889431467670521
0.00689129848609759,0.635396812360105,0.889144629573828
0.00690388489055395,0.635613469161571,0.888850439989468
0.00691598720253122,0.635831070001388,0.888562156464834
0.00692833156074804,0.636048670841204,0.888283498778519
0.00694285433512076,0.636261551489268,0.888012405793447
0.00695519869333758,0.636478680309909,0.887717209783284
0.00696705895907531,0.636697225188076,0.8874100030542
0.00698012945601076,0.636912937951191,0.88713504153554
0.00699271586046712,0.637130066771833,0.886831989681174
0.00700409203372575,0.637349083669175,0.886548765037481
0.0070176466231403,0.63756385239394,0.886277282982762
0.00702878075015939,0.637783813329633,0.885984343776475
0.00704427170949029,0.637994805900995,0.885715029012765
0.00705637402146757,0.638212406740811,0.885442761134682
0.0070704127033612,0.638426703446401,0.885124074850549
0.00708251501533847,0.638644304286217,0.884836095061685
0.0070943752810762,0.638862377145209,0.884562453438787
0.00710696168553256,0.63907950596585,0.884290444940043
0.00712221059862392,0.639290970556388,0.88399888252186
0.00713334472564301,0.639510459472906,0.883712505688427
0.00714568908385982,0.639728060312722,0.883414204862147
0.0071604539044721,0.63994046894161,0.883109850145409
0.00717255621644937,0.640158069781427,0.882812632647687
0.00718417443594755,0.640377086678769,0.882524666986434
0.00719506651672709,0.640597047614462,0.882253613402384
0.00720644268998572,0.640816064511805,0.881979715297058
0.00721975523316072,0.64103177727492,0.88170383568587
0.00723427800753345,0.641244657922983,0.881427459061926
0.00725073715182254,0.641453762417644,0.881148360832991
0.00726380764875799,0.641669947199935,0.880855811880746
0.0072792986080889,0.641880939771297,0.880558766711204
0.00729043273510798,0.642100428687815,0.880290490783372
0.00730180890836662,0.642319917604333,0.880006048340491
0.00731560554402071,0.642534214309922,0.879729186780211
0.00733061241087252,0.64274662293881,0.879463068296983
0.00734513518524525,0.642959503586874,0.879177249727432
0.00735747954346206,0.643176632407515,0.878895094527293
0.00736909776296025,0.643395649304857,0.878599553503091
0.00738313644485388,0.643609473991271,0.878289135903167
0.00739862740418479,0.643820466562634,0.877985419807052
0.00741145585488069,0.6440371233641,0.877687912596169
0.00742380021309751,0.644254252184741,0.877382573103325
0.0074375968487516,0.64446854889033,0.877086391367982
0.00745139348440569,0.644683317615095,0.876788018298776
0.00746688444373659,0.644894310186457,0.87651410853018
0.00747559810836023,0.645118519294728,0.876242180569248
0.00748939474401432,0.645333288019493,0.875954208198316
0.00750536979582431,0.645543336552504,0.875661771670963
0.00751795620028068,0.64575999335397,0.875344477240827
0.00753417329833022,0.645970041886982,0.875065784373928
0.00754772788774476,0.646184810611746,0.874765313426643
0.0075617665696384,0.64639863529816,0.874479661347611
0.00757580525153203,0.64661293200375,0.87418745996386
0.00758887574846748,0.646828644766865,0.873881868242608
0.00760170419916339,0.647044829549156,0.873607328108147
0.00761283832618248,0.647264790484849,0.873307501447733
0.00762615086935748,0.647480031228789,0.87300624502923
0.0076406736437302,0.647692911876852,0.872716229418169
0.00765471232562384,0.647907208582441,0.872430174193666
0.0076699612387152,0.648118673172979,0.872138196957335
0.0076832737818902,0.648334385936094,0.871863295882763
0.00769779655626292,0.648547266584158,0.871577639853573
0.0077094147757611,0.648765811462325,0.871283077907537
0.0077227273189361,0.64898152422544,0.870984599809401
0.00773700804706928,0.649194876892679,0.870702112804043
0.00775104672896291,0.649408701579093,0.870422197432196
0.00776387517965882,0.649625358380559,0.870138906318353
0.00777573544539655,0.649843431239551,0.869852670995784
0.00778856389609245,0.650059616021841,0.869549520935621
0.00780453894790245,0.650270136574028,0.869251652400099
0.00781664125987972,0.650487737413845,0.868956576576579
0.00782680720194063,0.650709114407064,0.868676973984943
0.00784084588383426,0.650923411112653,0.868413275847531
0.00785512661196744,0.651136763779892,0.868119580139659
0.00786577664650744,0.65135719673476,0.86781698422476
0.00787666872728699,0.651577629689629,0.867525598342248
0.00789094945542017,0.651790982356867,0.867259064768115
0.00790474609107425,0.652005279062457,0.866959974431055
0.00791999500416562,0.65221721567217,0.866673420927443
0.00793403368605925,0.652431040358584,0.866406600225667
0.0079497666916297,0.65264156091077,0.866123503673593
0.00796428946600243,0.652854913578009,0.865834159646434
0.00797663382421924,0.65307204239865,0.86554428944921
0.00799018841363379,0.653286811123415,0.865283444885743
0.0080078577891206,0.653494027541375,0.865015839279567
0.00802455897964924,0.653702660016861,0.864735830890344
0.00803787152282423,0.653918372779976,0.864453921829334
0.00805166815847832,0.654132669485565,0.864168434543731
0.00807103185764196,0.654336109750122,0.863869270187493
0.0080872489556915,0.654546158283134,0.863569976963435
0.00810080354510604,0.654760927007899,0.86328701772476
0.00811435813452059,0.654975695732663,0.862988149882243
0.00812549226153968,0.655195656668356,0.862703795175823
0.00813977298967286,0.655409009335595,0.86242643959402
0.0081533275790874,0.65562377806036,0.862133601754153
0.00816712421474149,0.655838546785125,0.861847252152144
0.00818019471167694,0.65605425954824,0.861566159012638
0.00819641180972648,0.656263836062076,0.861268745494563
0.00821166072281784,0.656475772671789,0.86098638970347
0.0082247312197533,0.656691485434904,0.860709973234486
0.00823998013284466,0.656902950025442,0.86043099142554
0.00825256653730102,0.657120078846083,0.860150163261703
0.00826854158911102,0.657330127379095,0.859844030593658
0.00828088594732783,0.657547256199736,0.859544952907882
0.0082956507679401,0.657760136847799,0.859234337804373
0.00831065763479192,0.657972073457512,0.858969344752408
0.0083276008715601,0.658180233913823,0.858686040032685
0.008345754339526,0.658386506293432,0.858388721795547
0.00836027711389873,0.658599386941495,0.858075242908532
0.00837334761083418,0.65881509970461,0.857785961647349
0.00838496583033236,0.659034116601953,0.857506088042008
0.00840384543701691,0.659238500904861,0.857222494959845
0.00841861025762918,0.659451381552924,0.856913867529783
0.00843119666208554,0.65966803835439,0.856620785221093
0.0084464455751769,0.659879502944928,0.856318595886111
0.00846290471946599,0.660089079458764,0.856037450541449
0.00847912181751553,0.6602986559726,0.85574241593174
0.00849219231445098,0.660514368735716,0.855454962658149
0.00850550485762598,0.660730081498831,0.855166474691005
0.0085178492158428,0.660947210319472,0.854865279896887
0.00853551859132961,0.661153954718256,0.854550614179226
0.0085519777356187,0.661363531232093,0.854266121770603
0.00857182552726143,0.6615660274583,0.853991257918035
0.00858320170052006,0.661785044355642,0.853719189683629
0.00859845061361142,0.661996980965355,0.853457452424675
0.00861636203533778,0.662203253344964,0.853171313760461
0.00863112685595005,0.662415661973852,0.852864386414699
0.00864492349160414,0.662630430698617,0.852587404025106
0.00865968831221641,0.662842839327505,0.852335273509599
0.00867687359522414,0.66305052776464,0.852049551647235
0.0086921225083155,0.663262464374353,0.851736344473143
0.00870979188380231,0.663469208773137,0.851448023958367
0.00872673512057049,0.663677369229448,0.851146409091746
0.00874053175622458,0.663892137954212,0.850860561443402
0.00875771703923231,0.664099826391347,0.850572152920409
0.0087741761835214,0.664308930886008,0.850289686591263
0.00879257169772685,0.664514731246442,0.850023769754335
0.0088083047032973,0.664725251798629,0.849735428834019
0.00882282747767002,0.664938604465868,0.849448616797923
0.00883807639076139,0.665150069056405,0.84915143527776
0.00885405144257138,0.665360117589417,0.848862193455062
0.00887220491053729,0.665566389969026,0.848571613242246
0.0088850333612332,0.665782574751317,0.848270801970247
0.00889931408936638,0.665995927418555,0.847976162198306
0.00891335277126001,0.666210224124145,0.847671401505327
0.00892860168435137,0.666421688714682,0.847401093062004
0.00894675515231728,0.666627489075116,0.847136782873287
0.00896273020412728,0.666838009627303,0.846859351667353
0.00897580070106273,0.667053722390418,0.846573257707284
0.008990565521675,0.667266131019307,0.846281562416161
0.00900750875844318,0.667474763494792,0.84599657635028
0.00902759859632545,0.667676787701824,0.845722089833425
0.00904405774061454,0.667885892196485,0.84545229575699
0.0090619691623409,0.668092636595269,0.845176462061864
0.00907963853782771,0.668299380994054,0.844905225714968
0.00909295108100271,0.668514621737993,0.844594890765524
0.00910698976289634,0.668728918443583,0.844274177961049
0.00912127049102953,0.668942271110822,0.843989173206337
0.00913603531164179,0.66915467973971,0.843691973332342
0.00915080013225407,0.669367560387773,0.843382463206211
0.00916629109158497,0.669578552959135,0.84308525807333
0.0091834763745927,0.669786713415446,0.842787664640614
0.00920090370383997,0.669993929833406,0.842509081055915
0.00921833103308724,0.670201146251365,0.84222581258939
0.00923333789993905,0.670413554880253,0.841948890728959
0.0092495549979886,0.67062313139409,0.841657248440323
0.00926431981860087,0.670835540022978,0.841385444855027
0.00928198919408768,0.671042756440938,0.84111459805143
0.00930062675453268,0.671247612763021,0.840824783766666
0.00931974840745677,0.671451525046754,0.840532412684955
0.0093364495979854,0.671660629541414,0.840235746982437
0.00935532920466994,0.671865013844322,0.839950575839671
0.00937203039519858,0.672073646319808,0.839675243532277
0.00939018386316448,0.672279918699417,0.839383118585446
0.00941148393224448,0.672479582810572,0.839099434402713
0.00942891126149175,0.672686799228532,0.838820301564558
0.0094419817584272,0.672902984010822,0.838544297398269
0.00946303978126765,0.673103120141153,0.83825714796605
0.00948143529547311,0.673308448482411,0.837993974282003
0.00949668420856447,0.673520385092124,0.837689927637864
0.00951169107541628,0.673732321701837,0.837403634745393
0.00952911840466355,0.673939538119797,0.837134601769899
0.00954606164143173,0.674148170595282,0.836865541917852
0.00956687761803264,0.674348778744788,0.836594299414083
0.00958357880856127,0.674557411220273,0.836301929086313
0.00960294250772491,0.674761323504006,0.836016354700935
0.00961988574449309,0.674969483960316,0.835744464187464
0.00963924944365672,0.675173396244049,0.835453715810798
0.00965740291162263,0.675379196604483,0.835157019331376
0.00967652456454671,0.675583108888215,0.834881579195231
0.00969419394003353,0.675790325306175,0.834619174834025
0.00971500991663443,0.675990933455681,0.834343203112668
0.00973292133836079,0.67619720583529,0.834048113140802
0.00975228503752443,0.676401118119022,0.833755898506086
0.00976777599685534,0.676612110690385,0.833456064980074
0.00978907606593533,0.67681177480154,0.833144123364638
0.00980311474782897,0.677026071507129,0.832876690634345
0.00982030003083669,0.677233759944264,0.832585921923506
0.00983724326760487,0.677441920400574,0.83232045014007
0.00985684901300805,0.677645360665132,0.832042907071959
0.00987451838849487,0.677852105063916,0.831754592132748
0.00989364004141895,0.678056017347649,0.831485319432513
0.00991324578682213,0.678259457612206,0.831204103012388
0.00992825265367395,0.678471394221919,0.830918187461377
0.00994616407540031,0.678677666601528,0.830621301688146
0.00996141298849167,0.678889603211241,0.830312231894544
0.00998053464141576,0.679093515494973,0.830011419712338
0.0099967517394653,0.67930309200881,0.829718287314592
0.0100163574848685,0.679506532273367,0.829421906226308
0.0100345109528344,0.679712332633801,0.829123906739528
0.0100514541896026,0.679920493090111,0.828834314032608
0.010069849703808,0.680126293450545,0.828550075593493
0.0100867929405762,0.680334453906856,0.828268451990947
0.0101083350558957,0.68053411801801,0.827982398365853
0.0101274567088198,0.680738030301743,0.827682513625793
0.0101465783617439,0.680941942585476,0.827390704728372
0.0101613431823562,0.681154823233539,0.827110049431069
0.0101787705116035,0.681362039651499,0.826840937363104
0.010194987609653,0.681571616165335,0.826572825970499
0.0102119308464212,0.681780248640821,0.826287081192838
0.0102371036553339,0.681972360445171,0.82600834183117
0.0102525946146648,0.682183353016533,0.825719206386941
0.0102685696664748,0.68239387356872,0.82545334378693
0.0102927742904293,0.682587873449771,0.825173671187891
0.0103123800358325,0.682790841695153,0.824867630723632
0.0103288391801216,0.683000418208989,0.824582190870569
0.0103469926480875,0.683206218569423,0.824296377106369
0.0103668404397302,0.68340871479563,0.824011948396167
0.0103803950291448,0.68362395553957,0.823716150404926
0.0104024212369434,0.683822203593199,0.82341132299999
0.0104217849361071,0.684025643857756,0.823111977842544
0.0104394543115939,0.684232860275716,0.822820381780536
0.0104576077795598,0.68443866063615,0.822530643355625
0.0104774555712025,0.684641156862356,0.822224097591682
0.0104999658714802,0.68483893289681,0.821921585633202
0.0105205398018416,0.685040013065491,0.821635751142681
0.0105386932698075,0.685245813425925,0.821339801725418
0.0105582990152107,0.685449253690482,0.821046824058028
0.0105776627143743,0.685652693955039,0.820762514398026
0.0105982366447357,0.685854246142895,0.820495916892998
0.0106180844363784,0.686056742369102,0.820215247367549
0.0106389004129793,0.686257350518607,0.819928079719131
0.0106565697884661,0.686464566936567,0.819635704183415
0.0106756914413902,0.6866684792203,0.819338759874409
0.0106945710480747,0.686872863523208,0.819063412778475
0.0107090938224475,0.687086216190447,0.818779128680396
0.0107277313828925,0.68729107251253,0.818501349105994
0.0107483053132538,0.687492152681211,0.818224226017178
0.0107628280876265,0.687705505348449,0.817931104855982
0.0107783190469575,0.687916497919811,0.817648502466507
0.0107969566074025,0.688121354241895,0.817340710324543
0.0108189828152011,0.688320074314699,0.817048894185822
0.0108349578670111,0.688530122847711,0.816773330547652
0.0108523851962584,0.68873733926567,0.816490505063324
0.0108729591266197,0.688938891453526,0.816209415593623
0.0108940171494602,0.689139027583857,0.815904520956472
0.0109109603862283,0.689347188040167,0.815612370408765
0.0109291138541942,0.689553460419776,0.815316083883185
0.0109450889060042,0.689763508952788,0.81504274099565
0.0109642105589283,0.68996742123652,0.814753903749703
0.0109833322118524,0.690171805539428,0.814454074500769
0.0110000334023811,0.690380438014914,0.814154739721235
0.011020849378982,0.690581046164419,0.813850949539692
0.0110402130781456,0.690784958448152,0.813558521129605
0.0110593347310697,0.690988870731885,0.81325173484126
0.0110813609388683,0.691187590804689,0.812930563282078
0.0111004825917924,0.691391503088421,0.812626028748781
0.0111222667533515,0.691590223161226,0.812320233863856
0.0111452611461083,0.691787055157329,0.812033378447449
0.0111660771227092,0.691987663306834,0.811754003425537
0.0111895556079451,0.692183079245411,0.811454378144524
0.0112057727059947,0.692393127778423,0.811152326388967
0.0112244102664397,0.692597984100506,0.81085644102811
0.0112454682892801,0.692798120230836,0.810590650607886
0.0112665263121206,0.692998728380342,0.810300899749804
0.0112890366123983,0.69319603239562,0.810006899492746
0.0113067059878851,0.693402776794405,0.809699398563185
0.0113243753633719,0.693609993212364,0.809435429212392
0.0113466436174101,0.693807769246818,0.80913514306138
0.0113640709466574,0.694014985664778,0.808849367370242
0.0113802880447069,0.694225034197789,0.808561365374198
0.0114003778825892,0.694427058404821,0.808250375003226
0.0114219199979087,0.6946262504968,0.807959040533483
0.0114407996045933,0.694831106818883,0.807652683032678
0.0114628258123919,0.695029354872512,0.807364671281375
0.0114831576965137,0.695230907060368,0.807091125072278
0.0115030054881564,0.69543387530575,0.806809214952637
0.0115243055572364,0.695633539416905,0.806530489923437
0.0115453635800769,0.695833675547235,0.806235299444357
0.0115676318341151,0.696031923600864,0.805955654871963
0.0115886898569555,0.696232059731195,0.805688612829765
0.0116063592324423,0.696439276149154,0.80539817457874
0.0116298377176782,0.696634692087731,0.805127076770231
0.0116518639254769,0.69683294014136,0.804839508188027
0.011673648087036,0.69703213223334,0.804543726829328
0.0116966424797928,0.697228492210268,0.80425405406737
0.0117196368725496,0.697424852187195,0.80398414433712
0.0117423892190669,0.697622156202474,0.803676728804166
0.0117651415655841,0.697818988198577,0.803394194019925
0.0117866836809037,0.698018180290556,0.803110880062307
0.0118079837499837,0.698218316420886,0.80282686255402
0.0118266213104287,0.69842317274297,0.80252869328328
0.0118481634257482,0.698622364834949,0.802255030086857
0.0118694634948282,0.698822500965279,0.801977999421978
0.0118902794714291,0.699023109114785,0.801663572612575
0.0119120636329882,0.699221829187589,0.801351438369534
0.0119316693783914,0.699425269452146,0.801065731716736
0.0119551478636273,0.699620685390723,0.800775529055051
0.0119774161176655,0.699818461425177,0.800491558956626
0.0119975059555477,0.700020957651384,0.800206904646661
0.0120190480708673,0.700220149743363,0.799919522809018
0.01203889586251,0.70042264596957,0.799604105461932
0.0120599538853504,0.700623254119075,0.799309781566855
0.0120810119081909,0.700823390249406,0.799049562522996
0.0121037642547082,0.701020222245509,0.798778505915386
0.0121231279538718,0.701224134529241,0.79849143022263
0.0121437018842332,0.701425214697922,0.798190154863901
0.0121637917221154,0.701627710924129,0.797905322412654
0.0121841236062372,0.701829263111985,0.797635545138828
0.0122080861839522,0.702023735012211,0.797375084851281
0.0122327749003859,0.702217262874087,0.7970933872634
0.0122535908769868,0.702417871023592,0.796808195708189
0.012273680714869,0.702619895230624,0.796534588700978
0.01229449669147,0.702820975399305,0.796250109010603
0.0123138603906336,0.703024415663862,0.795945647536683
0.0123366127371509,0.703221247659965,0.795639936007478
0.0123571866675122,0.703422799847821,0.795369241826697
0.0123809071989877,0.703617743767223,0.795095932557427
0.0124029334067863,0.703815991820852,0.794811872146201
0.0124298005393758,0.70400527151015,0.794532727804799
0.0124511006084558,0.704204935621305,0.79424302382033
0.0124726427237754,0.704404127713284,0.793956044813701
0.0124937007466158,0.70460473586279,0.79367579927527
0.0125171792318517,0.704800151801367,0.793407104304272
0.0125416259020458,0.704993679663243,0.793110691282072
0.0125619577861676,0.705195703870274,0.792842385087917
0.0125856783176431,0.705390647789676,0.792566473808495
0.0126079465716813,0.705588423824129,0.792265053535562
0.0126306989181985,0.705785727839408,0.791982444700119
0.0126498205711226,0.70598964012314,0.791723962609845
0.0126728149638794,0.706186000100068,0.791437513367188
0.0126941150329594,0.706386136230398,0.791154134749087
0.0127142048708417,0.70658816043743,0.790882112103575
0.0127330844775262,0.706793016759513,0.790618479091734
0.0127524481766899,0.70699645702407,0.790332606866785
0.012779557355519,0.707184792675018,0.790050003132586
0.0127996471934012,0.707387288901224,0.78974369602232
0.012824820002314,0.707579400705574,0.789477066116086
0.012846120071394,0.707779064816729,0.789184071606615
0.0128671780942344,0.707979672966235,0.788887477454366
0.0128923509031471,0.708171784770585,0.788572203724003
0.0129102623248735,0.708378057150194,0.788286812795141
0.012934466948828,0.70857252905042,0.787980471848699
0.0129567352028662,0.708770305084874,0.78770879158672
0.0129806977805812,0.7089647769851,0.787427212596707
0.0130017558034217,0.709165385134606,0.787146708738348
0.0130262024736157,0.709358912996482,0.786832065100587
0.0130479866351748,0.709557633069286,0.786511241386254
0.0130726753516085,0.709751160931162,0.786220466814069
0.0130956697443653,0.709947520908089,0.785947096445584
0.0131186641371221,0.710143880885017,0.785649118670576
0.0131416585298789,0.71034071288112,0.785363099854063
0.013163442691438,0.710539432953924,0.785088790087543
0.0131883734541112,0.71073201677745,0.784813394049185
0.0132130621705448,0.710925544639325,0.784529848735123
0.0132346042858644,0.711124736731305,0.784237069788591
0.0132590509560584,0.711318264593181,0.783947164099442
0.0132847078574503,0.711509904378355,0.783645893690966
0.0133091545276443,0.711703432240231,0.783348023699762
0.0133345693827966,0.711895544044581,0.783065988063552
0.0133619206078652,0.712083407676353,0.782786136183652
0.0133875775092571,0.712274575442353,0.782507711559498
0.0134042786997857,0.712483679937014,0.782221790812213
0.0134275151387821,0.712679567894766,0.78192630542292
0.0134512356702575,0.712874511814168,0.781647461083736
0.0134768925716493,0.713066151599343,0.781360944427243
0.0135035176579993,0.713255431288641,0.781066267794303
0.013526027958277,0.713452735303919,0.780791477493636
0.0135463598423989,0.71365475951095,0.780482362633459
0.0135729849287488,0.713844039200249,0.780201982377055
0.0135942849978288,0.714043703311403,0.779908582557818
0.0136201839454602,0.714234871077403,0.779628617487926
0.0136453567543729,0.714426982881753,0.779326125811674
0.0136683511471297,0.71462334285868,0.779047701532551
0.0136935239560425,0.714815926682206,0.778772124211645
0.0137208751811111,0.715003790313978,0.778488238736532
0.0137482264061797,0.71519165394575,0.778207061251032
0.0137748514925297,0.715381405654223,0.777925837372334
0.0138005083939215,0.715572573420223,0.777636901878605
0.0138264073415529,0.715763269167047,0.777358655492428
0.0138547267515797,0.715949716741293,0.777050715329242
0.0138784472830552,0.716144660660695,0.776775689876662
0.0139038621382074,0.716336300445869,0.776456810799444
0.0139304872245574,0.716526052154343,0.77614999931797
0.013960016865782,0.716709667613537,0.775849654428392
0.0139871260446111,0.71689847528366,0.775571545191833
0.0140122988535238,0.71709058708801,0.775302206002915
0.0140381978011551,0.717281282834834,0.775014578797735
0.014061192193912,0.717478114830937,0.774711342705651
0.014085154771627,0.717672586731163,0.774419224381625
0.0141110537192583,0.717863282477987,0.774141104265486
0.0141384049443269,0.718051618128935,0.773863459945314
0.0141659982156351,0.718239009741532,0.773556835682439
0.014189476700871,0.718434425680109,0.773278122307408
0.0142192483883351,0.718618041139303,0.772987809154067
0.0142439371047687,0.718811096982004,0.772697559356551
0.014269351959921,0.719002736767178,0.772396562278615
0.0142911361214801,0.719201928859158,0.772106092603066
0.0143167930228719,0.719393096625157,0.771833887720389
0.0143407556005869,0.719587568525384,0.771548288017096
0.0143671386406974,0.719777792253033,0.771262118094329
0.0143964262356824,0.719961879731402,0.770979602528478
0.0144228092757928,0.720151631439876,0.770690443557198
0.0144458036685496,0.720348463435979,0.770405051337069
0.0144678298763483,0.720546711489608,0.77011461219317
0.0144966333788542,0.720731743006328,0.769829759161997
0.0145205959565692,0.72092668692573,0.769555615959789
0.0145469789966796,0.721116438634203,0.769276834927801
0.0145767506841437,0.721299582074222,0.769001014746
0.0146009553080982,0.721494053974449,0.768734143501861
0.0146280644869273,0.721682389625396,0.768452959154198
0.014655415711996,0.721870725276344,0.768154207263348
0.0146815567058669,0.722060949003992,0.767873929133404
0.0147079397459773,0.722250700712466,0.767581615100039
0.0147352909710459,0.722439036363413,0.767260908182201
0.0147604637799587,0.722631148167763,0.766985648647266
0.01478636272759,0.722821843914587,0.766716075795026
0.0148139559988982,0.723009707546359,0.766416171607287
0.0148415492702064,0.723197099158956,0.76611591766671
0.0148640595704841,0.723394403174235,0.765829645482304
0.0148909267030736,0.723583682863533,0.765529758581861
0.0149190040668609,0.723770130437779,0.765248590953311
0.0149463552919295,0.723957994069551,0.764949159454281
0.0149708019621236,0.724151993950602,0.764678370048729
0.0149971850022341,0.724341745659076,0.764370262402512
0.0150267146434586,0.72452536111827,0.764061582033477
0.0150521294986109,0.72471747292262,0.76374091573927
0.0150775443537632,0.724909112707795,0.763448968196391
0.0151046535325923,0.725097448358742,0.763158705224839
0.0151269217866304,0.725295696412371,0.762858100988122
0.0151513684568245,0.725489224274247,0.762556748884936
0.0151746048958209,0.725685112231999,0.762259098232503
0.0152055868144827,0.725866367595317,0.761970920152556
0.0152307596233954,0.726058479399667,0.761679434999502
0.0152622256345363,0.726238318705459,0.761404699589554
0.0152905450445631,0.726424766279705,0.76112305049331
0.0153142655760386,0.726619710199107,0.760842911219541
0.0153435531710236,0.726804269696652,0.760537447605078
0.0153740509972063,0.726985997079145,0.760254239669572
0.0154014022222749,0.727173860710917,0.759955580545033
0.0154275432161458,0.727364556457742,0.759662416938158
0.0154568308111308,0.727548643936111,0.759373556813463
0.0154829718050017,0.72773886766376,0.759091007184228
0.0155064502902376,0.727934755621512,0.758817560531144
0.0155292026367549,0.728131587617615,0.75851656062423
0.0155582481855004,0.72831614711516,0.758217362141667
0.0155863255492876,0.728503066708582,0.757931978266849
0.0156163392829913,0.728685738129426,0.757621742832708
0.0156419961843831,0.728876905895425,0.757325319414807
0.0156698315019308,0.729064297508022,0.757039655667143
0.0157017816055508,0.729243192775463,0.756746524925484
0.0157271964607031,0.729434832560638,0.756466347239848
0.0157552738244903,0.72962175215406,0.75618054064892
0.0157804466334031,0.729813863958409,0.755890674246422
0.0158102183208671,0.729997007398429,0.755615848919671
0.0158368434072171,0.730186759106902,0.755325852253335
0.0158637105398067,0.730375566777025,0.755040841979557
0.015889609487438,0.730566262523849,0.754751882934692
0.0159174448049858,0.730753654136446,0.75444982694829
0.0159438278450962,0.730943405844919,0.754173517613075
0.0159743256712789,0.731125133227412,0.753886003692108
0.0160026450813058,0.731311580801658,0.75359042465191
0.0160319326762907,0.731495668280028,0.753315733546072
0.0160595259475989,0.7316835319118,0.753014259389229
0.0160868771726676,0.731871395543573,0.752725921251643
0.0161135022590176,0.732060675232871,0.752440568522737
0.0161413375765653,0.732248066845468,0.752166235674125
0.0161723194952271,0.73242885018961,0.751880787348449
0.0161970082116607,0.732621906032311,0.751591596001186
0.0162270219453644,0.73280504947233,0.751296402020994
0.0162563095403493,0.732989136950699,0.751026366782967
0.0162841448578971,0.733176056544121,0.750752233314781
0.0163085915280912,0.733370056425172,0.750467140658732
0.0163330381982852,0.733563584287048,0.750188572214411
0.0163628098857493,0.733746727727067,0.749900645823344
0.0163896770183389,0.733936007416365,0.749607718216547
0.0164199327982821,0.734118206818034,0.749341422713602
0.0164480101620693,0.73430465439228,0.749078591988235
0.0164746352484193,0.734494406100753,0.748775570422068
0.0165027126122066,0.734680853675,0.748518856649565
0.0165329683921498,0.734863053076668,0.748226777563862
0.0165629821258534,0.735046196516687,0.747941269165933
0.0165881549347661,0.735238308321037,0.747668724958501
0.0166191368534279,0.73541909166518,0.747387821799468
0.0166460039860175,0.735608371354478,0.747084596768516
0.0166685142862952,0.735805675369756,0.746816989508396
0.0166970757425616,0.735991178905652,0.746553363791552
0.0167316883548165,0.73616535398134,0.746261071186198
0.0167617020885202,0.736348025402184,0.745972890878381
0.0167917158222238,0.736531168842203,0.745684870700498
0.0168197931860111,0.736717616416449,0.745396229876327
0.0168490807809961,0.736901703894819,0.745123232861086
0.0168769160985438,0.737089095507416,0.744830829576825
0.0169074139247265,0.737270822889909,0.744536731387099
0.0169400901670652,0.737448302099824,0.744269973866294
0.0169722823169247,0.737627197367266,0.743982876966309
0.0170066528829401,0.737801372442954,0.743692208922074
0.0170356984316856,0.737985931940499,0.743387487936
0.0170645019341915,0.738171435476395,0.74312067385409
0.0170918531592601,0.738359299108167,0.74283836497971
0.0171187202918497,0.73854810677829,0.742568310632017
0.0171455874244392,0.738737386467588,0.742270946942616
0.017176569343101,0.73891816981173,0.741982597981827
0.017205856938086,0.7391022572901,0.741688543349961
0.0172332081631547,0.739290592941048,0.741406803153495
0.0172622537119001,0.739475152438593,0.741120272084576
0.0172876685670524,0.739666792223767,0.740850719800175
0.0173181663932351,0.739848991625436,0.740587377990713
0.017349632404376,0.740028830931228,0.740287439382812
0.0173781938606424,0.740214334467123,0.73999669100156
0.0174062712244296,0.740401254060545,0.739716318911163
0.0174408838366846,0.740574957117058,0.73943478059158
0.0174692032467114,0.740760932672129,0.739138989351482
0.0174999431191337,0.740942660054622,0.738862463056825
0.017530682991556,0.74112391541794,0.738576927764206
0.0175648115113319,0.741299034531979,0.738302307398053
0.0175936150138378,0.741484066048699,0.738030736590039
0.0176262912561764,0.741661545258615,0.737739749774073
0.0176587254522755,0.741839968506881,0.737446940760109
0.0176911596483746,0.742017919735971,0.737149414335945
0.0177221415670364,0.742198703080114,0.736875300830785
0.0177526393932191,0.742380902481782,0.736584815829564
0.01778410540436,0.742560741787574,0.736277557751092
0.0178153293692614,0.742741053112542,0.735977499832666
0.0178472794728814,0.742920420399158,0.735681078446846
0.0178777772990641,0.743102147781652,0.73538353888523
0.0179070648940491,0.743286235260021,0.735094496384633
0.0179368365815132,0.743469850719216,0.734789263850683
0.017967818500175,0.743650634063358,0.734510887354593
0.0179985583725973,0.743831889426676,0.734226369860228
0.0180324448461336,0.74400748055989,0.733930225954677
0.018063668811035,0.744187791884858,0.733642438288686
0.0180951348221759,0.74436763119065,0.733339054519504
0.0181229701397236,0.744555022803246,0.733041776101577
0.0181520156884691,0.744739582300791,0.73275881925524
0.0181825135146518,0.744921309683285,0.732482893759212
0.0182139795257927,0.745101621008252,0.732210374989098
0.0182466557681313,0.745279100218167,0.731924487711118
0.018276669501835,0.745461771639011,0.731640230849153
0.0183059570968199,0.745646331136556,0.731370180661817
0.0183369390154818,0.745827114480699,0.731095330811606
0.0183669527491854,0.746010257920718,0.730821143166941
0.0184030176388777,0.746181128862179,0.730522767936868
0.018428916586509,0.746371824609003,0.730227003103532
0.0184572359965358,0.746558272183249,0.729949144059933
0.0184865235915208,0.746742359661619,0.72965158897929
0.0185206521112967,0.746917006756482,0.729371477082938
0.018548729475084,0.747103926349904,0.72908971693971
0.0185746284227154,0.747294622096728,0.728799399795739
0.0186102092199285,0.74746643707654,0.728498234650397
0.0186486945720163,0.747633059845423,0.728203629066739
0.0186866958316249,0.747800154633482,0.727924653380949
0.0187181618427658,0.747979993939274,0.72762776611217
0.0187530165012603,0.748153696995787,0.727355534681623
0.0187839984199221,0.748334480339929,0.727060401249549
0.018820305355854,0.748504879262215,0.726773392666836
0.0188534656906717,0.748681886452955,0.726495863548772
0.0188861419330103,0.748859365662871,0.726216584524155
0.0189205124990258,0.749033540738559,0.725925947864969
0.0189519785101667,0.749213852063526,0.725635775442406
0.0189861070299426,0.74938849915839,0.725344057283211
0.0190158787174067,0.749571642598409,0.72506991608318
0.0190529117920571,0.749741097482344,0.7247998253947
0.0190909130516657,0.749908192270403,0.724500911678879
0.019126977941358,0.750079063211864,0.724229124721916
0.0191586859987385,0.750258902517656,0.723935709068134
0.0191930565647539,0.750433077593344,0.723647748840033
0.0192296055469253,0.75060347651563,0.723351657277475
0.0192632499742221,0.750779067648844,0.723060573312817
0.019297378493998,0.750953714743708,0.722782961317923
0.0193312649675343,0.751129305876922,0.722508657267189
0.019366603718508,0.751301592875909,0.722202174763977
0.0193990379146071,0.751479544105,0.72190309094397
0.0194353448505389,0.751650415046461,0.721637846443727
0.0194697154165543,0.751824590122149,0.721354621860369
0.019500213242737,0.752006317504642,0.721034043015795
0.0195340997162734,0.752181908637857,0.720744512108124
0.0195648395886957,0.752363164001174,0.720470346461389
0.0195984840159925,0.752538755134389,0.720198638351474
0.0196316443508102,0.752715762325129,0.719929078492974
0.0196664990093047,0.752888993362466,0.719639333030764
0.0197049843613925,0.753055144112174,0.719337738211461
0.0197410492510847,0.753226487072811,0.71904355861688
0.019771789123507,0.753407742436129,0.718738692447984
0.0198085801519179,0.753577197320064,0.718436616615333
0.0198419825329752,0.753753732491629,0.718124612455117
0.019878289468907,0.753924131413915,0.717860688386311
0.0199199214221088,0.754084145914344,0.717558646131587
0.0199550181268429,0.754257376951681,0.71728143896599
0.0199918091552538,0.754426831835617,0.717001540313629
0.0200293263223833,0.754594870662026,0.7167218692115
0.0200600661948056,0.754776598044519,0.716423379880942
0.0200987935931329,0.754942276775052,0.716123706937927
0.0201358266677833,0.755111731658987,0.715830625784075
0.0201697131413197,0.755286850773026,0.715538306210267
0.0202014211987001,0.755466218059642,0.715249453660441
0.0202362758571947,0.755639921116155,0.71494797032613
0.0202718566544078,0.755811736095967,0.714664015811919
0.0203064692666628,0.75598543915248,0.7144025157218
0.0203410818789178,0.756159614228168,0.714122580356909
0.0203781149535683,0.756328597092928,0.713826233003816
0.0204107911959069,0.756506076302844,0.713549151732199
0.0204480663167969,0.756675059167604,0.713273897310776
0.0204877619000823,0.756838849821435,0.712977754681252
0.0205209222349001,0.757015384993,0.712690294685262
0.0205569871245923,0.757186727953636,0.712400482064628
0.020592325875566,0.757359014952623,0.712110780229817
0.0206325055513305,0.757521861568104,0.711799231957764
0.0206676022560646,0.757695092605442,0.711513814571082
0.0207043932844755,0.757864547489377,0.711233004387346
0.0207414263591259,0.758033530354137,0.710935449851547
0.0207753128326623,0.758209121487351,0.710652459504487
0.0208118618148337,0.758379048390462,0.710382264299496
0.02085107330564,0.758543783082644,0.710076939449265
0.0208861700103741,0.758717014119982,0.709782844920716
0.0209219928538268,0.758888357080618,0.709498417800011
0.0209561213736027,0.759063004175482,0.709228154770218
0.0209900078471391,0.759238595308696,0.708936032189963
0.0210258306905918,0.759409938269332,0.708639748039217
0.0210660103663563,0.759573256903988,0.708356715411527
0.0211025593485277,0.759743183807099,0.708066406574584
0.0211328151284709,0.759925383208767,0.707792798711393
0.0211662175095281,0.760101918380332,0.707527537824817
0.0212013142142622,0.760274677398495,0.707251473150729
0.0212352006877986,0.760449796512534,0.706949135320094
0.0212753803635631,0.76061311514719,0.706657530134784
0.0213063622822249,0.760793898491332,0.706350754163661
0.0213426692181568,0.760964297413618,0.706075130930415
0.021376071599214,0.761140832585183,0.705822425392786
0.0214068114716363,0.761322087948501,0.705525623383082
0.021442634315089,0.761493430909137,0.705241300215144
0.021479909435979,0.761662413773897,0.70495648181843
0.0215167004643899,0.761831868657832,0.704675430411227
0.0215525233078426,0.762003211618469,0.704389155213247
0.0215953654922422,0.762161338042197,0.704102498511337
0.0216326406131322,0.762329848887781,0.703813272509729
0.0216641066242731,0.762509688193573,0.703535432819975
0.021700897652684,0.762679615096684,0.703250763919883
0.021738172773574,0.762848125942268,0.702940387565396
0.0217773842643803,0.76301286063445,0.702668582143759
0.0218119968766353,0.763187035710139,0.702385065223284
0.0218470935813694,0.763359794728301,0.702133693845796
0.0218879993958526,0.763521225286256,0.70185618880451
0.0219252745167426,0.763690208151016,0.701538718019626
0.0219640019150698,0.763855886881549,0.701248995078014
0.0220012770359598,0.764024869746309,0.700955970974798
0.0220426669429221,0.764185356265913,0.700675825347463
0.0220799420638121,0.764353867111498,0.700403004475596
0.0221254467568466,0.764506801324297,0.700132557110423
0.0221668366638089,0.764667287843901,0.699846298645745
0.0222024174610221,0.764839102823713,0.699555268807613
0.0222459857841403,0.764995813189915,0.699272437204406
0.0222815665813534,0.765167628169727,0.698983062319732
0.0223210201183993,0.765331890842734,0.698699654738999
0.0223604736554452,0.765496625534916,0.69839027598859
0.0224023476548866,0.76565616801617,0.698118390294115
0.022441559145693,0.765820902708352,0.697825674604424
0.0224827070064157,0.765982333266307,0.697562128405418
0.0225178037111498,0.766155092284469,0.697283306522019
0.0225560470169979,0.766321715053352,0.696995614617141
0.0225974369239602,0.766482673592132,0.696706440168809
0.0226393109234016,0.766642216073386,0.696437625711926
0.022681669015322,0.766800814516289,0.696182355962357
0.022716281627577,0.766974989591977,0.695893411335155
0.022753556748467,0.767143500437562,0.695622496574615
0.0227918000543152,0.767310123206445,0.695338332707085
0.0228324638225588,0.767472497802751,0.695048874337439
0.0228724014520838,0.767635816437407,0.694743948225642
0.0229135493128065,0.767796774976187,0.69446663338393
0.0229556653584874,0.76795631745744,0.694166051324108
0.0229968132192101,0.76811727599622,0.693875121293953
0.023036266756256,0.768282010688402,0.693597279358726
0.0230754782470624,0.768446745380584,0.693303678972719
0.0231122692754733,0.76861620026452,0.693038516720096
0.0231509966738006,0.768782351014228,0.692729064711645
0.0231892399796488,0.768948973783111,0.692434816712769
0.0232291776091737,0.769112292417767,0.692153764209032
0.0232681470537406,0.7692779711483,0.691856100793446
0.023307842637026,0.769441761802131,0.691554262701011
0.0233480223127905,0.769604608417612,0.691271157037269
0.0233833610637642,0.769777367435775,0.69099628331233
0.0234257191556846,0.769935965878678,0.690719558148247
0.0234612999528978,0.77010778085849,0.690421422704129
0.0235043841835369,0.770265435263042,0.690157945619958
0.0235445638593014,0.770428281878523,0.68988642550395
0.0235811128414728,0.770598208781634,0.689628193315694
0.0236237129796328,0.770756807224537,0.689350327370543
0.0236568733144505,0.770933342396101,0.689061377813578
0.0237009257300478,0.771088636704777,0.688779814096466
0.0237411054058123,0.771251955339434,0.688487007288835
0.0237873362375655,0.771403001475532,0.688224040983638
0.0238229170347787,0.771574816455344,0.687924814699084
0.0238601921556687,0.771743799320104,0.68765257685238
0.0238979513690377,0.771911366127338,0.687359589378189
0.0239352264899277,0.772080348992097,0.687060609549222
0.02397129137962,0.772251219933559,0.686777975606816
0.0240092926392286,0.772418314721617,0.686486868085066
0.0240523768698677,0.77257596912617,0.686216358090046
0.0240925565456323,0.772738815741651,0.685911511727855
0.0241327362213968,0.772901662357132,0.685607512829438
0.0241724318046822,0.773065925030138,0.685315925333462
0.0242145478503631,0.773224995492217,0.685046663830818
0.024256663896044,0.773384065954295,0.684775070831026
0.0242985378954854,0.773544080454724,0.684481577531724
0.024341864172364,0.773700790820926,0.684177341102384
0.0243830120330868,0.773861749359706,0.683878725829789
0.0244268224024445,0.774017987706733,0.683592655162607
0.0244638554770949,0.774186970571493,0.683303846683602
0.0245028249216617,0.77435217728285,0.683031578644448
0.0245461511985404,0.774509359668227,0.682748795068365
0.0245870570130235,0.774670790226182,0.68246961898347
0.0246250582726322,0.774837885014241,0.682184369249756
0.0246683845495108,0.774995067399618,0.68190251373855
0.0247083221790358,0.775158386034274,0.681633901797633
0.0247506802709562,0.775316984477177,0.681358629678777
0.0247923122241581,0.775477470996782,0.681079138490349
0.024829103252569,0.775646925880717,0.68079326520175
0.024869524974573,0.775809300477023,0.680521890948478
0.0249138194364099,0.775964594785699,0.680249133169017
0.0249523047884976,0.776130745535407,0.67997663906736
0.0249980515277717,0.776283207729031,0.679672848943377
0.0250404096196921,0.776441806171934,0.679397975305716
0.0250837358965707,0.776598516538136,0.679105216525955
0.0251236735260957,0.776762307191967,0.67883784193775
0.0251621588781835,0.776928457941675,0.67856843015865
0.025202338553948,0.777091304557156,0.678300231563058
0.025244938692108,0.777249903000059,0.677999395137077
0.0252909274776216,0.777401421155333,0.67771114842796
0.0253344958007398,0.77755765950236,0.677429046577861
0.0253761277539416,0.777718146021964,0.677121139309514
0.0254177597071434,0.777878160522393,0.676851509087234
0.0254560030129916,0.778044783291276,0.676559991224194
0.0255027179372239,0.778195357408199,0.676297724409098
0.0255445919366652,0.778354899889453,0.67602525970701
0.0255869500285857,0.778513498332356,0.675755538949637
0.0256356013227343,0.778660296295877,0.675465145692372
0.0256825582932061,0.778809926374449,0.675195344096262
0.0257224959227311,0.778973245009105,0.674912224710452
0.0257636437834538,0.77913467556706,0.67461039539366
0.0258062439216138,0.779292801990788,0.674308118778325
0.0258456974586597,0.779457064663795,0.674014329654042
0.0258887816892988,0.779614719068347,0.673715794114476
0.0259352545672915,0.77976529318527,0.673413018437175
0.0259824535840029,0.779914451244667,0.673132582054459
0.0260243275834442,0.780074465745096,0.672845180314565
0.0260724947851138,0.780221735727792,0.67254158670501
0.0261179994781483,0.780374669940592,0.672273503543998
0.0261601155238292,0.78053374040267,0.671991128564759
0.026204409985666,0.780688562692171,0.671720389235755
0.0262491885399819,0.780842912962496,0.671451309304185
0.0262929989093396,0.780998679290347,0.671181551831138
0.0263341467700624,0.781159637829127,0.670908772062606
0.0263752946307851,0.781321068387082,0.670629087435633
0.0264217675087778,0.781471642504005,0.67035241284504
0.0264675142480519,0.781623632678454,0.670075295412359
0.0265154394034819,0.7817718466995,0.669788878083717
0.0265577974954023,0.781930445142404,0.66950410984347
0.0266008817260414,0.782087627527781,0.66921594270822
0.0266456602803573,0.782241977798106,0.668932416658329
0.0266935854357873,0.782389719799977,0.6686497043123
0.0267390901288218,0.782542181993601,0.668350881171327
0.0267816902669818,0.782700780436504,0.668060995952645
0.0268257426825791,0.78285607474518,0.667768775599034
0.0268729416992905,0.783005232804577,0.667473788272076
0.0269167520686482,0.783161471151604,0.667181637341584
0.0269612885767245,0.783315821421929,0.666904191039882
0.0270048568998427,0.783472059768956,0.666637229578549
0.0270457627143259,0.783633962346086,0.666353901230401
0.0270876367137673,0.78379350482734,0.666075760235048
0.0271319311756041,0.783948327116841,0.665787888187212
0.02717670972992,0.784102677387166,0.665503693287254
0.0272159212207263,0.784267412079348,0.665225522995411
0.0272611838675213,0.784420818311323,0.664955066855934
0.0273059624218372,0.784574696562473,0.664681348750651
0.0273488046062368,0.784732350967026,0.66440897372943
0.0273967297616667,0.784880564988072,0.664115664578364
0.0274395719460663,0.785038219392625,0.663836017232314
0.0274879811939754,0.785185017356145,0.663537489855379
0.0275284029159795,0.785347863971626,0.663254223024611
0.0275734235165349,0.785501270203601,0.662964859972911
0.0276143293310181,0.785662700761556,0.662684429906203
0.027659107885334,0.785817051031881,0.662412293888072
0.0277038864396499,0.785970929283031,0.662140395098571
0.0277433399766958,0.786135191956038,0.66186683216349
0.0277820673750231,0.786301342705746,0.661586623915249
0.0278270879755785,0.786454748937721,0.661295189073584
0.0278677517438221,0.786616651514851,0.661007227430985
0.0279137405293358,0.7867686416893,0.660713663623573
0.0279606974998076,0.786918271767872,0.660421338010886
0.0280052340078839,0.787072622038198,0.660142412263237
0.0280485602847626,0.787229804423575,0.659854702714645
0.0280911604229226,0.787387930847303,0.659575978105438
0.0281432003644248,0.787527648523194,0.659305404014015
0.0281906414273757,0.787676806582591,0.659021006081076
0.0282356620279312,0.787830212814565,0.658752906742258
0.0282789883048098,0.787986923180767,0.658463855173568
0.0283286077839166,0.788131833067586,0.658185661603244
0.0283775011243048,0.788277686992756,0.657901530906238
0.0284292990195675,0.788418348706998,0.657616240119348
0.0284740775738834,0.788572226958148,0.657340077126848
0.0285220027293134,0.788719968960019,0.657055197593438
0.0285689596997852,0.788870071057767,0.656771225035518
0.0286147064390593,0.789022061232216,0.656463474076845
0.0286577906696984,0.789179243617593,0.656196586172771
0.0287003908078584,0.789337842060496,0.655896969332799
0.0287466216396115,0.789488888196594,0.655616884181908
0.0287918842864065,0.789641822409394,0.655339749030203
0.0288385992106388,0.789792396526316,0.655043715643063
0.0288766004702474,0.789959491314375,0.654762050524469
0.028924767671917,0.790106761297071,0.654487087994267
0.028964705301442,0.790270551950902,0.654209320739732
0.0290039167922483,0.790435286643085,0.653922829433959
0.0290545044563133,0.790577836434027,0.65364486243996
0.0291002511955874,0.790730298627651,0.653354731475768
0.0291387365476751,0.790896449377359,0.653063085763087
0.0291823048707933,0.791052687724386,0.652772173726964
0.0292278095638278,0.791205621937186,0.652476583492406
0.0292733142568624,0.79135808413081,0.652192131200404
0.0293214814585319,0.791505354113506,0.651912299676226
0.0293648077354105,0.791662536498883,0.651622145371356
0.0294120067521219,0.79181169455828,0.651344071937309
0.0294609000925101,0.79195754848345,0.651056576552321
0.0295061627393051,0.792110954715424,0.650764661215446
0.0295531197097769,0.792260584793997,0.650501969340998
0.0296017710039255,0.792407382757517,0.650212524842037
0.02964727569696,0.792559844951141,0.649930062919015
0.0296954428986296,0.792707114933837,0.649680155758954
0.0297414316841432,0.792859105108286,0.649409931683706
0.0297879045621359,0.793009679225209,0.649123567581306
0.0298326831164518,0.793163557476359,0.648831836312452
0.0298813344106005,0.793310355439879,0.648547314882438
0.0299258709186768,0.793464705710205,0.648276902463471
0.0299706494729927,0.793618583961355,0.648000276919324
0.0300193007671414,0.793765381924875,0.647711909862591
0.0300694043387273,0.793908875754169,0.647416228714618
0.0301136988005641,0.794063698043669,0.64714368665671
0.0301599296323172,0.794215216198943,0.646860039494727
0.0302102752501427,0.794358238009061,0.646579889202021
0.0302582004055727,0.794505980010932,0.646312054552882
0.0303012846362118,0.794663634415484,0.646032802440415
0.0303484836529231,0.794812792474881,0.645759301378786
0.0303918099298017,0.794969502841083,0.645464511054914
0.0304373146228363,0.795122437053883,0.64519446335628
0.0304915329804945,0.795257906557196,0.644913432119038
0.0305426047370385,0.795399512309788,0.644643109843054
0.0305910139849476,0.795546782292484,0.644378316236642
0.0306389391403776,0.795694524294355,0.644081348912231
0.0306858961108494,0.795844154372927,0.643796230438155
0.0307294644339676,0.796000864739129,0.643527405320956
0.0307769054969185,0.796149550779351,0.643258208071673
0.030824588606109,0.796298236819573,0.64297821732874
0.0308713035303412,0.79644833891732,0.642688653155903
0.0309214071019271,0.796591832746613,0.642429632733314
0.0309705424885548,0.796737686671783,0.642156978174949
0.0310237926612548,0.796875044251798,0.641898197318071
0.0310690553080498,0.797027978464597,0.641629508847294
0.0311181906946775,0.797173832389767,0.64135914459984
0.0311646635726703,0.79732440650669,0.641099401708096
0.0312113784969025,0.797474508604438,0.640816578710075
0.0312619661609675,0.797617530414556,0.640505814368751
0.031312311778793,0.797760552224674,0.640203581262498
0.0313616892116602,0.797905462111493,0.639923566141164
0.0314117927832461,0.798049427959961,0.639642881998695
0.0314609281698739,0.798194809865956,0.639375006436983
0.0315132101576157,0.798334055522672,0.639101171995733
0.031560409174327,0.798483685601244,0.63881744219243
0.0316122070695897,0.79862387529631,0.638540272658943
0.0316611004099779,0.79876972922148,0.638257160348443
0.0317138664901988,0.79890850285902,0.637968913461694
0.0317666325704197,0.799046804477385,0.637690298181759
0.0318147997720893,0.799194074460081,0.637405328346998
0.0318607885576029,0.79934606463453,0.637146713622949
0.031909197805512,0.79949286259805,0.636865468725043
0.0319580911459001,0.79963871652322,0.636597348707263
0.0320062583475697,0.799786458525091,0.636292723884747
0.0320580562428324,0.799926648220157,0.636012582408427
0.0321115484617719,0.800064005800172,0.635746048098609
0.0321623781720765,0.800206083571939,0.635462062235491
0.0322129658361415,0.800348633362882,0.635179298338402
0.0322613750840506,0.800495903345578,0.634918190279404
0.0323114786556365,0.800639397174871,0.634638536254676
0.0323625504121805,0.800781002927463,0.634366016060877
0.0324126539837664,0.800924968775932,0.634081975675837
0.0324642098327896,0.801065630490173,0.633808506375648
0.0325143134043755,0.801209124319466,0.633543005833863
0.0325656272071591,0.801350730072058,0.633274642937119
0.0326145205475473,0.801496583997228,0.632978883864272
0.0326624457029773,0.801644325999099,0.632702529238116
0.0327120651820841,0.801789235885919,0.632416198832036
0.0327602323837537,0.801936505868614,0.632150487126069
0.0328069473079859,0.802086607966362,0.631873271062157
0.0328555986021346,0.802233405929882,0.63156937342522
0.0329057021737205,0.802376899759176,0.631285367707548
0.0329519330054736,0.802527945895274,0.63098484712729
0.0330076036405691,0.802661055302711,0.630693675814927
0.0330620640444668,0.802796052786848,0.630411072370254
0.0331085369224595,0.802946626903771,0.630139506424828
0.0331537995692545,0.803100033135746,0.629863179162701
0.0332029349558822,0.803245415041741,0.629579464933576
0.0332489237413959,0.803396933197014,0.629305441978034
0.0332985432205027,0.803541843083833,0.62901330245776
0.0333493729308072,0.803683920855601,0.628732120943492
0.0333980242249558,0.803830718819121,0.628445114449633
0.0334478857503022,0.80397468466759,0.628166643709317
0.033500167738044,0.804113930324305,0.627871921934483
0.0335500292633904,0.804258368191949,0.627603334861526
0.0336020692048926,0.80439808586784,0.62732481526857
0.0336533830076763,0.804539219601257,0.62706572795418
0.0337013081631062,0.804687433622303,0.626784451410976
0.0337509276422131,0.804831871489947,0.626543968800973
0.0338003050750803,0.804976781376767,0.626259489039765
0.0338487143229894,0.805124051359462,0.625975139093522
0.0338915565073889,0.805281705764015,0.625692513252237
0.0339477112349635,0.805413399113926,0.625430692903563
0.0339970886678308,0.80555878101992,0.625135264088814
0.0340454979157398,0.805705578983441,0.624870751067688
0.0340987480884398,0.805842936563455,0.624589992861079
0.0341481255213071,0.80598831846945,0.624317703813696
0.0342025859252048,0.806123315953587,0.624051913221632
0.0342526894967907,0.806266809782881,0.623781256500065
0.0343066658082093,0.806403223324544,0.623494511338175
0.0343533807324416,0.806553325422292,0.623202015555936
0.0344054206739439,0.806693043098183,0.62294505575365
0.0344557662917693,0.806836536927476,0.622662582982175
0.0345029653084807,0.806985694986873,0.622370973128921
0.0345576677586179,0.807120220451836,0.622086605515445
0.0346080133764434,0.807263714281129,0.621789528086317
0.0346624737803411,0.807398711765267,0.621516855935503
0.0347157239530411,0.807536541364456,0.621262287252643
0.0347677638945434,0.807676259040347,0.620991820232168
0.0348171413274106,0.807821168927166,0.620719686460216
0.0348684551301943,0.807962774679759,0.620424498625927
0.0349197689329779,0.808103908413175,0.620131930739674
0.034970840689522,0.808245514165768,0.619851407718425
0.0350257851858988,0.80838003963073,0.619585442381913
0.0350792774048383,0.808516925191569,0.61929350487268
0.0351320434850592,0.808655226809934,0.619022809053814
0.0351799686404892,0.80880344083098,0.618715238397473
0.035232250628231,0.808942686487696,0.618422003804392
0.035282838292296,0.809085236278639,0.618138811079642
0.0353341520950796,0.809226842031231,0.617871676830771
0.0353912750076124,0.80935664730444,0.617607597644421
0.0354387160705633,0.809505333344662,0.617341222868435
0.0354902719195864,0.809646467078079,0.617047817370024
0.0355381970750164,0.80979420907995,0.616779833006452
0.035594351802591,0.80992590242986,0.616493900861358
0.0356466337903328,0.810065620105751,0.616210167568042
0.0357047248878237,0.810193537302259,0.615930662153385
0.0357596693842005,0.810327590748047,0.615654544620003
0.0358117093257027,0.810467780443113,0.615381212266896
0.0358613288048096,0.810612218310757,0.615133188384284
0.0359172414861445,0.810744383679843,0.614860156539382
0.0359692814276468,0.810884573374909,0.614567048440682
0.0360162383981186,0.811034203453481,0.614295794987333
0.0360723931256932,0.811166368822567,0.614006134807573
0.0361210444198418,0.811312694766912,0.613738810991794
0.0361745366387813,0.811449580327751,0.613452700862519
0.0362273027190022,0.811588353965291,0.61318696733273
0.036279584706744,0.811727599622007,0.612891979138692
0.0363299303245695,0.811870621432125,0.612613188547901
0.0363839066359881,0.812007034973789,0.612330469439184
0.0364332840688554,0.812151944860608,0.612045483849671
0.0364894387964299,0.812283638210519,0.611766318782338
0.0365443832928067,0.812418163675481,0.611483460553529
0.036604410760214,0.812542304718587,0.611218008551408
0.0366591132103513,0.812676830183549,0.610938161614428
0.0367133315680094,0.812812771706038,0.610663108857485
0.0367677919719071,0.812947769190176,0.610395552679726
0.0368181375897326,0.813090791000294,0.610128793423859
0.0368735661785885,0.813224372426905,0.609858183672815
0.0369258481663303,0.813363618083621,0.609588206237825
0.0369778881078326,0.813503335759512,0.609332735693365
0.037033558742928,0.813636445166948,0.609059733439947
0.0370875350543466,0.813772386689437,0.608770479424648
0.0371412693195257,0.813908800231101,0.608482522568401
0.0371991183707771,0.814037661465959,0.608192784695602
0.0372530946821957,0.814173602988448,0.607920991474443
0.037310459640968,0.814302936242482,0.607666277364498
0.037366372322303,0.814435573630743,0.607414827737499
0.037412119061577,0.814587563805192,0.607126790530063
0.0374651271880375,0.814725865423557,0.606847645718276
0.0375169250833002,0.814866055118623,0.60658776641304
0.0375711434409584,0.815001524621936,0.606311892269458
0.0376243936136584,0.815139354221126,0.606042887738207
0.037678369925077,0.815275295743614,0.605767681602791
0.0377325882827352,0.815410765246927,0.605502754138636
0.0377899532415074,0.815540570520137,0.605210313279759
0.0378463500153215,0.815671791850872,0.604949931697511
0.0379003263267402,0.815807733373361,0.604673048625539
0.0379538185456797,0.815945090953375,0.604399531034829
0.0380073107646192,0.816081976514214,0.60412244848638
0.0380637075384333,0.816213197844949,0.603848074195755
0.0381203463584869,0.816344419175685,0.603557951540782
0.0381719022075101,0.816485080889926,0.60328939418471
0.0382229739640542,0.816626686642518,0.603028045175728
0.0382776764141915,0.816761684126656,0.602762960815488
0.0383275379395378,0.816905649975125,0.602492775459419
0.0383810301584774,0.817042535535964,0.60222661755038
0.0384425099033219,0.817164316483193,0.601949869820632
0.0384986646308964,0.817296009833103,0.601681723836155
0.0385502204799196,0.817436671547345,0.601415378388966
0.0386100059010873,0.817561756628801,0.601154256602193
0.0386680969985782,0.817689673825309,0.600876089660354
0.0387240096799132,0.817821839194395,0.600601108685116
0.0387821007774041,0.817950228410079,0.600296652847887
0.0388336566264273,0.81809089012432,0.600008010644486
0.0388864227066482,0.818229663761861,0.599744538597385
0.0389372524169527,0.818371741533628,0.599466589378272
0.0389900184971736,0.818510043151993,0.599185360635914
0.0390454470860295,0.818643624578605,0.598921837030614
0.0391023279523227,0.81877390187099,0.598657131168777
0.0391558201712622,0.818910787431829,0.598361957033638
0.0392141533149927,0.819038704628337,0.5980864814968
0.0392717603200045,0.819167565863196,0.597835878891264
0.0393262207239022,0.819302563347333,0.597548388860289
0.0393777765729254,0.81944369708075,0.597288321760991
0.0394322369768231,0.819578694564888,0.597003551868468
0.0394886337506372,0.819709915895623,0.596722251420056
0.0395421259695767,0.819847273475638,0.596443246077624
0.0395980386509117,0.819979438844724,0.596150115419881
0.0396575820258399,0.82010452392618,0.595877081722893
0.0397173674470076,0.820229609007636,0.595618460348132
0.0397727960358635,0.820362718415073,0.595365991303309
0.0398272564397612,0.820497715899211,0.595097982640822
0.0398819588898985,0.820632713383349,0.594822227157839
0.0399398079411498,0.820761102599032,0.594549919587231
0.0399911217439335,0.820902236332449,0.594280470692518
0.0400484867027057,0.821032041605658,0.594009106947399
0.0401036732453221,0.82116562303227,0.593711438593149
0.0401615222965735,0.821294012247954,0.593446368422549
0.0402147724692734,0.821431841847143,0.593173441193486
0.040268264688213,0.821568727407982,0.59289540893183
0.0403299864792971,0.821690036336036,0.592627208647865
0.0403888037155066,0.821816537475018,0.592357151013836
0.0404452004893207,0.821947758805754,0.592082359107616
0.0405020813556139,0.822078508117314,0.591820902972191
0.040556299713272,0.822213977620627,0.591554252307326
0.0406136646720443,0.822343310874661,0.591276487154426
0.0406729660007329,0.822469339994468,0.591005016828422
0.0407303309595052,0.822598673248502,0.590743203497297
0.040787937964517,0.822727534483361,0.5904446615596
0.0408467552007265,0.822854507641518,0.590170022208876
0.0409062985756547,0.822979592722975,0.589903232962929
0.0409646317193851,0.823107037900308,0.589617174386154
0.041020060308241,0.823240619326919,0.589347109479078
0.0410825082380438,0.823360040178272,0.589075743451724
0.0411389050118578,0.823491261509008,0.588806111453269
0.0411974802018278,0.82361870668634,0.588523709650394
0.0412577497154746,0.823742375710271,0.58824388378269
0.0413117260268933,0.823878317232759,0.587983277901919
0.0413695750781446,0.824007178467618,0.587695341706325
0.0414250036670005,0.824140287875055,0.587420745015758
0.041483336810731,0.824267733052388,0.587143313920318
0.0415402176770241,0.824398482363948,0.58685118237136
0.0415949201271614,0.82453300782891,0.586585400874571
0.04164889643858,0.824668949351398,0.586304388224199
0.0417038409349568,0.824803474816361,0.586036602787641
0.0417583013388546,0.824938472300499,0.585780476406175
0.0418171185750641,0.825065445458656,0.585521679571606
0.0418766619499923,0.825190530540113,0.585238428532986
0.0419369314636391,0.825314199564043,0.584965377891428
0.0419969589310464,0.825438812626324,0.58469125250922
0.0420560182134954,0.825564841746131,0.584406699869843
0.0421128990797886,0.825695119038516,0.584124768423373
0.04217074813104,0.825823980273375,0.583856982491807
0.0422254505811772,0.825958505738337,0.583580866356502
0.0422811212162727,0.826091143126598,0.583309444641572
0.0423375179900868,0.826222836476509,0.583039702514696
0.0423997238736499,0.826342729347037,0.582766805005321
0.0424539422313081,0.82647819885035,0.582508495688065
0.0425108230976013,0.82660894816191,0.582229617602248
0.0425664937326967,0.826741585550171,0.581972366170101
0.0426231325527503,0.826872334861731,0.581712728328947
0.0426785611416063,0.827005916288343,0.581454620929605
0.0427349579154203,0.827137137619079,0.581193025511563
0.0427901444580367,0.82727071904569,0.580937862112157
0.042850656017923,0.827394388069621,0.58066289948269
0.0429046323293417,0.827530329592109,0.580392271222534
0.0429607870569162,0.82766202294202,0.580129582481736
0.0430205724780839,0.827787108023476,0.579842779697644
0.0430801158530121,0.827912193104933,0.579598352882712
0.043138206950503,0.828040110301441,0.579330773234013
0.043199444649108,0.828162363267845,0.579042252215736
0.0432575357465989,0.828290280464354,0.578793336647221
0.0433107859192989,0.828428110063543,0.578519263292679
0.0433708133867061,0.828552251106649,0.578260054869865
0.0434351976864252,0.828667895804599,0.577983791662018
0.0434952251538325,0.82879250886688,0.577706089275483
0.0435559787599584,0.82891523385246,0.577446225946032
0.043612617580012,0.82904598316402,0.577191813516806
0.0436733711861379,0.829169180168775,0.576905444089054
0.043729767959952,0.829300401499511,0.576631940259987
0.0437902795198384,0.829423598504266,0.576357794559415
0.0438507910797247,0.829547267528196,0.576075435352775
0.0439096083159342,0.829673768667178,0.575789287766753
0.0439652789510297,0.82980640605544,0.575501933631819
0.0440245802797183,0.829932435175247,0.575230478137119
0.0440800088685742,0.830065544582683,0.574954877303018
0.0441393101972628,0.830191101683315,0.574676945993207
0.0442029683582633,0.830308634457966,0.57441843292165
0.0442598492245565,0.830438911750351,0.574153226327084
0.044316003952131,0.830570605100262,0.573897354111196
0.0443728848184242,0.830701354411822,0.573634637599521
0.0444321861471128,0.830826911512453,0.57336098135327
0.0444953602156342,0.83094491630628,0.573106240844369
0.0445532092668855,0.831073777541139,0.572836815935283
0.044608879901981,0.8312064149294,0.572569320824492
0.0446676971381905,0.831332916068382,0.57230480408838
0.0447306291604723,0.83145186490056,0.572012656585079
0.0447906566278796,0.831576005943665,0.571739451499526
0.0448528625114427,0.831696370833369,0.571475516486286
0.0449116797476523,0.831822871972351,0.571217487361581
0.0449719492612991,0.831946540996281,0.570939349204873
0.0450297983125504,0.83207540223114,0.570663873653673
0.0450934564735509,0.832192462986616,0.57038359229433
0.0451515475710418,0.832320380183125,0.570118391420854
0.045214237547084,0.832439801034477,0.569842410149472
0.0452752331994495,0.832562054000882,0.569552667696169
0.0453386493142104,0.832679586775533,0.569310447226503
0.045400613151534,0.832800423684412,0.569058378731088
0.045459188341504,0.832927396842569,0.568777850564238
0.0455196999013904,0.833050593847324,0.568496643553228
0.0455785171375999,0.833177567005482,0.568214878146928
0.0456380605125281,0.833302652086938,0.567951540075686
0.0456968777487376,0.833429153225921,0.56768771240938
0.0457552108924681,0.833557070422429,0.567426722020772
0.045811123573803,0.833689235791515,0.567153501284535
0.0458713930874499,0.833812904815445,0.56688645713044
0.0459280319075035,0.833944126146181,0.566624299438574
0.0459890275598689,0.834066379112585,0.566345369353938
0.046056074368223,0.834176831599607,0.566054764276216
0.0461165859281094,0.834300500623537,0.565775179762325
0.0461768554417562,0.834424169647468,0.565511513098534
0.0462320419843725,0.83455775107408,0.56525228536606
0.0462947319604148,0.834677171925432,0.564970932233944
0.0463511287342289,0.834808393256168,0.56469389579941
0.0464099459704384,0.834935366414325,0.564435005636777
0.0464699734378457,0.835059507457431,0.56415078175066
0.0465302429514925,0.835183176481361,0.563888242728573
0.0465897863264207,0.835308733581993,0.563612775557461
0.0466551388110979,0.835422490203242,0.563336193729608
0.0467093571687561,0.835557959706555,0.563065366346814
0.0467681744049656,0.835684932864713,0.562806142761707
0.0468289280110915,0.835807657850293,0.562548256479069
0.0468947645882479,0.835920470433191,0.562267134766328
0.0469543079631761,0.836046027533823,0.561983466450548
0.0470184502166556,0.836162144250948,0.561728806840751
0.0470779935915838,0.836287229332404,0.561469510537638
0.0471399574289074,0.836408066241283,0.561217482289976
0.0471978064801587,0.836536455456967,0.560961603022649
0.0472580759938056,0.836660124480897,0.56069514296893
0.0473236705247224,0.836773881102146,0.560409040961041
0.047380309344776,0.836904630413706,0.560164843682743
0.0474437254595369,0.837022163188357,0.559881534455839
0.047508109759256,0.837138279905483,0.559591288711335
0.0475659588105073,0.837266669121166,0.55932286109669
0.0476301010639869,0.837382785838292,0.559053219731461
0.0476906126238732,0.837506454862222,0.558800659281585
0.0477547548773527,0.837622571579348,0.558524285738937
0.0478150243909996,0.837746240603278,0.558224689844486
0.0478728734422509,0.837875101838137,0.557930433909117
0.0479353213720536,0.83799452268949,0.557654380017371
0.0480009159029704,0.838108279310739,0.557380555623311
0.0480621536015754,0.838230060257968,0.55711850206363
0.0481238753926595,0.838350897166847,0.556870960359077
0.0481829346751086,0.838477398305829,0.556607710048469
0.0482502235297022,0.838587378773675,0.556338549636671
0.0483150919219004,0.838702079433275,0.55606613144668
0.0483780239441822,0.838821028265452,0.555794126501485
0.0484470071224526,0.838927704599072,0.555490775191706
0.0485029198037876,0.839059869968158,0.555219045341221
0.0485675461497463,0.839175514666108,0.554928030317031
0.0486307202182676,0.839293519459935,0.554667549525306
0.0486883272232794,0.839422380694793,0.554396410015749
0.0487483546906867,0.839546993757074,0.5541304195923
0.0488103185280103,0.839667358646778,0.553846385157611
0.0488763971514062,0.839779699210501,0.553579705886017
0.0489344882488971,0.839908088426184,0.553301548807329
0.0489954839012626,0.840030341392589,0.553025317782365
0.0490555113686698,0.840154482435694,0.55276475955869
0.0491182013447121,0.840273903287047,0.55249617339312
0.0491825856444312,0.840389547984997,0.552229619800444
0.0492404346956825,0.840517937200681,0.551952762535877
0.049304092856683,0.840635469975332,0.551689581747451
0.0493672669252043,0.840753474769159,0.551436155486684
0.0494335875948398,0.840865343313707,0.551191033447567
0.0494895002761748,0.840997980701968,0.550931875794839
0.0495526743446961,0.841115985495795,0.550659498560888
0.0496158484132175,0.841234462308797,0.55039276815395
0.0496797486204575,0.841351051045098,0.550108527574141
0.0497470374750511,0.841461031512944,0.54985369318386
0.0498150524683633,0.84157006794244,0.549587435946857
0.0498804049530406,0.841683824563689,0.549342424506153
0.0499418846978851,0.841805133491743,0.549078480053285
0.049999491702897,0.841934466745777,0.54878751489473
0.0500629078176579,0.842051999520429,0.54852873786805
0.0501258398399397,0.842170476333431,0.548281074681245
0.0501914343708565,0.84228423295468,0.548011272799391
0.0502546084393778,0.842402237748506,0.547738050449877
0.0503202029702946,0.84251552235058,0.547473217987788
0.0503792622527437,0.842642023489562,0.547206228590803
0.0504465511073373,0.842752003957409,0.546943567245839
0.0505065785747446,0.842876145000515,0.546681437038749
0.0505673321808705,0.84299934200527,0.546432336574795
0.0506276016945173,0.8431230110292,0.546161551705854
0.0506946485028714,0.843233463516222,0.545893379439065
0.0507583066638718,0.843350996290873,0.545616067172585
0.0508270477959027,0.843458144643668,0.545368166884906
0.0508865911708309,0.843583229725124,0.545107071319316
0.05095097547055,0.84369934644225,0.544845211551944
0.0510107608917177,0.843823959504531,0.544580174934925
0.0510782917925509,0.843933467953202,0.544310900903587
0.0511436442772281,0.844047696593626,0.544025376394244
0.0512051240220727,0.84416900552168,0.54377263878859
0.0512687821830731,0.844286538296332,0.543530935095892
0.0513314721591154,0.844405487128509,0.543268092086214
0.0513927098577204,0.844527268075738,0.543008216042567
0.0514558839262417,0.84464574488874,0.542734675841598
0.0515219625496376,0.844758085452463,0.542479015748243
0.0515834422944822,0.844879394380517,0.542177323266689
0.0516456481780453,0.844999759270221,0.541904144831037
0.0517064017841712,0.8451224842558,0.541627498909429
0.0517722383613276,0.845235296838699,0.541342036766512
0.0518373487997653,0.845349997498298,0.541079296451095
0.0519022171919635,0.845464698157898,0.540809897474164
0.0519666014916826,0.845580342855848,0.540531325276711
0.0520283232827666,0.845701651783902,0.540270088642585
0.052094159859923,0.8458144643668,0.540012805521844
0.0521609646220375,0.845925388872998,0.539740389624059
0.0522287375691102,0.846034897321669,0.539474629282558
0.0522892491289966,0.846158094326424,0.539210700231091
0.0523485504576852,0.846283651427056,0.538950793323027
0.0524146290810811,0.846396464009954,0.538687237689758
0.0524761088259257,0.846517772938008,0.538421218247825
0.0525433976805193,0.846627753405854,0.538157983244463
0.0526089922114361,0.846741510027103,0.537888572740719
0.0526728924186761,0.846858098763404,0.53763716959134
0.0527399392270302,0.846969023269601,0.537370509338546
0.0528040814805097,0.847085139986727,0.537104359587602
0.0528691919189474,0.847199368627151,0.536840796354819
0.0529376910047388,0.847307461018296,0.536581292420945
0.0530124832927583,0.847402808891708,0.536322157572965
0.0530807403323101,0.847510901282854,0.536062161184107
0.0531531121579342,0.847611441367194,0.535778371560738
0.053216044180216,0.847729918180196,0.535523991362828
0.053285269404726,0.84783612249464,0.535249838118392
0.0533528003055592,0.847946102962487,0.534989538221867
0.0534200891601528,0.848056083430333,0.534736487230368
0.0534835052749137,0.848173616204985,0.534479089581145
0.0535534566381423,0.848278876481078,0.534226777575288
0.053621229585215,0.848387912910574,0.533947205804255
0.0536882763935691,0.848498365397596,0.533662855062512
0.0537584698030373,0.848603153654514,0.533380073276361
0.05382624275011,0.84871219008401,0.533113990467769
0.0538940156971827,0.848821226513506,0.532848017106643
0.0539588840893809,0.848936399192281,0.532583576430904
0.0540273831751722,0.849044019564251,0.532333434092543
0.0540946720297659,0.849154000032097,0.532051854330705
0.0541624449768386,0.849263508480768,0.531803454766433
0.0542309440626299,0.849371128852738,0.531541183055255
0.0542987170097027,0.849480165282234,0.531281845109028
0.0543633433556613,0.849595809980185,0.531009239759493
0.0544330526726504,0.849701070256278,0.530754622113374
0.0545025199433999,0.849807274570722,0.530507031692793
0.0545666621968794,0.849923391287848,0.530231147970024
0.0546341930977126,0.850032899736519,0.529964998540299
0.0547019660447853,0.85014240818519,0.529702206214169
0.0547685287606603,0.850253804710563,0.529450219243653
0.054830976690463,0.850373225561915,0.529187605415287
0.0548958450826612,0.85048839824069,0.528912372002887
0.0549597452899012,0.850604986976991,0.528630273943945
0.0550224352659435,0.850723935809168,0.528372828781916
0.0550875457043812,0.850838636468768,0.52812699605993
0.0551548345589748,0.850948616936614,0.527861126495337
0.0552209131823707,0.851060957500338,0.527578002049117
0.0552886861294434,0.851170465949009,0.527318515621484
0.0553552488453184,0.851281862474381,0.527063362163899
0.0554196331450375,0.851397507172331,0.526800806131363
0.0554849856297148,0.851511735812756,0.52655526471054
0.0555578415478179,0.85161085983957,0.526281390552989
0.0556217417550579,0.851727448575871,0.526029439926992
0.0556839476386211,0.851847813465574,0.525759334658615
0.0557536569556102,0.851953073741668,0.525482634586214
0.0558185253478083,0.852067774401267,0.525217715856362
0.0558797630464133,0.852190027367672,0.524944125389059
0.0559482621322047,0.852297647739642,0.524691874334224
0.0560116782469656,0.852415180514293,0.524442569701294
0.0560758205004451,0.852531769250594,0.524173679862072
0.0561440775399969,0.852639861641739,0.523928907761944
0.0562152391344233,0.852742761821956,0.523678183989964
0.0562854325438915,0.852847078059699,0.523412746585726
0.0563544157221619,0.852953754393318,0.523162882745504
0.0564197682068392,0.853067983033743,0.522896581594384
0.0564902036625469,0.85317182725231,0.522623040062385
0.0565553141009846,0.853286055892735,0.522373835973582
0.056624297279255,0.853393204245529,0.522115089489316
0.0566898918101718,0.853506488847603,0.521865645384644
0.05675476020237,0.853621189507203,0.521610161549585
0.0568196285945682,0.853736362185977,0.521340898893063
0.0568866754029223,0.853846814672999,0.521098563258473
0.0569566267661509,0.853951602929917,0.520836275143636
0.0570256099444213,0.854058751282712,0.520593438591989
0.0570967715388477,0.854161179443754,0.520334783880906
0.0571669649483159,0.854265495681497,0.520082611288732
0.0572352219878677,0.854374060091817,0.519827480953194
0.0573020267499822,0.854484984598014,0.519570426225166
0.0573666530959408,0.854600157276789,0.519312072145079
0.0574366044591695,0.854705417552883,0.519040649610216
0.057508734238554,0.854805957637223,0.518766374528879
0.0575762651393872,0.854915466085894,0.518506187496914
0.0576476687800531,0.855017894246936,0.518249127605563
0.0577118110335326,0.855134010964061,0.517987071388995
0.0577766794257308,0.855248711623661,0.517725432928326
0.0578478410201571,0.855351611803878,0.517499786819798
0.0579163401059485,0.855459232175848,0.51725490942661
0.0579872596541353,0.85556260437524,0.516981461755552
0.0580642303583107,0.855653704076074,0.516703575797096
0.0581336976290603,0.855759436371343,0.516436002679215
0.0582036489922889,0.855864696647437,0.516182295605732
0.0582719060318407,0.855972789038582,0.515924891057166
0.0583379846552366,0.856085129602305,0.515684216616462
0.0584055155560698,0.856195110070151,0.515427477272445
0.058473530549382,0.856303674480472,0.515184367338271
0.0585434819126107,0.85640846273739,0.514942434367522
0.0586112548596834,0.856517971186061,0.514692338892162
0.0586802380379538,0.856624647519681,0.514438246433936
0.058745106430152,0.85673934817928,0.51418831438416
0.0588165100708179,0.856841776340322,0.513933470213797
0.0588905762201188,0.85693854027126,0.513668427290039
0.0589648844156592,0.857034832183023,0.513399583988736
0.059041128981116,0.857127819960558,0.513149955246194
0.0591118064830633,0.85723119215995,0.512895738532092
0.0591803055688547,0.85733881253192,0.512628063573039
0.0592548558106346,0.857435104443683,0.51237170586994
0.0593279537749774,0.857533756451322,0.512099499179548
0.0593995994618828,0.857635240574013,0.511847239560449
0.0594639837616019,0.857751357291139,0.511601239604466
0.0595370817259446,0.857850009298778,0.511346840048008
0.0596041285342987,0.8579604617858,0.511071286970856
0.0596735958050482,0.858066666100244,0.510829537849863
0.0597404005671627,0.858177590606441,0.510566944042517
0.0598086576067146,0.858286155016761,0.510292189290277
0.0598778828312245,0.858392359331206,0.510032763152856
0.0599480762406927,0.858496675568948,0.509780347386306
0.0600175435114422,0.858602879883392,0.509525404402248
0.0600887051058686,0.858705308044434,0.50927501007096
0.0601618030702113,0.858803960052073,0.509017130515472
0.0602356271732727,0.858901668021362,0.508767562336147
0.060306788767699,0.859004096182403,0.508520523652203
0.0603777083158858,0.85910699636262,0.50826532236727
0.0604454812629586,0.859216504811291,0.508014081720193
0.0605168849036244,0.859318460953158,0.507753799145051
0.0605919192378835,0.859413336807395,0.507503047525102
0.0606616285548726,0.859519069102663,0.507248517157945
0.0607356947041735,0.859615833033601,0.506998594999694
0.0608039517437253,0.859723925424746,0.50676851009237
0.0608765656155889,0.859823993489912,0.506506652860176
0.0609448226551407,0.859932085881057,0.506245317107532
0.0610167103882857,0.860033097984573,0.505986629348331
0.0610898083526284,0.860132222011387,0.505726856185647
0.061161938132013,0.860232762095727,0.505467837968569
0.061231163356523,0.860338966410171,0.505220541090786
0.0613032931359075,0.860439978513687,0.504966057965904
0.0613751808690525,0.860540990617203,0.504710384042173
0.0614470686021975,0.860642002720719,0.504461860090572
0.0615187142891029,0.860743958862585,0.504204663660385
0.0615918122534456,0.860842610870224,0.50394840496695
0.0616651522640279,0.860941262877863,0.50369285896373
0.0617447854768384,0.861027170367769,0.50343852845531
0.0618193357186183,0.861122990260356,0.503176719491016
0.061891949590482,0.861223058325521,0.502917948515871
0.061966983924741,0.861317934179758,0.502663728654205
0.0620383875654069,0.861419890321624,0.502394641460221
0.0621168105470197,0.861508629926582,0.502146867249231
0.0621874880489669,0.861612002125974,0.501897377150478
0.0622523564411651,0.861726702785574,0.501649928783046
0.0623206134807169,0.861835267195895,0.501397931187128
0.0623946796300178,0.861932031126832,0.501150456016618
0.0624697139642769,0.862026906981069,0.500897054518868
0.0625386971425473,0.862134055333864,0.500632925885235
0.0626074382745782,0.862241203686659,0.500376903756222
0.0626761794066091,0.862348352039453,0.500121726826226
0.0627478250935146,0.86245030818132,0.499868045356629
0.0628218912428155,0.862547072112257,0.499599734449199
0.0628942630684395,0.862647140177423,0.49935356327915
0.06296324624671,0.862754288530217,0.499106887034041
0.0630319873787409,0.862861436883012,0.498852321565889
0.0631048432968441,0.862960560909826,0.498571805347219
0.06317092192024,0.863073373492725,0.498315740352504
0.0632413573759477,0.863177217711292,0.498050926191206
0.0633142132940508,0.863276341738107,0.497789873349598
0.0633877953508726,0.863374521726571,0.497552810311217
0.0634633137776108,0.863468453542457,0.49726295358584
0.0635400424355467,0.863560497281642,0.497007134887824
0.0636114460762126,0.863662453423508,0.496741907446455
0.0636850281330344,0.863760161392796,0.496512781704966
0.063757642004898,0.863860229457961,0.496258490230745
0.0638346127090735,0.863951329158796,0.496006819929035
0.0639081947658953,0.864049037128084,0.495756041453718
0.0639803245452798,0.8641500492316,0.495508406694458
0.0640502759085085,0.864254837488518,0.495266634028062
0.0641207113642162,0.864358681707086,0.495009201582253
0.0641930831898403,0.864459221791426,0.494752479704
0.0642659391079434,0.864558345818241,0.494498316659472
0.0643371007023698,0.864660773979282,0.494265543800174
0.0644068100193589,0.864766506274551,0.494011112897343
0.064479665937462,0.864865630301365,0.49375183740351
0.064551553670607,0.864966642404881,0.493507001352697
0.0646265880048661,0.865061990278293,0.493254467472719
0.0646972655068134,0.865165362477685,0.493017685127166
0.064767216870042,0.865270150734603,0.492746215484115
0.0648381364182288,0.865373522933996,0.492492154170552
0.064914138937446,0.865466510711531,0.492217678800858
0.0649923198728192,0.865555250316489,0.491961700371823
0.0650637235134851,0.865657678477531,0.491694612993709
0.0651356112466301,0.865758690581046,0.491434657443372
0.0652053205636192,0.86586395085714,0.491174191201032
0.0652791446666805,0.865961658826428,0.490917597879255
0.0653532108159814,0.866058422757366,0.490647929935902
0.0654214678555333,0.866166987167687,0.490399102385532
0.0654994067446669,0.86625619879182,0.490140103219052
0.0655756513101237,0.86634871455018,0.489873415536986
0.06564148788728,0.866461999152254,0.489620094041642
0.0657153119903414,0.866559235102367,0.489369844161565
0.06578526335357,0.866664023359285,0.489114106780667
0.0658602976878291,0.866759371232697,0.488851503881878
0.0659326695134532,0.866859439297862,0.488585085102021
0.0660038311078795,0.866961867458904,0.488328366719412
0.0660798336270968,0.867055327255614,0.488090413161841
0.0661551100075954,0.867149731090676,0.487824612510216
0.0662308704805731,0.867243190887387,0.487557444799691
0.0663068729997904,0.867336650684097,0.487295066097037
0.0663845698426845,0.867426334327406,0.487041015355299
0.0664586359919854,0.867523098258344,0.486794102589939
0.0665319760025676,0.867621750265983,0.486537038978
0.0666060421518685,0.867718514196921,0.486268660581183
0.0666801083011694,0.867815278127859,0.485990192372343
0.0667546585429494,0.867911570039621,0.485741399505631
0.0668311451546458,0.868003613778806,0.485500638669899
0.0669040010727489,0.868102737805621,0.485242974147163
0.0669770990370916,0.868201861832435,0.484986232043093
0.0670518913251112,0.868297209705847,0.48473822974104
0.0671274097518494,0.868391141521733,0.484482596883871
0.0672012338549107,0.868488849491022,0.484226302739561
0.0672721534030975,0.868591749671239,0.483973524718412
0.0673488820610334,0.868683793410423,0.483729991015565
0.0674244004877716,0.86877772522631,0.483463706288719
0.0674948359434793,0.868881569444877,0.483219452674573
0.0675715646014152,0.868973613184062,0.482960554987734
0.0676444205195184,0.869072737210876,0.482716961213497
0.0677167923451424,0.869172805276042,0.482465312620346
0.0677891641707665,0.869273345360382,0.482201647003672
0.0678620200888697,0.869372469387196,0.481962535368046
0.067935360099452,0.86947064937566,0.481699907647257
0.0680108785261901,0.869565053210722,0.481437873984401
0.0680863969529283,0.869658985026608,0.481184300188396
0.0681609471947083,0.869754804919195,0.48093400389444
0.0682342872052906,0.869853456926834,0.480679415757304
0.0683076272158728,0.869951636915298,0.480422392203441
0.0683814513189342,0.870048872865411,0.480188238823054
0.0684499504047255,0.870156965256557,0.47994490157967
0.0685225642765891,0.870256561302546,0.479674153728058
0.0685951781484528,0.870356157348536,0.479421854189252
0.0686728749913468,0.87044631301102,0.479149276640925
0.0687481513718455,0.870540716846081,0.47890357564098
0.0688236697985836,0.870634648661967,0.478653562653449
0.0688945893467705,0.870738020861359,0.478433617202735
0.0689630884325618,0.870845641233329,0.478174187237514
0.0690364284431441,0.870943821221793,0.47791563847032
0.0691097684537263,0.871042473229433,0.477661217766551
0.0691886755278181,0.871129796776864,0.477398998646682
0.0692637098620772,0.871225144650276,0.477159960811181
0.0693414067049713,0.871314828293585,0.476913725987166
0.0694142626230745,0.871413952320399,0.476664328847442
0.0694900230960522,0.871507884136285,0.476406212129898
0.0695648153840717,0.871603232009697,0.476166807370019
0.0696393656258517,0.871699051902284,0.475918642691833
0.0697143999601108,0.871794399775697,0.475657530434042
0.0697935490804421,0.871881251303953,0.475407570062763
0.0698710038770967,0.871971406966437,0.475158617881652
0.0699443438876789,0.872070058974076,0.474893221837176
0.0700150213896262,0.872173431173468,0.474660413150317
0.070088603446448,0.872271139142757,0.474435446792721
0.0701626695957489,0.87236837509287,0.474183510485385
0.0702408505311221,0.872457114697827,0.473928821922444
0.0703166110040998,0.872550574494538,0.473674295198207
0.0703989067255452,0.872631761792691,0.473436975926995
0.0704736990135648,0.872727109666103,0.473183311724837
0.0705526060876566,0.872814433213535,0.472946886838327
0.0706303029305506,0.872904588876019,0.472698095144535
0.0707031588486538,0.873003712902833,0.472459780897018
0.0707794034141106,0.873096228661193,0.472229108689856
0.0708592786731606,0.873182136151099,0.471973010091353
0.0709360073310965,0.873273707871109,0.471719755921929
0.071008137110481,0.873374247955449,0.471461901375056
0.0710843816759378,0.873467235732984,0.471183110910199
0.0711591739639574,0.873562583606396,0.470926972323559
0.0712337242057374,0.873658875518159,0.470668045740542
0.0713126312798292,0.873746199065591,0.470412013534745
0.071386213336651,0.873843907034879,0.470143759464455
0.0714612476709101,0.873939254908291,0.469885588331256
0.0715372501901273,0.874032242685827,0.469627785818347
0.0716171254491773,0.874117678156557,0.469409913176329
0.0716911915984782,0.874214914106671,0.469148628494452
0.0717667100252164,0.874308845922557,0.468882343774576
0.0718415023132359,0.874404193795969,0.468634970143922
0.0719230718959627,0.874486797151647,0.468390663545407
0.0720000426001382,0.874577896852482,0.468145904958817
0.0720777394430322,0.87466758049579,0.467901105820062
0.0721503533148959,0.874767648560955,0.467657728565335
0.0722280501577899,0.874857332204263,0.46741083413262
0.0723026003995699,0.874953152096851,0.467160694820774
0.0723786029187872,0.875046611893562,0.466911483483309
0.0724526690680881,0.8751433758245,0.46666889259886
0.0725291556797844,0.875235419563684,0.466418771866771
0.0726054002452412,0.87532840734122,0.466145051225213
0.0726852755042912,0.87541384281195,0.465883303978397
0.0727610359772689,0.875507302608661,0.465652484933847
0.0728392169126421,0.875596514232794,0.465402873043882
0.072915945570578,0.875688085952804,0.465165634577153
0.0729948526446698,0.875775409500236,0.464899504880773
0.0730710972101266,0.875868397277771,0.464638867895451
0.0731483099605416,0.87595902495943,0.464382475200797
0.0732238283872798,0.876053428794491,0.46415586321075
0.0732978945365807,0.876150192725429,0.463896254755745
0.0733736550095584,0.87624365252214,0.463650718724513
0.0734528041298898,0.876330976069572,0.463378893716533
0.0735326793889397,0.876416411540302,0.463132549958274
0.0736111023705525,0.876504679126085,0.462903797086938
0.0736914617220815,0.87658964257764,0.462632710932626
0.0737681903800174,0.87668121429765,0.462377813775937
0.0738451610841929,0.876772313998484,0.462115389323614
0.0739209215571706,0.87686624581437,0.461854009068858
0.0739930513365551,0.87696678589871,0.461620105541533
0.0740719584106469,0.877054109446142,0.461369524665671
0.074149655253541,0.877144265108626,0.461123284254106
0.0742302566513096,0.87722828452183,0.460861612163032
0.0743108580490783,0.877312303935035,0.460605752992243
0.0743858923833373,0.877407651808447,0.460352184331224
0.0744628630875128,0.877498751509281,0.460107209558385
0.0745412860691255,0.877587019095064,0.459864305349717
0.07461874086578,0.877677646776723,0.45961463707529
0.0746969218011532,0.87776638638168,0.459364589681871
0.0747746186440473,0.877856070024989,0.459140477821057
0.0748511052557436,0.877948585783349,0.458887227729224
0.0749290441448773,0.878037797407482,0.458640191539467
0.0750103716813645,0.878120400763161,0.458389376859014
0.0750844378306654,0.878217636713274,0.458147421180525
0.0751621346735595,0.878307320356582,0.457895721469253
0.0752441883487654,0.87838897967391,0.457634286370438
0.0753184965443058,0.878485271585673,0.457401119687093
0.0753954672484813,0.878576371286507,0.457169113876563
0.0754746163688126,0.878663694833939,0.456916159330156
0.0755552177665813,0.878747714247144,0.456653832033866
0.0756350930256312,0.878833149717874,0.456412825678586
0.0757144841922021,0.878920001246131,0.456176517777002
0.0757958117286894,0.879002604601809,0.455934955132782
0.0758742347103021,0.879090872187592,0.455682863092689
0.0759519315531962,0.879181027850075,0.455457618354766
0.0760298704423298,0.879270239474208,0.455217630139008
0.0761111979788171,0.879352842829887,0.454967103572409
0.0761888948217112,0.879442998492371,0.454698911995446
0.0762644132484493,0.879536930308257,0.454474550463364
0.0763408998601457,0.879628974047442,0.454221553238303
0.076422711489112,0.879711105383945,0.453960379746245
0.0765016185632038,0.879798428931377,0.453723482118955
0.0765846404233679,0.879877728152828,0.453483965330888
0.0766611270350643,0.879970243911189,0.453225698213794
0.0767385818317188,0.880060399573672,0.45297786444669
0.0768097434261452,0.880162827734714,0.452727505596141
0.0768888925464765,0.880250151282146,0.452492199994302
0.0769639268807356,0.880345027136382,0.452239544669327
0.0770421078161088,0.88043376674134,0.451981879130969
0.0771222251213983,0.880519202212071,0.451730726886001
0.0771996799180528,0.880609357874554,0.451492158178722
0.0772807654083005,0.880692905268584,0.451244024814478
0.0773613668060692,0.880776924681788,0.45099070034072
0.0774373693252864,0.880869912459324,0.450755878585233
0.0775150661681805,0.880960068121807,0.450513727296188
0.0775934891497932,0.88104833570759,0.450246370051488
0.07766973371525,0.88114085146595,0.450010979593443
0.077752271482935,0.881221566744927,0.449762998121109
0.0778328728807036,0.881305586158132,0.449552478308414
0.0779112958623163,0.881393853743915,0.449300772705041
0.0779894767976895,0.881483065368048,0.44906276766986
0.0780666895481045,0.881573693049706,0.448832083911075
0.07814366025228,0.881664792750541,0.44857747333943
0.078224019603809,0.881749756202096,0.448337126532015
0.0783029266779008,0.881837079749528,0.448092849532743
0.0783832860294299,0.881921571181908,0.447827922704964
0.0784602567336054,0.882013142901917,0.447584655729915
0.0785372274377808,0.882104242602751,0.447322873273769
0.0786173447430703,0.882189206054307,0.447073870948152
0.0786964938634017,0.882276529601739,0.446815266455539
0.0787737066138167,0.882367157283397,0.446568865446587
0.0788492250405548,0.882461089099284,0.446334811267665
0.0789288582533653,0.882547468608365,0.446078997363264
0.0790060710037803,0.882638096290024,0.445826833352372
0.0790811053380394,0.88273297214426,0.445581336090834
0.0791604965046103,0.882819823672517,0.445340264390548
0.0792420660873371,0.88290195500902,0.445094852649801
0.0793229095313452,0.882985974422225,0.444863216104396
0.0793998802355207,0.883077074123059,0.444623849383348
0.0794812077720079,0.883159677478738,0.444366822636868
0.0795671341870466,0.883233784489261,0.444129877318283
0.0796482196772943,0.883316859864115,0.443885557009595
0.079729305167542,0.883399935238969,0.443655632528958
0.0798086963341129,0.883486786767226,0.443422383629906
0.0798885715931629,0.883572222237956,0.443178167614973
0.0799643320661406,0.883665682034667,0.442932638084641
0.0800425130015138,0.8837548936588,0.442684864989893
0.0801223882605637,0.883840329129531,0.442462762488839
0.0802005691959369,0.883929068734488,0.442221592885832
0.0802785080850705,0.884018752377797,0.441985687372573
0.0803557208354855,0.884109380059455,0.44173911307518
0.0804368063257332,0.88419245543431,0.441495870785918
0.08051837590846,0.884275058789988,0.441269235097825
0.080595588658875,0.884365686471647,0.441029599084879
0.0806694127619364,0.884462922421761,0.440785986374669
0.0807534028070586,0.884540805585686,0.440517274636369
0.0808340042048273,0.884624824998891,0.44028010320654
0.0809194465273868,0.884699404028589,0.4400377972457
0.0810005320176345,0.884782951422619,0.439786344202374
0.0810847641089963,0.884859890548194,0.439536606065356
0.0811660916454836,0.884942493903872,0.439299428004554
0.0812486294131686,0.88502320918285,0.439053732884552
0.0813331035507699,0.88509967628925,0.438815842486294
0.0814146731334967,0.885182279644928,0.438573828996782
0.0814962427162235,0.885264410981432,0.438328245898138
0.0815797486688667,0.885342766164533,0.438091310949371
0.0816588977891981,0.885430089711964,0.437839561582563
0.0817332059847385,0.885526381623727,0.437595599992066
0.0818171960298608,0.885603792768477,0.437353738414659
0.0818975553813898,0.885688756220033,0.437109562830942
0.081981061334033,0.885767111403134,0.436863174516875
0.0820621468242807,0.885850186777988,0.436625191397955
0.082140811852133,0.88593845436377,0.436403643108735
0.0822238337122971,0.886017753585222,0.43615506864006
0.0823109703585334,0.886089028480693,0.435898423563196
0.0823920558487811,0.886172575874722,0.435668765348218
0.0824748356627057,0.886252347115349,0.435444050430998
0.082553984783037,0.886339198643606,0.435210021886917
0.0826343441345661,0.886424162095161,0.434971984072028
0.0827149455323347,0.886508181508366,0.434740161661843
0.0827986935312174,0.886586064672291,0.434485797698925
0.0828776006053092,0.886673860238898,0.434234992981075
0.0829601383729942,0.886754103498701,0.434009786932142
0.0830421920482001,0.886835290796853,0.433768067405614
0.0831208570760524,0.886923558382636,0.433531967764129
0.083204120982456,0.887002385584912,0.433282145262289
0.0832902894437342,0.887075548557085,0.433029106860249
0.0833721010727005,0.887157679893588,0.432784670822034
0.0834493138231155,0.887248307575247,0.432553480147024
0.0835284629434469,0.887335631122679,0.432299504056677
0.08361196889609,0.88741398630578,0.432069236937214
0.0836949907562541,0.887493285527231,0.431820052987131
0.08377704443146,0.887574944844559,0.431568395480342
0.0838624867540195,0.887649523874258,0.431354637174386
0.0839481711228186,0.887723630884781,0.431116832648958
0.084029982751785,0.887805762221284,0.430883757978501
0.0841084057333977,0.887894029807067,0.430640826748746
0.0841882809924477,0.887979465277797,0.430387371921703
0.0842703346676536,0.888061124595126,0.430162145400362
0.0843482735567872,0.888150336219259,0.429912990459558
0.0844303272319931,0.888231523517411,0.429676335833098
0.084515043415834,0.888307990623811,0.429444173900428
0.0845987914147167,0.888385873787737,0.429201855088216
0.0846798769049644,0.888468949162591,0.428978920759792
0.084765803320003,0.888543056173114,0.428734103069044
0.0848473729027298,0.888625187509617,0.428490942643895
0.084930878855373,0.888703542692718,0.428228761428792
0.0850139007155371,0.888783313933345,0.427972375203796
0.0850969225757012,0.888862613154797,0.42773169375864
0.0851770398809907,0.888947576606352,0.42747713997699
0.0852622401573107,0.889023099674401,0.427217007159406
0.0853445358787561,0.889103814953379,0.426969907326619
0.0854241690915666,0.889189722443285,0.426724403210007
0.0855059807205329,0.889271853779788,0.426473143774904
0.0855909389506134,0.889347376847837,0.426221477951277
0.0856729926258193,0.889429036165165,0.42598946008024
0.0857562565322229,0.889507863367441,0.425769293019513
0.0858443613634174,0.889577250186212,0.425526755469329
0.0859295616397374,0.889652773254261,0.42528311422488
0.086007500528871,0.889741984878394,0.425047945877294
0.086092700805191,0.889817035927267,0.424813017556154
0.0861786272202296,0.889891142937791,0.424576874742265
0.0862626172653519,0.889968554082541,0.424345670963025
0.0863492698191092,0.890040773016363,0.424116359819477
0.0864337439567105,0.890117712141938,0.42387552507257
0.0865170078631141,0.890196539344214,0.423647624726398
0.0865983353996014,0.890279142699893,0.423400909952637
0.0866818413522446,0.890357969902169,0.423167266864163
0.0867605063800968,0.890445765468776,0.422954186786501
0.0868415918703445,0.89052884084363,0.422736336124941
0.0869219512218736,0.890613804295186,0.422485437046676
0.0870035208046004,0.890695935631689,0.422259742728722
0.0870882369884413,0.890771930718913,0.422015740462938
0.0871683542937309,0.890857366189644,0.42179838172243
0.0872583954948418,0.890922976855012,0.421560630688807
0.0873392389388499,0.891006524249041,0.421316931384121
0.0874234710302117,0.891083935393791,0.421078033440249
0.0875043144742199,0.891167482787821,0.420835137481234
0.0875870942881444,0.891247254028448,0.420627403946856
0.0876732627494226,0.891320889019796,0.420373235212616
0.0877570107483053,0.891398772183721,0.420160057803726
0.0878405167009485,0.891477599385997,0.41992118204414
0.0879271692547057,0.891549818319819,0.419695099379894
0.0880075286062348,0.891634309752199,0.419447371182443
0.0880905504663989,0.891714080992826,0.419195807457607
0.0881733302803234,0.891793852233453,0.418937934411707
0.0882536896318525,0.891878343665833,0.418708654084459
0.0883425206017657,0.891946786446253,0.418483918030202
0.088429657248002,0.892018061341724,0.418236895236832
0.0885158257092802,0.892091224313897,0.41802805363262
0.0886044146329538,0.892160139113491,0.417789599871313
0.0886859842156806,0.892242270449995,0.417526759472924
0.0887668276596888,0.892325817844024,0.417269585645562
0.0888483972424156,0.892408421199703,0.41703711271888
0.0889365020736101,0.892477808018473,0.416796975832823
0.0890226705348883,0.892550970990646,0.416557322791458
0.0891020617014592,0.892637822518902,0.41630998743817
0.0891845994691442,0.892718065778704,0.416061621377844
0.0892693156529851,0.892794060865929,0.415832351732971
0.0893559682067423,0.892866751818926,0.415595388723176
0.0894387480206669,0.892946523059553,0.415356781474946
0.0895205596496332,0.893028182376881,0.415112448492681
0.0896033394635578,0.893108425636683,0.414849899326797
0.0896875715549196,0.893185364762258,0.414599491639913
0.0897667206752509,0.893272216290515,0.414353242316784
0.0898514368590918,0.893348683396914,0.414132743847055
0.0899354269042141,0.893426094541665,0.413890513673464
0.0900199010418154,0.89350303366724,0.413666589717899
0.0901077638267704,0.893572892505185,0.413428119985173
0.0901890913632577,0.893655495860864,0.413193810201394
0.090276228009494,0.893727242775511,0.412961746055286
0.090358765777179,0.893807486035313,0.41271325186159
0.0904475967470922,0.893875456796557,0.412456713814571
0.0905373959019635,0.893942011500275,0.412227084901819
0.090622354132044,0.894017534568324,0.412010080018482
0.0907099748707594,0.894087865425445,0.411782868417975
0.090793238777163,0.894167164646897,0.411571315967755
0.090878439053483,0.89424221569577,0.411346104706516
0.0909604927286889,0.894323402993923,0.411116140837
0.0910396418490203,0.894410726541355,0.410885582462946
0.091126052356538,0.894483417494352,0.410650107609361
0.0912078639855043,0.89456507681168,0.410405889316835
0.0912954847242198,0.894635879687976,0.41017882542033
0.0913818952317375,0.894708570640974,0.409925673801044
0.0914697580166925,0.894778429478919,0.40967949974889
0.0915568946629288,0.894850176393566,0.409452880835007
0.0916447574478838,0.894920035231511,0.409219118006412
0.0917289895392456,0.894996974357086,0.408985432440488
0.0918156420930029,0.895069665310084,0.408739800536772
0.0919020526005206,0.895142356263081,0.408487471912226
0.091989673339236,0.895212687120202,0.40826230019308
0.0920743895230769,0.895289154226601,0.408034416386212
0.0921629784467506,0.895357597007021,0.407804854316253
0.0922430957520401,0.895443032477751,0.407580448520538
0.0923275698896414,0.895519499584151,0.407360615852005
0.0924127701659614,0.895594550633025,0.407133266232805
0.0924970022573232,0.895671961777775,0.406899854397892
0.0925807502562059,0.895749844941701,0.406662395858163
0.0926659505325259,0.895824895990575,0.406431502051082
0.0927552655949182,0.895892394732644,0.406211120435079
0.0928436124723523,0.895961309532238,0.40596777544346
0.0929251820550791,0.896043440868742,0.405715344744913
0.0930084459614827,0.896122740090193,0.405481934235035
0.0930917098678863,0.89620156729247,0.405251663864656
0.09318029879156,0.896270010072889,0.405015916079514
0.093265983160359,0.896344589102588,0.404790866591013
0.0933516675291581,0.896418696113111,0.40454796068212
0.0934373518979572,0.896492803123634,0.404304576361524
0.0935237624054749,0.896565966095807,0.40406038754981
0.0936065422193994,0.896645737336434,0.403829122805044
0.0936922265881985,0.896719844346957,0.403605824527561
0.0937808155118721,0.896788759146552,0.403372473536318
0.0938643214645153,0.896867114329652,0.403163644405563
0.0939509740182726,0.896939333263475,0.402937585387901
0.0940339958784366,0.897019104504101,0.402687066396985
0.0941213745709125,0.897089907380397,0.402429200521292
0.0942051225697952,0.897168262563498,0.402217131107498
0.0942961319558643,0.897231985152165,0.401982293166897
0.0943835106483402,0.897302788028461,0.401757032824941
0.0944725836644929,0.897370758789705,0.401497466954778
0.0945589941720106,0.897443449742702,0.40127030532979
0.0946466149107261,0.897513780599823,0.401052929342764
0.0947306049558483,0.897591663763749,0.400830869815244
0.0948116904460961,0.897674739138603,0.40058835859241
0.0948997952772906,0.897744125957373,0.400353291635468
0.0949869319235269,0.89781587287202,0.400133188943654
0.0950728583385656,0.897889507863367,0.399900031180109
0.0951573324761669,0.897965974969767,0.399669631202081
0.095243016844966,0.898040553999466,0.399447493996749
0.0953316057686396,0.898108996779885,0.399214160730929
0.0954175321836782,0.898182631771233,0.398967475159431
0.0955005540438423,0.89826240301186,0.398748128138864
0.0955828497652878,0.898343118290837,0.398506445139301
0.0956680500416077,0.898418169339711,0.398278956713165
0.0957534923641673,0.898493220388585,0.398052158179403
0.0958389346867268,0.898567799418284,0.39782159469057
0.0959238929168073,0.898643322486333,0.397591242896988
0.0960117557017622,0.898713653343453,0.39736683805335
0.0961001025791963,0.898782568143048,0.397136349917497
0.0961843346705581,0.898859507268623,0.396917520926672
0.0962680826694408,0.898937862451724,0.396699585637343
0.0963527988532817,0.899013857538949,0.396470787886642
0.0964365468521644,0.89909221272205,0.396234229361277
0.0965251357758381,0.899160655502469,0.396010137778186
0.0966113042371162,0.899233818474642,0.395775438968521
0.0966996511145503,0.899303205293412,0.395525343849366
0.096786061622068,0.899375896246409,0.395297399086957
0.0968690834822321,0.899455195467861,0.395059983858815
0.0969554939897498,0.899528358440033,0.394834166294606
0.097044324959663,0.899596329201278,0.39459234133751
0.0971326718370971,0.899665244000872,0.394366396842595
0.0972169039284589,0.899742655145623,0.394142527673651
0.097305734898372,0.899810625906867,0.393894780244843
0.0973916613134107,0.899884260898215,0.393664589333213
0.0974780718209284,0.899957423870387,0.393412541496261
0.0975656925596438,0.900027754727508,0.393160554355581
0.0976453257724543,0.900113662217414,0.39290093347678
0.097729073771337,0.900192017400515,0.392675037409356
0.0978150001863756,0.900265652391863,0.392432029066187
0.0979064936649238,0.900328430942179,0.392206930961589
0.0979967769122742,0.900394041607546,0.391968022562003
0.0980807669573965,0.900471452752297,0.391737291324642
0.0981700820197887,0.90053847947519,0.391511877869709
0.0982598811746601,0.900605034178908,0.391280335393617
0.0983528269306455,0.900664980614172,0.391044103614143
0.0984373010682469,0.900741447720572,0.390802795909012
0.0985241956682437,0.900813666654394,0.39058213487446
0.0986096379908032,0.900888245684093,0.390332294718126
0.0986924178047277,0.900968488943895,0.390103353217974
0.0987800385434432,0.901038819801016,0.389878945181547
0.0988681433746377,0.901108206619786,0.38965626247179
0.0989535856971973,0.901183257668659,0.389424422160696
0.0990407223434336,0.901254532564131,0.38917909651874
0.0991295533133468,0.901322503325375,0.388955947162316
0.0992157217746249,0.901396138316723,0.388720162699655
0.099304068652059,0.901465053116318,0.388488495655266
0.0993890268821395,0.901540576184367,0.388260317763427
0.0994802783144481,0.901604298773033,0.388039938307113
0.0995671729144449,0.90167604568768,0.387827250062979
0.0996601186704303,0.901735992122944,0.38759077902447
0.099740720068199,0.901820483555324,0.387357470073268
0.0998307612693098,0.901886094220692,0.387140626480584
0.0999166876843485,0.901959729212039,0.386902548451022
0.100004550469303,0.90203006006916,0.386651611638673
0.100088540514426,0.902107471213911,0.386431544034944
0.100175193068183,0.902179690147733,0.386223993296567
0.10026208766818,0.902251909081555,0.385997297927487
0.100350434545614,0.902320823881149,0.385769755349308
0.100439023469287,0.902389266661569,0.385542130663805
0.100525191930566,0.902462901652917,0.3853179675301
0.100613538808,0.902531816452512,0.385073545171731
0.100703337962871,0.902597899137055,0.38486124262371
0.100792895071503,0.902664925859948,0.384644062580181
0.100885356735009,0.902725816333563,0.38442964709851
0.10097563998236,0.90279142699893,0.384192969180571
0.101066891414668,0.902854677568422,0.383968154625732
0.101154754199623,0.902924536406367,0.383747960084408
0.101243827215776,0.902992507167611,0.383507532987061
0.101333868416887,0.903058117832979,0.383289064237396
0.101424877802956,0.903121840421645,0.38305190702562
0.101514434911588,0.903188867144539,0.382834209243522
0.101604476112699,0.903254477809907,0.38259699238022
0.101689918435258,0.903329056839605,0.382358666651986
0.101774634619099,0.903405523946005,0.382141446201417
0.101866854236366,0.903466886438795,0.381913467579613
0.101956653391237,0.903532969123338,0.381704565794543
0.102044032083713,0.903604244018809,0.381474835121185
0.102133589192345,0.903670798722527,0.381242883572243
0.102221936069779,0.903739713522122,0.381013850056144
0.102308830669776,0.903811932455944,0.380790900723985
0.102394030946096,0.903886983504818,0.380572504993618
0.102486492609602,0.903947873978432,0.380371503037442
0.102577017903192,0.904013012624625,0.380157367771766
0.102663912503189,0.904084759539271,0.379934758791288
0.102754679843018,0.904148954147113,0.379709178478985
0.102846415367806,0.904211732697429,0.379480352426152
0.102932583829084,0.904284895669602,0.379259545627628
0.103018994336602,0.904357586622599,0.379022084108342
0.103108067352755,0.904425557383843,0.37880099360164
0.103197624461387,0.904492112087561,0.378582866775482
0.103287181570018,0.904559138810455,0.378343366050934
0.103378433002327,0.904622389379946,0.378098808968747
0.103471620804552,0.904681863796035,0.377875743845653
0.103562146098142,0.904747002442227,0.377633503939165
0.103654123669169,0.904808836954192,0.377396646451045
0.103742954639082,0.904876807715437,0.377174177317911
0.103832753793954,0.904943362419155,0.376943795867076
0.103928846151053,0.90499717260514,0.376724160469603
0.104020339629601,0.905059951155456,0.376503264175686
0.104110864923191,0.905125089801648,0.376280773396491
0.104199453846865,0.905193532582068,0.376041652175679
0.104285864354383,0.905266223535065,0.375822490798941
0.104374453278056,0.90533513833466,0.375621412191652
0.104465946756605,0.905397916884976,0.375369081556367
0.104558166373871,0.905459279377765,0.37514139318186
0.104646513251305,0.905528666196536,0.374921187807395
0.104735344221219,0.90559663695778,0.37470466734135
0.10482538542233,0.905662247623147,0.374482608287929
0.104917847085836,0.905723610115937,0.374259370425475
0.10500595191703,0.905792996934707,0.374051114976357
0.105095024933183,0.905860495676776,0.373820902668474
0.105186518411731,0.905923746246267,0.373599781625875
0.105276801659082,0.90598888489246,0.373384726474312
0.105365632628995,0.906056855653704,0.37317515198158
0.105454947691387,0.906124354395773,0.372943088028323
0.105545230938738,0.906189493041965,0.372718539075797
0.105632609631214,0.906260767937437,0.372492641085983
0.105721682647366,0.906328266679506,0.372258193743953
0.105813902264633,0.906389629172295,0.372042334830251
0.105905153696942,0.906453351760962,0.371826407341227
0.105993258528136,0.906522738579732,0.371611316348998
0.106081121313091,0.906592597417678,0.371377412908643
0.106168984098046,0.906662928274798,0.371155059509062
0.106258299160438,0.906729954997692,0.370939651101571
0.106351244916424,0.906789901432956,0.370711749234425
0.106438865655139,0.906860704309252,0.3704998598012
0.10652914890249,0.906925842955444,0.370269816949617
0.106616043502487,0.906997589870091,0.370055383389957
0.106705600611118,0.907064616592984,0.369840208117161
0.106797578182146,0.90712645110495,0.36961805772245
0.106884472782142,0.907198198019596,0.369379057302546
0.106974271937014,0.907264752723315,0.369153487100651
0.107062376768208,0.907334139542085,0.368910732592075
0.107151449784361,0.907401638284154,0.368696875589228
0.107240764846753,0.907469137026223,0.368471355136317
0.107330079909146,0.907536163749116,0.368268656961308
0.107414312000507,0.907613102874691,0.368042669071083
0.107503869109139,0.907680129597585,0.367824773957567
0.107594878495208,0.907743852186251,0.367597825130508
0.107686614019996,0.907806158717392,0.367377799835568
0.107775929082388,0.907873657459461,0.367148280907982
0.107867180514697,0.907936908028952,0.366927161603946
0.107957463762047,0.908002518694319,0.366711895533418
0.108048957240595,0.908065297244635,0.366483634792885
0.108136577979311,0.908135628101756,0.36628012847463
0.108224682810505,0.908205486939701,0.366075138586093
0.10831254559546,0.908275345777647,0.365857307943085
0.108404523166488,0.908337180289612,0.365632100542433
0.108502551893504,0.90838768634137,0.365426917651776
0.108588962401021,0.908460377294367,0.365206996367811
0.108681424064528,0.908521267767982,0.364993230231804
0.108773401635555,0.908583574299122,0.364766917841269
0.108867073530259,0.90864210467686,0.364546557378883
0.108955662453933,0.90871054745728,0.364309935280843
0.109044493423846,0.908778990237699,0.364115330084573
0.109135502809915,0.908842712826366,0.36388274923523
0.109224817872307,0.908909739549259,0.363676559896791
0.109317037489574,0.908971574061225,0.363447307010679
0.109407078690685,0.909037184726592,0.363230925273265
0.109497603984275,0.909101851353609,0.363014973588246
0.109590065647781,0.909163213846399,0.362800452399766
0.109679622756413,0.909229768550118,0.362586152525954
0.109772810558638,0.909289242966206,0.362371838951174
0.109860915389832,0.909359101804152,0.362135244148543
0.109953619099578,0.909419520258591,0.361919855895614
0.110045112578126,0.909482298808907,0.361685404754517
0.110137574241633,0.909543661301697,0.361459576485482
0.110227131350265,0.909610216005415,0.361229835934983
0.110311847534106,0.909686683111815,0.361008134287693
0.110403341012654,0.909749461662131,0.360790003425492
0.110497496999837,0.909807048001518,0.360550934489351
0.110589474570864,0.909869354532658,0.360344526937726
0.110683630558047,0.909926940872046,0.360109872806897
0.110776092221554,0.909987831345661,0.359880441477927
0.110867101607623,0.910052025953502,0.359664712803674
0.11095399620762,0.910123772868149,0.359419081994009
0.111043311270012,0.910190799591043,0.359191785890142
0.111132868378644,0.910257826313936,0.358963086473102
0.111220731163599,0.910327685151882,0.35873816824545
0.111308109856074,0.910398488028178,0.358512520389094
0.111402265843258,0.91045654638674,0.358292934097922
0.111496179784201,0.910514604745303,0.358079062009116
0.111588399401468,0.910575967238093,0.357859978127337
0.111679892880016,0.910639217807584,0.357639872233045
0.111772112497283,0.910700580300374,0.357429989113468
0.111862879837113,0.910764774908216,0.357220244520862
0.111954131269421,0.910828497496882,0.356997680720923
0.112047561117886,0.910887499893796,0.356782604814245
0.11213566594908,0.910956886712566,0.356567773650475
0.112225707150191,0.911022969397109,0.356348023946507
0.112316232443781,0.911087636024126,0.356114453775774
0.112404579321215,0.911156550823721,0.355906093488138
0.112499945539596,0.911212249086407,0.355705395115588
0.11258853446327,0.911280691866826,0.355476727917286
0.112682448404213,0.911339222244564,0.355270243798082
0.112772489605324,0.911404832909932,0.355016901150663
0.112867613777466,0.911460531172618,0.354778985116152
0.112960801579691,0.911520477607882,0.354565421691957
0.113050600734562,0.911586560292425,0.354321276991222
0.113142820351829,0.911647922785215,0.354083087227734
0.113236008154054,0.911707869220479,0.353859141523958
0.113325081170206,0.911775367962548,0.353636148603997
0.113418268972431,0.911834842378637,0.353411382958055
0.113510488589698,0.911896676890602,0.35320378146942
0.113602708206965,0.911958039383392,0.352986069701631
0.113691297130639,0.912026482163811,0.352767176069168
0.113784484932864,0.912086428599075,0.352553375893029
0.113873799995256,0.912153455321969,0.352332039446544
0.113963841196367,0.912219065987337,0.352119054830401
0.114054124443717,0.912284676652704,0.351912933232765
0.114143923598589,0.912350759337247,0.351687923869269
0.114232754568502,0.912418730098492,0.351461086369968
0.114325942370727,0.912478676533755,0.351241061355703
0.114421550635347,0.912533430758091,0.351036084779667
0.114513044113895,0.912596209308407,0.350813663902226
0.114605263731162,0.912658043820372,0.350590717665809
0.11469699925595,0.912720350351513,0.350375067086524
0.114788250688258,0.912783600921004,0.350168870713557
0.114883616906639,0.91283929918369,0.349956144611054
0.114974142200229,0.912903965810707,0.349728433957226
0.115065393632538,0.912967688399374,0.349501081531597
0.115152046186295,0.913039907333196,0.34929634593331
0.115242571479885,0.913104573960213,0.349079587018888
0.115333096773475,0.913169712606405,0.348869165301057
0.115423380020826,0.913234851252597,0.348645235208095
0.11551680986929,0.913293853649511,0.348423300465463
0.115604672654245,0.913364184506631,0.348203263301889
0.115695924086554,0.913427435076123,0.347994968654691
0.115791048258695,0.913483133338809,0.347780537965456
0.115882783783483,0.913545911889125,0.347561646417571
0.115975487493229,0.913606330343564,0.347340870537879
0.11607061166537,0.91366202860625,0.347109449198395
0.11616670402247,0.91371631081141,0.346908413187089
0.116262070240851,0.913771537054921,0.346693271687504
0.116356952366752,0.913827707336783,0.346488474991918
0.116445783336665,0.913896150117202,0.346259199362209
0.116540907508807,0.913951848379889,0.346036915358927
0.116627318016325,0.914024539332886,0.345808102735463
0.11672050581855,0.91408448576815,0.345587588040251
0.116811273158379,0.914148680375992,0.345376785782511
0.116901798451969,0.914213347003009,0.345141889189687
0.116994018069236,0.914275181514974,0.34492139376395
0.117085995640263,0.914337016026939,0.344717122721136
0.117179425488728,0.914396018423852,0.344503676868783
0.11727406556839,0.914453132744065,0.344285226789391
0.117367979509334,0.914511191102627,0.344060818638822
0.117459472987882,0.914574441672119,0.343854933269393
0.117557743761137,0.914624003685526,0.343632642235758
0.117650205424644,0.91468489415914,0.343427780232664
0.117741456856952,0.914748616747807,0.34320888744393
0.117840937861405,0.914795818665337,0.343001432836406
0.117934609756109,0.914854349043075,0.342769598682317
0.118028039604574,0.914913823459164,0.342567447925382
0.118122195591757,0.914971409798552,0.342348971145875
0.118213931116545,0.915033716329692,0.342136608006896
0.118306634826291,0.915094606803307,0.341921189690418
0.118401758998432,0.915150305065993,0.341720375803531
0.118490347922106,0.915218747846413,0.341483141774474
0.11858377777057,0.915278222262501,0.34125857859593
0.118680354220149,0.915331088410136,0.341040764639527
0.118771605652457,0.915394338979627,0.340823184988513
0.118867940055796,0.915448149165612,0.340605245856768
0.118954834655793,0.915519896080258,0.340397083809694
0.119048748596737,0.915577954438821,0.340185141180153
0.119147019369992,0.915627988471404,0.339966234625126
0.11924432195829,0.915679438561512,0.339760721095914
0.119338477945473,0.9157370249009,0.339543482908479
0.119434328256333,0.915791779125235,0.339327238153809
0.119530662659672,0.915845117292045,0.339129925644275
0.119620703860783,0.915910727957413,0.338931415339292
0.11971800644908,0.915962650066696,0.338709731003783
0.119811436297545,0.91602165246361,0.338492781658619
0.119904866146009,0.916081126879698,0.338287494847031
0.12000047441063,0.916135881104034,0.338069260885677
0.120092451981657,0.916197715615999,0.337870497586221
0.120183945460205,0.91626096618549,0.337647070101902
0.12027713326243,0.916320440601579,0.337425041549822
0.12037298357329,0.916374722806739,0.337219780279758
0.120468349791671,0.916430421069426,0.337019381341896
0.120561053501417,0.916490839523865,0.336781533677894
0.12064988447133,0.916558810285109,0.336567692851478
0.12074016771868,0.916624420950477,0.336353688667904
0.120832871428426,0.916684839404916,0.336151553260905
0.120926301276891,0.916743841801829,0.335935894008583
0.121019004986637,0.916804732275444,0.335727296014982
0.121115339389976,0.916858070442254,0.335521478297876
0.121208285145961,0.916918016877518,0.33531959085882
0.121299778624509,0.916981267447009,0.335106266531636
0.12138981982562,0.917046878112376,0.334881199706252
0.121483007627845,0.917106352528465,0.33468167167462
0.121578373846226,0.917162050791151,0.33448243637572
0.121673255972128,0.917218221073013,0.334270978704337
0.121770558560425,0.917269671163121,0.334060317631307
0.121865924778806,0.917325369425808,0.333854715808324
0.121962501228385,0.917378235573442,0.333641706694179
0.122053510614454,0.917441958162108,0.333429863443749
0.122148150694116,0.917499072482321,0.3332224078946
0.122246905559851,0.917547690457377,0.333015439084943
0.122340093362076,0.917607636892641,0.332785298138692
0.122437395950373,0.91765908698275,0.332569239175955
0.122536150816107,0.917707704957806,0.332354950070439
0.122631517034488,0.917763403220492,0.332138166768104
0.122723494605515,0.917825237732458,0.331922839937484
0.122817650592699,0.917882824071845,0.331721179260321
0.122913742949798,0.917937106277005,0.331493699407539
0.12300838302946,0.917993748578042,0.331278835783525
0.12309890832305,0.918058415205059,0.331072470425964
0.123192580217754,0.918117417601973,0.33086341065871
0.123289398713573,0.918169811730432,0.33064692597471
0.123380166053402,0.918234006338273,0.330434154831329
0.12347190157819,0.918296784888589,0.330218454159391
0.123567267796571,0.9183520111321,0.330010780440825
0.123665296523587,0.918402045164683,0.329796183244712
0.123761630926926,0.918455855350668,0.329599281756167
0.123856271006588,0.918512497651705,0.329379039682626
0.123946796300178,0.918577164278722,0.329165433302948
0.124040952287361,0.918635222637284,0.328943374052914
0.124138012829419,0.918687144746568,0.328746630293473
0.124233863140279,0.918741426951728,0.328528246542722
0.124328745266181,0.918798069252765,0.32831504981625
0.124423869438322,0.918853767515452,0.328105426872317
0.124514636778152,0.918917962123293,0.327892850490036
0.124611939366449,0.918969884232577,0.327663978729702
0.124710210139704,0.919019446245984,0.327432466843107
0.124804850219367,0.919076560566196,0.327240514891776
0.124901668715185,0.919128954694655,0.327038888736591
0.124997761072284,0.919182764880641,0.326823253685324
0.125094821614342,0.9192351590091,0.326612840911618
0.125192366248879,0.919286137080033,0.32641674875679
0.125283859727427,0.919348915630349,0.326208003271704
0.125377289575891,0.919408390046437,0.32599005389498
0.125471929655554,0.919465032347474,0.32577671240948
0.125564875411539,0.919524978782738,0.325563931105099
0.125656368890087,0.919588229352229,0.325351287148475
0.125746410091198,0.919653840017597,0.325136325604762
0.125838145615986,0.919716146548737,0.324930542526706
0.125934964111804,0.919769012696372,0.324719165560327
0.126031540561383,0.919821878844006,0.324506382848781
0.126128359057201,0.919874272972465,0.324299000577085
0.126222999136863,0.919931387292677,0.324104576797283
0.126317155124046,0.919988973632065,0.323906819792003
0.126412037249948,0.920045143913926,0.323705568196713
0.12651224439312,0.920091401793106,0.323496385843377
0.126608578796459,0.920144739959916,0.323287363159879
0.126704187061079,0.920199494184252,0.323084293378776
0.126799311233221,0.920255664466113,0.322886094493195
0.12689540359032,0.920309474652098,0.3226926535704
0.126996336872211,0.920353844454577,0.322498509856305
0.127093639460508,0.920405766563861,0.322286872958691
0.127187553401452,0.920463824922424,0.322091932512653
0.127283645758551,0.920518107127584,0.321866978183934
0.127381916531807,0.920567669140991,0.321654532849353
0.127472683871636,0.920631863748833,0.321453917010419
0.127570470552412,0.920682841819766,0.321248310102026
0.127669225418147,0.920731459794823,0.321052844094756
0.127763865497809,0.92078810209586,0.320851633992654
0.127857053300034,0.920848048531124,0.320648225455396
0.127955808165769,0.92089666650618,0.320436746846112
0.128051900522868,0.920950476692165,0.320227340682089
0.128144604232614,0.92101136716578,0.320031827627309
0.128239244312276,0.921068009466817,0.319824421970244
0.128335820761855,0.921120875614451,0.319645948734382
0.128430218795278,0.921178461953838,0.319428306919056
0.128526311152377,0.921232272139823,0.319225507676678
0.128625066018112,0.92128089011488,0.319016664187722
0.128721158375211,0.92133517232004,0.318799607970761
0.128816524593592,0.921390398563551,0.318582078135646
0.128912616950692,0.921444208749536,0.318381584701031
0.129008951354031,0.921498018935521,0.318187600111033
0.129106738034807,0.921548524987279,0.317974839759366
0.12920621903926,0.92159572690481,0.317778505683156
0.129304489812516,0.921645760937392,0.317567641254508
0.129402034447053,0.921696739008325,0.317367222885816
0.129497642711673,0.921751493232661,0.317153366861146
0.129594703253731,0.92180388736112,0.316949915303453
0.12969079561083,0.921857697547105,0.316727664791902
0.12978688796793,0.921911979752265,0.316522492012575
0.129884432602467,0.921962957823199,0.316328061843919
0.129984397699399,0.922009215702379,0.316111098626154
0.130078795732822,0.922066802041766,0.315919837977984
0.13017561422864,0.922119196170225,0.31570155844504
0.130269286123344,0.922177726547963,0.315487443848578
0.130365862572922,0.922231064714773,0.315263783776319
0.130465827669855,0.922277322593953,0.315061607533395
0.130559983657038,0.92233490893334,0.314843559624082
0.130654139644221,0.922392967291903,0.314624054326369
0.130751926324997,0.922443473343661,0.314428417746278
0.130849955052013,0.922493507376244,0.314219034915459
0.130947983779029,0.922544013428002,0.313998210071375
0.131043107951171,0.922599711690688,0.313799862757602
0.131145009418019,0.922642193416465,0.313606315816277
0.131242796098796,0.922693171487398,0.313409595080907
0.131339614594614,0.922745565615858,0.313205898036338
0.131437885367869,0.922795127629265,0.312984426424054
0.131532041355052,0.922853185987828,0.312775632655223
0.131627407573433,0.922908412231338,0.312563970677465
0.131726404485407,0.92295655818722,0.312347085646297
0.131822738888746,0.923010368373205,0.312153500551717
0.131920767615762,0.923060402405787,0.311943249350066
0.132018554296539,0.923110908457545,0.311746259146211
0.132114162561159,0.923166134701056,0.311529645086167
0.132208076502103,0.923224193059619,0.311328806035294
0.132306347275358,0.923274227092201,0.311114419437151
0.132402923724937,0.923327093239836,0.31090803608196
0.132497805850839,0.923383263521697,0.310697244962181
0.132594382300417,0.923436601688507,0.310489175681152
0.132691926934954,0.92348757975944,0.310290853975372
0.132790923846928,0.923535725715321,0.310085723926485
0.132890162805142,0.923583871671203,0.309882060637015
0.132989401763355,0.923631545607909,0.309688468137093
0.13308815662909,0.923680163582965,0.309474688656258
0.133181344431315,0.923740110018229,0.309263175023514
0.133281067482007,0.923786839916585,0.309056550002695
0.133379822347742,0.923835457891641,0.308857308897351
0.133477851074758,0.923885963943399,0.308658568220747
0.133574427524337,0.923938830091034,0.30844508719874
0.13367390852879,0.923986032008564,0.308262700409743
0.133767580423494,0.924045034405478,0.308066855641853
0.133864883011791,0.924096484495586,0.307850614021899
0.133962911738807,0.924146518528169,0.307649911073773
0.134059972280865,0.924198912656628,0.307448210089752
0.134154370314287,0.92425602697684,0.307241061639209
0.13424901039395,0.924312669277877,0.307041881832146
0.134345586843528,0.924366007444686,0.306829497259615
0.13444022692319,0.924422649745723,0.306639847492781
0.134538255650206,0.924472683778306,0.306427754608104
0.134636284377222,0.924523189830064,0.306231684307634
0.134736007427915,0.924569919728419,0.306030885716939
0.134829921368859,0.924628450106157,0.305818720074727
0.134927466003395,0.92467942817709,0.305622727764741
0.135023074268016,0.924734182401426,0.305411815193428
0.135124491642385,0.924778080184729,0.305221342117417
0.135220341953245,0.92483236238989,0.305019171942818
0.135316918402824,0.924885228537524,0.304815390792285
0.135415673268559,0.924934318531756,0.304624570184443
0.135516848596689,0.92497821631506,0.304416783456952
0.13561197276883,0.925033914577746,0.304216609886802
0.135711453773283,0.925081588514452,0.304016435152015
0.135809966592778,0.925130678508684,0.303826103192248
0.135905332811159,0.925185904752195,0.303619976568614
0.136001909260738,0.925239242919004,0.303422852469837
0.136096065247921,0.925296829258392,0.303221798331974
0.136193367836218,0.9253482793485,0.303005789712994
0.136290912470755,0.925399729438609,0.302802121424285
0.136389909382729,0.92544787539449,0.302610493011989
0.136486727878547,0.925500269522949,0.302415177532139
0.136582820235647,0.925554551728109,0.30222162830478
0.136678670546507,0.92560883393327,0.3020137565965
0.136779119735918,0.925654147774099,0.301815808284273
0.13687375981558,0.925711262094311,0.30162506006922
0.136974209004991,0.925756575935141,0.301430071935758
0.137068607038414,0.925813690255353,0.30124186473148
0.137167361904149,0.925862780249585,0.301046977932162
0.137267084954841,0.92590951014794,0.300841463225163
0.137364629589378,0.925960960238049,0.300642565549273
0.13746507877879,0.926006274078878,0.300446837856115
0.137563107505805,0.926056308111461,0.300236915473559
0.137661136232821,0.926106814163219,0.300044028781104
0.137755776312484,0.926163456464255,0.299848419415346
0.137849690253427,0.926221514822818,0.299652206272402
0.137948687165401,0.926270132797875,0.299446892910638
0.138049620447292,0.926314502600354,0.299242155148807
0.138149343497984,0.926361232498709,0.299039082484894
0.13824761427124,0.926411266531292,0.298844376406945
0.138342980489621,0.926466492774803,0.298657426605704
0.138440041031679,0.926518414884086,0.298462395858573
0.138539522036132,0.926566088820792,0.298279245507246
0.138640939410501,0.92660951458492,0.298068654719925
0.138741388599913,0.92665482842575,0.297865964188303
0.138839901419408,0.926704390439157,0.297673235251607
0.138938172192663,0.926753952452564,0.297480900189237
0.139042494121907,0.926791713986589,0.297280529649942
0.139142701265079,0.926837971865769,0.297086719989879
0.139240487945855,0.926888477917527,0.29688994928698
0.139338758719111,0.926938039930934,0.296707923911484
0.139439934047241,0.926982409733413,0.296505932031068
0.13953626845058,0.927035747900223,0.296305510460068
0.139631150576482,0.927091918182084,0.296114476542059
0.139728211118539,0.927144312310543,0.295919776537908
0.139827450076753,0.927191986247249,0.295733895199461
0.139923542433852,0.92724626845241,0.295534203013374
0.140022781392066,0.927293942389116,0.295338866511655
0.140122262396519,0.927341144306646,0.295136987064534
0.140220291123535,0.927391650358404,0.294937511461534
0.140319288035509,0.927439796314286,0.294732065847452
0.140415380392609,0.92749360650027,0.29454503227484
0.14051558753578,0.927539864379451,0.2943662899705
0.140613374216557,0.927590370431208,0.294160394484657
0.140712129082291,0.927638988406265,0.293972354850171
0.140813304410421,0.927683358208744,0.293777170871861
0.140909154721281,0.927737640413904,0.293582325729731
0.141009845956932,0.927782482235558,0.293389742587784
0.141108600822667,0.92783157222979,0.293203627435835
0.141207113642162,0.927880662224022,0.293023209276845
0.141306594646615,0.927927864141553,0.292833167682395
0.141403897234912,0.927979786250837,0.292642290139425
0.141500231638251,0.928033124417646,0.292442577756502
0.141601649012621,0.928076550181775,0.292257060882105
0.14170306638699,0.928120447965078,0.292058720474486
0.141805209900078,0.92816245767168,0.291866677649597
0.141904206812053,0.928210603627562,0.291680096958589
0.142007802602578,0.928250253238288,0.291469585286818
0.142104863144636,0.928302175347571,0.291268035988903
0.142201923686693,0.928354097456855,0.291076244815586
0.142298742182512,0.928406963604489,0.290869975692519
0.142402095926797,0.928446613215215,0.290679275325939
0.142502303069969,0.928492871094395,0.290484110158057
0.142597185195871,0.928549041376257,0.290302315908477
0.142696424154085,0.928596715312963,0.290099614102993
0.142794210834861,0.928647693383896,0.289913024307146
0.142894902070512,0.92869253520555,0.289723503635202
0.142995109213684,0.928738321065555,0.289537578996583
0.143094832264376,0.928785522983086,0.289342367570837
0.143190924621476,0.928839333169071,0.289151546672365
0.143294278365762,0.928878982779796,0.288973276227958
0.143394969601413,0.928924296620626,0.288781807804176
0.14349227218971,0.928975746710734,0.288578638106237
0.143586912269372,0.929032389011771,0.288386675190896
0.143688087597502,0.92907675881425,0.288189635973015
0.143785632232039,0.929127736885183,0.287995109050922
0.143884387097774,0.92917635486024,0.28780494142597
0.143984110148466,0.929223556777771,0.287614796511022
0.144084559337878,0.9292688706186,0.287424812667587
0.144184040342331,0.929316072536131,0.287240991869987
0.144290056595252,0.929351001955103,0.287038904724461
0.144392442154579,0.92939253964253,0.286865770026045
0.144492165205272,0.929439269540886,0.286679602062872
0.144586563238695,0.929496855880273,0.286489884937166
0.144688948798023,0.9295383935677,0.286290733081931
0.144790850264871,0.929581347312653,0.286105072478776
0.14489275173172,0.929623829038431,0.285909665507883
0.144992232736173,0.929671030955962,0.285734864862969
0.145091471694387,0.929719176911843,0.285534024776005
0.145193615207475,0.929761186618445,0.285341947051347
0.145295032581844,0.929804612382573,0.285151490489227
0.145397902233651,0.929845678050825,0.284963286573304
0.145498351423062,0.929890991891655,0.284774614198726
0.145601705167348,0.92993064150238,0.284596512122321
0.145701670264281,0.929977371400736,0.284411648517072
0.145799214898817,0.930028349471669,0.284232377568522
0.145901842504385,0.930069415139921,0.284052214528932
0.146001323508838,0.930117089076627,0.283868595893444
0.146102498836968,0.93016098685993,0.283682799670495
0.146201253702702,0.930209604834987,0.283487292462659
0.146300492660916,0.930257750790868,0.283306709076665
0.146401183896567,0.930302592612522,0.283131212022057
0.146502117178457,0.930346962415001,0.282947244539479
0.146604260691545,0.930389444140779,0.282766542508198
0.146705920112155,0.930432397885732,0.282583997063325
0.146807095440285,0.930476295669035,0.282408682470521
0.146908512814654,0.930520193452339,0.282224128609059
0.14701186655894,0.930559843063065,0.282036023176309
0.147114736210747,0.930600436712141,0.28186210254065
0.147217847908793,0.930641030361217,0.281660216692906
0.147318539144444,0.930685872182872,0.281476432019318
0.147421408796251,0.930726937851123,0.281294388274148
0.14752306821686,0.930769891596076,0.281101948541088
0.147625937868667,0.930810485245153,0.280909889926767
0.147724934780641,0.930859103220209,0.280727606951497
0.147824657831333,0.930905833118565,0.280552514247398
0.147924380882026,0.93095256301692,0.280372927416573
0.148024103932719,0.930999764934451,0.28019384676874
0.148126489492047,0.931041302621878,0.280017016917395
0.148227180727697,0.931086144443532,0.279831513870116
0.148330050379504,0.931127210111784,0.279649279620564
0.148432920031311,0.93116780376086,0.27946355852883
0.148535547636878,0.931208869429112,0.279266014513748
0.148634544548852,0.931257487404168,0.279091396132501
0.148736688061941,0.931299497110771,0.278895544167791
0.14883810543631,0.931342922874899,0.278706552568869
0.148938312579482,0.931389180754079,0.278537459855102
0.14904069813881,0.931430718441506,0.278363848407813
0.149142599605658,0.931473200167284,0.278182315663602
0.149243774933788,0.931517569969762,0.277987130839002
0.149342287753283,0.931566659963994,0.277807510696603
0.149445641497569,0.93160630957472,0.277626180506493
0.149547300918178,0.931649735338848,0.277432575753501
0.14964750806135,0.931695521198853,0.277252881074435
0.149746020880845,0.931744611193085,0.277063376221783
0.149845259839059,0.931792757148966,0.276874952884311
0.149948371537105,0.931832878778868,0.276702109390061
0.150048820726516,0.931878664638872,0.276517218555159
0.150151448332084,0.931919730307124,0.276330028370081
0.150252623660214,0.931963628090428,0.276158562852782
0.150356461496979,0.932002805681978,0.275970299220491
0.150457636825109,0.932046703465282,0.275790594096118
0.150559296245718,0.932089657210235,0.275615874009995
0.150660713620087,0.932133554993538,0.275453450667134
0.150763583271894,0.932174148642614,0.275275581036939
0.150867905201138,0.932211910176639,0.275090754669435
0.150970532806705,0.932253447864066,0.274913248262978
0.15107437064347,0.932292153436441,0.274745669980217
0.151175061879121,0.932336995258095,0.274554104006794
0.151280594039563,0.932372868715419,0.274381044252145
0.151383947783849,0.932412518326144,0.274219391672149
0.151487543574374,0.932451695917695,0.274040333830968
0.151588960948744,0.932495593700999,0.273849355833329
0.151690862415592,0.932538075426776,0.273687472025619
0.151795426391076,0.932575364941625,0.273506927199334
0.151898053996643,0.932616902629052,0.273330021161624
0.151999713417252,0.932659856374005,0.273161132250567
0.152100888745382,0.932703754157309,0.272982640314478
0.152206904998303,0.932738683576282,0.272810243859008
0.152309290557631,0.932780221263709,0.272639963576634
0.152411434070719,0.932822230970311,0.272476534894058
0.152518176462359,0.932855744331758,0.272301645230346
0.152621288160405,0.932895865961659,0.272133046919017
0.152725610089649,0.932934099514859,0.271964691857901
0.152827269510258,0.932977053259812,0.271793560021446
0.15292771869967,0.933022367100641,0.271618354698317
0.153031798582674,0.933061072673016,0.271445670657716
0.153134426188241,0.933102138341268,0.2712682168713
0.153235359470132,0.933146508143747,0.271102110660544
0.153337987075699,0.933188045831174,0.270943113052641
0.153442066958704,0.933226279384374,0.270769000166253
0.153542274101875,0.933272065244378,0.270599104124341
0.153645143753682,0.93331313091263,0.270422936685422
0.153751402052843,0.933347116293252,0.27026246028565
0.153855723982087,0.933384877827277,0.270092600744561
0.153959803865091,0.933423583399652,0.269919182045578
0.154060737146982,0.933467953202131,0.269753257415725
0.154166753399903,0.933502410601928,0.269585163004485
0.154271801467865,0.933539228097602,0.269414044166181
0.154373944980953,0.933581237804205,0.269254337573983
0.154473910077886,0.933627495683385,0.269082659242081
0.154575327452255,0.933671393466688,0.26891353936099
0.154677228919104,0.933713875192466,0.268745530477337
0.154779130385952,0.933756356918243,0.268575057736916
0.154885388685113,0.933790814318041,0.268410292829902
0.154987532198201,0.933832824024643,0.268241439648695
0.15509475868232,0.933864921328564,0.268082149742329
0.155197144241647,0.933906931035166,0.267924078755686
0.155297835477298,0.933951772856821,0.267755482604298
0.155402399452782,0.933989534390845,0.267601554697303
0.155507931613224,0.934024935828993,0.267439139296458
0.155609348987593,0.934068361593121,0.26725969530421
0.155715365240514,0.934103291012094,0.26710405285498
0.155819929215998,0.934140580526943,0.266937125052747
0.155923767052763,0.934179286099319,0.266764080377351
0.156028815120725,0.934216103594992,0.266575460353472
0.156136041604844,0.934248200898913,0.266407526443527
0.156239879441609,0.934286906471289,0.26625336200703
0.156344685463332,0.934324195986138,0.266096072608529
0.156448765346337,0.934362429539338,0.26594068325715
0.156551150905664,0.934403967226765,0.265784812815595
0.156655714881148,0.934441728760789,0.265622324545401
0.156759794764153,0.934479962313989,0.265440733266502
0.156863632600918,0.934518667886364,0.265275453791838
0.156962387466652,0.934567757880596,0.265112690609549
0.157063562794782,0.9346116556639,0.26494968099958
0.157168852908984,0.934647529121223,0.26478759753512
0.157270270283354,0.934691426904527,0.264617425436398
0.157371203565244,0.934735796707005,0.264458430351263
0.157476977771926,0.934770726125978,0.264300256133257
0.157582267886128,0.934807071602477,0.264125674811849
0.157688284139049,0.934841529002274,0.263971051328908
0.157793574253251,0.934877402459597,0.263811902550576
0.157897654136256,0.934916108031973,0.263648795202502
0.158005606759093,0.934946789278368,0.263479489363872
0.158111865058253,0.934981246678165,0.26331865510024
0.158215218802539,0.935020896288891,0.263163919313211
0.158317846408106,0.935061961957143,0.262984626081622
0.158424346753506,0.935095947337765,0.26281899997906
0.158530363006427,0.935130404737562,0.262660661612209
0.158637105398067,0.935163446079834,0.262515199129804
0.158740701188592,0.935203095690559,0.262358957305907
0.158843570840399,0.935243689339636,0.262209473829478
0.158948618908362,0.935280034816134,0.262057973709206
0.159051730606408,0.935320628465211,0.261898508646252
0.159154358211975,0.935361694133462,0.261741022292439
0.159258922187459,0.935398983648312,0.261587939243927
0.159365664579099,0.935432497009759,0.261422111652549
0.15947143878578,0.935467426428731,0.261258744961526
0.159574792530066,0.935507076039457,0.261113788880938
0.159678630366831,0.935546253631008,0.260963047104608
0.159785856850949,0.935578350934928,0.260814512407943
0.159891389011391,0.935613752373076,0.26063992647217
0.159997647310552,0.935648209772874,0.260498053815803
0.160101727193556,0.935686443326074,0.260344742308218
0.160208711631435,0.93571901264917,0.260193256971158
0.160313759699398,0.935755830144844,0.260035708220564
0.160421712322235,0.935786511391239,0.259874573480979
0.160530149037552,0.935816248599283,0.259731648854768
0.160635197105514,0.935853066094957,0.259586185629598
0.160741213358435,0.935887523494754,0.259429367489882
0.160848923935033,0.9359191487795,0.259273168853296
0.160951309494361,0.935960686466927,0.25912591047042
0.161057809839761,0.935994199828374,0.258956428833842
0.161162373815244,0.936031961362398,0.258793028960032
0.161269358253123,0.936064530685495,0.258645076893618
0.161375616552284,0.936098516066117,0.258508794610372
0.161480422574007,0.936135805580966,0.258352088377402
0.161586680873167,0.936169790961588,0.258198224847302
0.161690034617453,0.936209440572314,0.258053223563701
0.161800649748925,0.936235401626956,0.257909226093578
0.161908360325523,0.936266554892526,0.257754130108946
0.16201098793109,0.936307620560778,0.257598865328848
0.16211240530546,0.936351518344081,0.257446481062251
0.162218179512141,0.936386447763054,0.25729119879072
0.162326132134979,0.936417129009449,0.257145743984352
0.162433842711576,0.936448754294194,0.256985855665764
0.162537438502102,0.936487931885745,0.256836078385996
0.162644422939981,0.936520501208841,0.25668916517102
0.162751649424099,0.936553070531937,0.256531749043917
0.162857181584541,0.936588471970085,0.256371703302147
0.162965618299858,0.93661820917813,0.256217696182009
0.16307623343133,0.936644170232772,0.256068325607036
0.163180797406813,0.936681459747621,0.25592564819915
0.163284877289818,0.936719693300821,0.255767851146694
0.163392587866416,0.936751318585566,0.25562287285691
0.163496183656941,0.936790496177117,0.255479856048721
0.163602684002341,0.936824481557739,0.255340733865854
0.163709426393981,0.93685752290001,0.255183532529886
0.163815200600662,0.936892452318983,0.255038955944568
0.16392266913102,0.936924549622904,0.254874431441188
0.164026506967785,0.936963255195279,0.254730466798225
0.164134943683101,0.936992992403323,0.254580145331316
0.164240959936022,0.937027921822296,0.254443485813183
0.164344797772787,0.937066627394671,0.254286686207995
0.164452024256906,0.937098724698592,0.254141041182887
0.164559734833504,0.937130349983338,0.253990586046058
0.164667445410101,0.937161503248908,0.25384637494077
0.164773945755501,0.937195016610355,0.253698538972459
0.164882624517057,0.937224753818399,0.253550549204173
0.164985978261343,0.937264403429125,0.253403873486535
0.165094657022899,0.937293668617994,0.25326579583101
0.165199220998383,0.937331430152018,0.253131396464148
0.165305963390022,0.93736447149429,0.252987523564909
0.165414158059099,0.93739468072151,0.252857294191934
0.165520658404499,0.937428666102132,0.252715684555624
0.165627884888618,0.937460763406053,0.252573777088136
0.165737773881371,0.937487668499045,0.252435925564067
0.165845968550448,0.93751834974544,0.252290065725778
0.165951016618411,0.937554695221939,0.252148140572208
0.166057516963811,0.937588208583386,0.252009185067827
0.166166679817846,0.937617001753079,0.251867314945563
0.166274148348204,0.937648627037825,0.251723898279673
0.166381616878562,0.937680724341746,0.251591944604584
0.16648908540892,0.937712349626491,0.251453359513012
0.166598006216716,0.937741142796185,0.251307026754449
0.166705474747074,0.937773240100106,0.251156454462197
0.166814395554869,0.9378020332698,0.251009957658788
0.166922348177706,0.937832714516195,0.250866224773535
0.167030058754304,0.93786433980094,0.25072529693859
0.167136801145944,0.937897381143212,0.250578453635738
0.1672454799075,0.937926646332081,0.250440136582295
0.16735149616042,0.937961575751053,0.250304963296929
0.16745799650582,0.9379950891125,0.250165273699272
0.167568127544814,0.938021522186317,0.250029259245983
0.16767680630637,0.938051259394362,0.249883570578605
0.167783790744249,0.938083828717458,0.249738925350939
0.16788980699717,0.938118286117255,0.249605943210297
0.167994128926414,0.938156519670455,0.249466995665054
0.168103049734209,0.938185312840149,0.249332913961375
0.168213422819442,0.938211273894791,0.249192708220793
0.168321375442279,0.938242427160361,0.249051194549151
0.168427875787679,0.938275940521808,0.248909805754855
0.168536796595474,0.938304733691501,0.248771911864561
0.16864547535703,0.938334470899546,0.248643104102772
0.168754880257305,0.938362320030889,0.248498845001831
0.16886404311134,0.938390641181407,0.248371706304697
0.168971753687938,0.938422266466153,0.248241526780813
0.169078738125817,0.938454835789249,0.248106097265302
0.1691833021013,0.938492597323274,0.247972389041871
0.169291980862856,0.938521862512143,0.247846218181258
0.169400659624412,0.938551127701012,0.247704263996065
0.169507402016052,0.938584641062459,0.247566259207806
0.169616806916326,0.938612490193802,0.247443271909519
0.169720644753091,0.938651195766177,0.247314223233224
0.169828597375928,0.938682349031747,0.247177547530925
0.169935097721328,0.938715862393194,0.247030556306258
0.17004595489904,0.938740879409485,0.246901207308417
0.170155117753075,0.938769672579179,0.246769487950443
0.170263312422152,0.938799881806399,0.246623209991772
0.17037102299875,0.938831035071969,0.24648431810842
0.170480427899024,0.938859356222487,0.246349330852897
0.17058934870682,0.938888149392181,0.246206454970214
0.170698027468375,0.93891741458105,0.246064054893991
0.170806464183692,0.93894762380827,0.245928510034468
0.170915142945248,0.938976888997139,0.24580026548302
0.171025031938001,0.939003794090131,0.24565990937293
0.171134194792036,0.939032587259825,0.245534567517739
0.171243599692311,0.939060436391168,0.245403277634141
0.171356151193699,0.939082149273232,0.24526732342031
0.17146240949286,0.939116606673029,0.245135276637202
0.171570120069458,0.9391477599386,0.245000559358789
0.171681219293409,0.939172304935716,0.244873972814973
0.171790140101204,0.939201570124585,0.244747819959072
0.171900271140198,0.939228003198402,0.244618289767576
0.17201064422543,0.939254436272219,0.244501277753379
0.172121017310663,0.939280397326861,0.244374911052612
0.172230906303417,0.939307302419853,0.24425155126431
0.172338374833775,0.939339399723774,0.24412388673417
0.172448263826528,0.939366304816767,0.244000500252442
0.172557184634324,0.939395097986461,0.243874092766923
0.172668041812036,0.939420587021927,0.243748838015239
0.172774784203675,0.939453628364199,0.243607666931949
0.172884431150189,0.939481005476366,0.243485439302288
0.172989963310631,0.93951687893369,0.243362876784053
0.173095979563552,0.939551336333487,0.243230682371468
0.173203932186389,0.939582017579882,0.24310826770955
0.17331503141034,0.939607034596173,0.242974337792243
0.173422741986938,0.939638187861744,0.242843712775519
0.173531904840973,0.939666509012262,0.242725926909855
0.173640825648769,0.939695774201131,0.242615758129694
0.173750714641522,0.939722679294124,0.242495158205057
0.17385866726436,0.939753360540519,0.242376218689593
0.173971944904467,0.939774129384232,0.242252126144277
0.17408183389722,0.939801034477225,0.242131377924152
0.174192933121172,0.939825579474341,0.241989674309893
0.1743057266688,0.939847292356405,0.241876580419246
0.174415131569074,0.939875141487748,0.241761286706738
0.174522600099433,0.939906766772493,0.24163546210162
0.174632973184665,0.939933199846311,0.241510957773671
0.174742862177419,0.939960104939303,0.241391506780768
0.174855171632568,0.939982761859718,0.241269094420002
0.174967239041478,0.940005418780133,0.241137534010006
0.175079790542866,0.940027131662197,0.241014211277364
0.175190647720578,0.940052620697663,0.240884901176073
0.175298842389655,0.940082829924883,0.240761432436154
0.175407037058732,0.940113039152103,0.240640024573471
0.17551958856012,0.940135224053342,0.240523252677683
0.175626815044239,0.940167321357263,0.240401457994009
0.175736946083232,0.94019375443108,0.240285760488998
0.175844172567351,0.940226323754176,0.2401621899431
0.175953335421386,0.940254644904695,0.240036827773033
0.176063708506618,0.940280605959336,0.239920841661261
0.176175049776809,0.940305150956453,0.239787797629399
0.17628663309324,0.940328751915218,0.239669538627124
0.176396522085993,0.94035565700821,0.239542280307992
0.176505926986268,0.940383978158729,0.239423606156046
0.176617026210219,0.940408523155845,0.239304777313606
0.176724494740577,0.94044014844059,0.23918077644542
0.176832931455894,0.94047035766781,0.239059420043097
0.176942578402408,0.940497734779978,0.238944191356376
0.177051983302682,0.940525583911321,0.238828703781443
0.177162840480394,0.940551072946787,0.23870429928408
0.177272487426908,0.940578450058955,0.238576973649186
0.177384312789578,0.940601578998545,0.238453043362994
0.177490571088739,0.940636036398343,0.238337585441666
0.177599733942773,0.940664357548861,0.23821710910756
0.177709622935527,0.940691734661029,0.238105871613447
0.177820964205718,0.94071580763897,0.237991264334539
0.17793182138343,0.940740824655261,0.237870842318293
0.178040016052507,0.940771505901656,0.237746900475138
0.178147968675344,0.940802187148051,0.237616925316833
0.178258583806816,0.940827676183517,0.237504364119875
0.178369198938288,0.940853637238159,0.237382831081793
0.178476425422407,0.94088573454208,0.237256435435997
0.178588976923796,0.940907447424144,0.237142356325706
0.178696203407914,0.94094001674724,0.237022370369016
0.17880512421571,0.940968809916934,0.23690524534855
0.178914529115984,0.940996659048277,0.236780460238493
0.179024902201217,0.941023092122094,0.236665686550995
0.179136485517647,0.94104669308086,0.236556473378465
0.17924685860288,0.941072654135502,0.236432907019772
0.17935892601179,0.941095783075092,0.236313110538853
0.179467604773345,0.941125048263961,0.236192098603365
0.179578461951057,0.941150065280252,0.236067095894108
0.17968859299005,0.941176970373244,0.235946556725232
0.179797997890325,0.941204819504588,0.235832023854214
0.179907402790599,0.941232668635931,0.235710816429124
0.180017775875832,0.941259101709748,0.235596288350017
0.180127180776107,0.941286950841091,0.235477668357337
0.180238280000058,0.941311495838207,0.235366249173864
0.180350831501447,0.941333680739446,0.235254352362637
0.180459994355482,0.941362001889965,0.23514140686641
0.180572061764391,0.941385130829555,0.235025096791784
0.180683887127061,0.941408259769145,0.234911078035474
0.18079643862845,0.941429972651209,0.234781798079407
0.180907053759922,0.941455933705851,0.234661577582163
0.181016458660197,0.941483782837194,0.234553289308586
0.181124653329273,0.941513992064414,0.234440591860502
0.18123284799835,0.941544673310809,0.234313682259659
0.181341526759906,0.941573938499678,0.234194026776066
0.181453594168816,0.941596595420092,0.234082727747651
0.181567355901402,0.941616420225455,0.233968077807135
0.181677002847916,0.941643797337623,0.233850242616984
0.181789070256826,0.941666454258038,0.233737573668817
0.181897264925902,0.941697135504433,0.233622340521923
0.182008848242333,0.941720736463198,0.233498244172245
0.182121883836201,0.941741505306912,0.233386125090301
0.182234435337589,0.941763690208151,0.23328157204427
0.182347712977696,0.941783987032689,0.23316606951023
0.18245760197045,0.941810892125682,0.23304950230612
0.18256918528688,0.941834965103622,0.232929684364844
0.182680042464592,0.941859982119914,0.232816399181636
0.182790657596065,0.94188547115538,0.232695043353228
0.182900546588818,0.941912848267548,0.232571881511458
0.183009709442853,0.941941169418066,0.232461930255827
0.183118872296888,0.941969490568585,0.232345090559275
0.1832297294746,0.941994979604051,0.23223235464993
0.183340586652312,0.942019996620343,0.232111668195713
0.183452654061221,0.942043125559933,0.232006166198757
0.1835596384991,0.942075694883029,0.231888195488271
0.183671947954249,0.942097879784268,0.231771582766494
0.183781836947003,0.942125256896436,0.231663272025522
0.183894146402152,0.942147441797676,0.231547892515763
0.184002825163708,0.942176706986545,0.231423500783109
0.184115134618857,0.942199363906959,0.231312693853278
0.184223813380413,0.942228629095828,0.231180776711615
0.184334670558125,0.94225364611212,0.231061637706911
0.184444801597118,0.942280551205112,0.230951247504149
0.184555174682351,0.942306512259754,0.230845286544784
0.184668210276218,0.942327281103468,0.230735433741118
0.184779551546409,0.942351826100584,0.230622237033355
0.184893555325235,0.942370706867596,0.230508320686101
0.185003928410468,0.942396667922238,0.230402624710133
0.185114301495701,0.942423100996055,0.230288045979668
0.185226126858371,0.942446229935645,0.23018182925069
0.185339646544717,0.942466054741008,0.230071247424912
0.185450503722429,0.942491543776474,0.229953770522306
0.185561118853901,0.942517032811941,0.229834261262341
0.185675364678967,0.942535441559778,0.229719080418267
0.185783075255565,0.942567066844524,0.229598785567313
0.185893690387037,0.94259255587999,0.229485502853956
0.186005273703467,0.942616156838755,0.229368985661458
0.186118309297335,0.942637397701644,0.22926164671721
0.186230376706244,0.942660054622059,0.229151628932099
0.186343412300112,0.942681295484948,0.229044615488062
0.186453785385345,0.94270725653959,0.228937793978109
0.186566094840494,0.942729441440829,0.228831380803734
0.186677436110685,0.942753986437945,0.228721095473972
0.186790229658313,0.942775227300834,0.228602389266761
0.186899150466108,0.942804020470528,0.228488192125995
0.18701000764382,0.942829509505994,0.228367835713994
0.187119412544095,0.942857358637337,0.228251281130866
0.187232206091723,0.942878599500226,0.228142896855029
0.187343305315674,0.942903616516517,0.228036531693938
0.187454162493386,0.942928633532809,0.227926814586021
0.187564777624858,0.942954122568275,0.227815002778883
0.187675150710091,0.942980555642092,0.227691043752315
0.187785765841563,0.943006044677559,0.227581799278491
0.187900011666629,0.943024453425396,0.227468613554173
0.188013289306736,0.943045222269109,0.22735639061953
0.188124630576927,0.94306929524705,0.227242878090127
0.188235487754639,0.943094312263341,0.227137286286538
0.188348039256027,0.943116497164581,0.22702087207907
0.188459138479979,0.943141042161697,0.226906434278963
0.188571205888888,0.943163699082112,0.226794501541074
0.188684483528995,0.943184467925825,0.226688069419976
0.188797277076624,0.943205708788714,0.226588991781516
0.18891079676297,0.943225533594077,0.226468165538707
0.189022380079401,0.943249606572017,0.226363575361113
0.18913468953455,0.943271791473257,0.226246711008737
0.189246998989699,0.943294448393671,0.226127596974479
0.189354951612536,0.943325129640067,0.226020848643628
0.189468471298883,0.943344954445429,0.225916059750714
0.189582475077709,0.943364307231617,0.225805533080617
0.189694300440379,0.943387436171207,0.225695026748305
0.189807093988007,0.943408677034096,0.225574572002503
0.189917951165719,0.943434166069562,0.225461140390363
0.190031228805826,0.943454462894101,0.225350708085616
0.190143538260975,0.94347664779534,0.225238849345737
0.190255847716124,0.943499304715755,0.225117931996048
0.190370819679908,0.943516297406066,0.225010116967274
0.190482402996339,0.943539898364831,0.224895209171367
0.190592776081572,0.943566331438648,0.224786526898518
0.190701454843127,0.943595596627517,0.224677455892738
0.190814006344516,0.943617309509582,0.224567403540048
0.190925105568467,0.943642326525873,0.224452800468441
0.191035236607461,0.94366875959969,0.224345563122792
0.191148272201328,0.943689528443403,0.2242338792474
0.191259855517759,0.943713601421344,0.224124388469027
0.191372407019147,0.943735314303408,0.224017517133207
0.191481085780703,0.943764579492277,0.223903101193364
0.191595331605769,0.94378346025929,0.223789803805946
0.19170643082972,0.943808005256406,0.223679499770159
0.191816077776234,0.943835382368573,0.223575348368211
0.191928145185144,0.943858511308163,0.22347625419674
0.192039970547814,0.943881640247753,0.223369507487346
0.192150827725525,0.94390712928322,0.223261061825598
0.192262653088195,0.94393025822281,0.223150519837053
0.192373752312147,0.943954803219926,0.223049482714257
0.192486061767296,0.943977460140341,0.222936117598715
0.192594498482612,0.944007197348385,0.222833225476549
0.192705597706563,0.944031742345501,0.222720802280129
0.192817423069233,0.944055343304266,0.222614158338776
0.192930700709341,0.944075640128805,0.222509759954723
0.193044220395687,0.944095464934168,0.222395340170113
0.193157982128274,0.94411528973953,0.222291801876897
0.193269807490944,0.94413841867912,0.222185733082068
0.193381148761135,0.944162491657061,0.222067536787478
0.193489101383972,0.944193644922631,0.221962296230493
0.193602379024079,0.94421394174717,0.221851077378053
0.193715414617947,0.944234710590883,0.221743023764462
0.193826755888138,0.944259255587999,0.221636237027885
0.193939307389526,0.944280968470063,0.221527100072703
0.194052827075873,0.944300793275426,0.221424810819591
0.194163684253585,0.944326282310893,0.221311273290757
0.194278656217369,0.944343275001204,0.221201116822571
0.194391207718758,0.944364987883268,0.221091357178519
0.194503033081428,0.944388588842033,0.22098380388109
0.194614858444098,0.944411717781623,0.220878397970478
0.194730072454121,0.944428238452759,0.220775151643395
0.194840687585594,0.944454199507401,0.220671035380028
0.194952754994503,0.944476856427816,0.22056842697083
0.195064096264694,0.944501401424931,0.220470030856347
0.195177373904801,0.94452169824947,0.22036124123409
0.195290167452429,0.944542939112359,0.220256997870002
0.195402961000058,0.944564651994423,0.220140536112554
0.195516480686404,0.944584476799786,0.22002716171564
0.195628306049074,0.944607605739376,0.219916314810666
0.195741583689182,0.944628374583089,0.21980689463663
0.195857281791684,0.944643951215874,0.219694343365959
0.195969349200594,0.944666608136289,0.219594345080482
0.196082384794462,0.944687848999178,0.219488274671111
0.196194210157132,0.944710977938768,0.21938673837878
0.196309666213395,0.944727026590728,0.219280208551306
0.196422459761023,0.944748739472792,0.219173838857058
0.196535011262412,0.944770452354856,0.219069569799272
0.196649499133717,0.944788389083518,0.218965255272494
0.196758904033991,0.944816710234037,0.218860372616074
0.196872665766577,0.944836063020224,0.218747181023175
0.196984975221726,0.944858247921464,0.218642746179818
0.197095590353199,0.944884208976105,0.218537826379857
0.197207415715869,0.944907337915695,0.218423893372641
0.197321419494695,0.944926218682708,0.218320517025798
0.197436391458479,0.944943683392194,0.218213426792867
0.197548700913628,0.944965868293434,0.218107524676769
0.197660042183819,0.944989941271374,0.217999338815786
0.197774288008884,0.945008822038387,0.217894139855861
0.19788804974147,0.945028174824574,0.217797850414226
0.198000359196619,0.945050831744989,0.21768761280538
0.19811170046681,0.945074904722929,0.217587812823773
0.198220379228366,0.945104169911798,0.2174802233152
0.198332446637276,0.945127298851389,0.217382717604846
0.198446208369862,0.945146651637576,0.217280188591749
0.198558759871251,0.94516836451964,0.217171764233964
0.198671795465118,0.945189605382529,0.217055453492608
0.198784104920268,0.945211790283768,0.216946610395489
0.198897624606614,0.945231615089131,0.216835289067571
0.199011144292961,0.94525191191367,0.216719810872319
0.199124663979308,0.945271736719033,0.216614519926109
0.199238425711894,0.94529108950522,0.216519839887003
0.199350493120804,0.94531421844481,0.216414726784253
0.199463528714672,0.945334987288524,0.216314243092559
0.199574627938623,0.94535953228564,0.216214443870033
0.199687179440011,0.945381717186879,0.216107984916338
0.199800699126358,0.945401541992242,0.216000683600901
0.19991179835031,0.945426086989358,0.215896364567154
0.200024591897938,0.945447799871422,0.215789490610993
0.200136901353087,0.945469984772661,0.21567961854514
0.200249694900715,0.94549122563555,0.215567666302551
0.200360794124666,0.945516242651842,0.215460187999737
0.200473587672295,0.94553748351473,0.215352463761781
0.200583960757527,0.945563444569372,0.215245612785238
0.200696754305155,0.945585157451436,0.215147624647244
0.200812210361419,0.945601206103397,0.215053905560909
0.200923793677849,0.945625279081337,0.214948607432897
0.201038765641633,0.945642271771649,0.214845212181665
0.201151075096782,0.945664456672888,0.214734369199908
0.201264594783129,0.945684753497426,0.214623926587524
0.201376904238278,0.945706938398665,0.214522201316485
0.201489939832146,0.945727707242379,0.214411837894035
0.201602007241055,0.945750836181969,0.214310551894333
0.201716253066121,0.945769244929806,0.214208813676399
0.201827110243833,0.945794261946097,0.214102956083806
0.201937967421544,0.945819750981564,0.213999416111589
0.202049550737975,0.945843351940329,0.213897148425285
0.202162586331843,0.945864120784043,0.213793291115871
0.202274895786992,0.945886777704458,0.213689630553398
0.202389625704536,0.945904242413944,0.213594442512801
0.20249951469729,0.945931147506936,0.21348871002267
0.202611824152439,0.945953804427351,0.21338206226901
0.202725343838786,0.945973629232714,0.213279274102072
0.202839589663851,0.945992037980551,0.213181007914073
0.202955045720114,0.946008558651687,0.213077901340825
0.20306904949894,0.946027439418699,0.212972168825955
0.203179906676652,0.94605245643499,0.212866821670332
0.203294394547957,0.946070865182827,0.212763118068481
0.203407188095585,0.946092106045716,0.212659848870327
0.203518529365776,0.946116179023657,0.212549683218493
0.2036337433758,0.946133171713968,0.212443507009571
0.203744116461032,0.94615913276861,0.212341363007225
0.203856667962421,0.946181317669849,0.21223411350948
0.20396873537133,0.946203974590264,0.212132736144707
0.204077656179126,0.946232767759957,0.212036336516267
0.204189723588035,0.946255896699548,0.211936402724982
0.20430445350558,0.946273361409034,0.211831924918042
0.20441627886825,0.946296490348624,0.211722487224095
0.20452810423092,0.946320091307389,0.211615224091084
0.204642592102225,0.946338028036051,0.211518959275879
0.204755385649853,0.94635926889894,0.21141745676019
0.204870599659877,0.946376261589251,0.211310655574208
0.204987023901098,0.94639042216451,0.211205853124401
0.205102237911122,0.946406942835646,0.211104035423242
0.205212126903875,0.946434319947814,0.210999328478943
0.20532661477518,0.946452256676475,0.210890517223501
0.205442312877683,0.94646783330926,0.210787118867066
0.205553896194113,0.946491906287201,0.210677463461051
0.205666205649262,0.94651409118844,0.210575627689318
0.205778757150651,0.946535804070505,0.21047302563358
0.205893487068196,0.946553740799166,0.210368245055825
0.206007490847021,0.946572621566178,0.210263889297232
0.20612004234841,0.946594334448243,0.210156250686784
0.206235014312194,0.946611799157729,0.210056285631949
0.206346839674864,0.946634928097319,0.209951881871031
0.20646084345369,0.946654280883507,0.209848183354676
0.206576299509953,0.946670329535467,0.209746779732206
0.206687882826384,0.946693930494232,0.209642510640568
0.206800676374012,0.946715643376297,0.209539473104619
0.206914680152838,0.946734524143309,0.209438984111928
0.207027957792945,0.946754820967847,0.209329143539158
0.207139541109375,0.946778893945788,0.209229715611115
0.207254755119399,0.946795414616923,0.209125156196052
0.207369485036944,0.94681287932641,0.209032268392397
0.207479616075937,0.946839784419402,0.208928400607264
0.207591441438607,0.946862913358992,0.208826072868557
0.207705929309912,0.946880850087654,0.20872427139531
0.207819206950019,0.946901618931367,0.208623274351861
0.207933210728845,0.94692049969838,0.208521825849998
0.208048908831347,0.946936076331165,0.208424202154537
0.208160250101538,0.946960621328281,0.208329659945609
0.208272317510448,0.946983278248696,0.208224217726933
0.208381964456962,0.947010655360863,0.208124481411572
0.208493305727153,0.947035200357979,0.208022156670089
0.208607309505979,0.947054081124992,0.207908949772242
0.208722281469763,0.947071073815303,0.207811746662796
0.208837011387307,0.947089010543964,0.207720043016721
0.208948594703738,0.94711261150273,0.207624328478727
0.209061388251366,0.947133852365619,0.207518606478672
0.209175876122671,0.947152261113456,0.207414630319966
0.20928842762406,0.94717397399552,0.20731830400783
0.209403641634083,0.947190966685831,0.207224103902661
0.209520065875305,0.94720512726109,0.207125773508698
0.20963431170037,0.947223536008927,0.207029137749535
0.209746863201759,0.947245720910166,0.206928712310912
0.209862561304261,0.947261297542951,0.206831515272252
0.209978259406764,0.947276874175736,0.206734715305261
0.210091052954392,0.947298587057801,0.206627271967154
0.210205782871937,0.947316051767287,0.206532862046119
0.21031591391093,0.947342484841104,0.206431777402121
0.210427981319839,0.947365613780694,0.206332347810423
0.210540048728749,0.947388270701109,0.20623110316854
0.210652842276377,0.947409511563998,0.206130873245336
0.210768056286401,0.947426504254309,0.206024763844057
0.210879639602831,0.947450105213074,0.205929531747501
0.210994853612855,0.94746662588421,0.205837633705811
0.211104500559369,0.947494475015553,0.205735312092956
0.211218746384434,0.94751288376339,0.205638471393774
0.2113329922095,0.947531292511227,0.205539052208402
0.211448448265763,0.947547813182363,0.205442155282731
0.211560999767152,0.947569526064427,0.205343450263791
0.211674519453498,0.94758935086979,0.205237229624469
0.211787070954887,0.947611535771029,0.20513952827431
0.211900832687473,0.947630888557217,0.20504160925712
0.212013626235101,0.947652129420106,0.204944882815882
0.212129566383844,0.947667706052891,0.204848843924378
0.212242359931472,0.94768894691578,0.204756441467982
0.212356605756537,0.947707827682792,0.204654401811456
0.212469883396645,0.94772812450733,0.20455477642913
0.212581224666835,0.947752197485271,0.204456893448748
0.212697648908057,0.947766830079705,0.20435922598908
0.212809232224487,0.94779043103847,0.204251733892995
0.212923962142032,0.947807895747957,0.204155247082064
0.213036997735899,0.947829136610846,0.204057124110124
0.213151485607204,0.947847073339507,0.203961688690138
0.213265247339791,0.947866426125695,0.20385638926198
0.2133773147487,0.947889555065285,0.203753714415475
0.213493012851203,0.94790513169807,0.203657036508466
0.213606048445071,0.947925900541784,0.203557519671234
0.213715453345345,0.947954221692302,0.203457523773197
0.213828488939213,0.947974990536016,0.203356845695698
0.213942492718039,0.947993871303028,0.203257957142364
0.214056012404386,0.948014168127566,0.20315954451043
0.21417098436817,0.948031160817877,0.203057096418089
0.214285472239475,0.948049097546539,0.202960905123794
0.214400928295738,0.948065618217674,0.20286698040852
0.214515416167043,0.948083554946336,0.202771657533302
0.214627241529713,0.948106683885926,0.202680968554789
0.214742213493497,0.948124148595412,0.202586348336541
0.214856701364802,0.948142085324074,0.202486076380136
0.214972641513544,0.948157189937684,0.202384108740238
0.215085193014933,0.948179374838923,0.202288194297064
0.21519847065504,0.948199671663462,0.202190959765853
0.215311264202668,0.948221384545526,0.202090512624749
0.215422605472859,0.948245457523466,0.201990083923415
0.215534914928008,0.948267642424706,0.201887053720701
0.215649644845553,0.948285579153368,0.201788883395653
0.215765827040535,0.948300211747802,0.201693056663489
0.215876442172007,0.948325700783269,0.201591205199381
0.215989961858354,0.948345997607807,0.201486900696353
0.216102029267263,0.948368654528221,0.201386917032016
0.216217243277287,0.948385175199357,0.201284035887516
0.216330278871154,0.948406416062246,0.201178030146198
0.21644428264998,0.948425296829258,0.201083388426493
0.216557802336327,0.948445121634621,0.200981620107262
0.216671564068913,0.948464946439984,0.200872187888
0.21678508375526,0.948484771245347,0.20077375747345
0.216898603441607,0.94850459605071,0.200677685704767
0.217012123127954,0.948524892875248,0.200580776735689
0.217127579184217,0.948540941527209,0.20048557243829
0.217242309101762,0.948558406236695,0.200379161613842
0.217355344695629,0.948579647099584,0.200278563727551
0.217468622335737,0.948599943924122,0.200188986845276
0.21758383634576,0.948616464595258,0.200097928786064
0.217696871939628,0.948637705458147,0.200001014677989
0.217811359810933,0.948655642186808,0.19990307659608
0.217927299959675,0.948670746800418,0.199799019906646
0.218040335553543,0.948691987663307,0.199699412289725
0.218152160916213,0.948715116602897,0.19960702318535
0.218266648787518,0.948733525350734,0.19950482950087
0.218381620751302,0.948750518041045,0.199411308321785
0.218495624530128,0.948769398808057,0.199309833093154
0.218608176031516,0.948791583709297,0.199212069682062
0.218722179810342,0.948810464476309,0.199120463367436
0.218838362005324,0.948825097070743,0.199014652417476
0.218953091922869,0.948843033799405,0.198923056333267
0.219066611609215,0.948862858604768,0.198826515844525
0.21918134152676,0.948880323314254,0.198727749411608
0.219294135074388,0.948902036196318,0.198628609244879
0.21941007522313,0.948917140809928,0.198530273092764
0.219525531279393,0.948933189461889,0.198435255139251
0.21963929301198,0.948953014267252,0.198334263547129
0.219750150189692,0.948978031283543,0.198232184895678
0.219863669876038,0.948997856088906,0.198138275273058
0.219977673654864,0.949017208875093,0.198045799328837
0.220091193341211,0.949037033680456,0.197947586120175
0.220206407351235,0.949053554351592,0.197857036058571
0.220321621361258,0.949070547041903,0.197759958556748
0.220432962631449,0.949094620019844,0.197671185184071
0.220547208456515,0.949113028767681,0.197572337438193
0.220663632697736,0.949127661362115,0.197478160669872
0.220776668291604,0.949148430205829,0.197386864259127
0.220893092532825,0.949162590781088,0.197290783454894
0.22100758040413,0.949180999528925,0.197193932316325
0.221123278506633,0.94919657616171,0.197100621749319
0.221235345915542,0.9492197051013,0.197010078633965
0.22134862355565,0.949240001925838,0.196917739790317
0.221461659149517,0.949260770769552,0.196822346341298
0.221573726558427,0.949283899709142,0.196716663850388
0.221686520106055,0.949305140572031,0.196623695517941
0.221801492069839,0.949322133262342,0.196524123044437
0.221916948126102,0.949338653933477,0.196421947462324
0.222031435997407,0.949356590662139,0.196319897235017
0.22214689205367,0.9493726393141,0.196218073616458
0.222261379924975,0.949391048061936,0.196112361550377
0.222373447333885,0.949413704982351,0.19601503648349
0.222486967020232,0.949433529787714,0.19591641402034
0.222603391261453,0.949448162382149,0.195816985321225
0.222717637086518,0.949466571129986,0.195723120767935
0.222830672680386,0.949487339973699,0.195635939242005
0.222943950320493,0.949508108817413,0.195542746555438
0.223056017729403,0.949530765737827,0.195438343454071
0.22316953741575,0.94955059054319,0.195349224570872
0.223280636639701,0.949575607559481,0.195255164467846
0.223394882464767,0.949594016307318,0.195157918997379
0.22351009647479,0.949610536978454,0.195067365821893
0.223623374114897,0.949631305822168,0.194971943136337
0.223736409708765,0.949652074665881,0.194875834581477
0.223851381672549,0.949669067356192,0.194779456375183
0.223969016144968,0.94968133985475,0.194680835897113
0.224082777877555,0.949700692640938,0.194592260733809
0.224194603240225,0.949724293599703,0.194493037902938
0.224309333157769,0.949741758309189,0.194396142746719
0.22442067442796,0.94976583128713,0.194302985231648
0.224537098669181,0.949780463881565,0.194201921462214
0.224648681985612,0.94980406484033,0.194105905777008
0.224763169856917,0.949822001568992,0.194003101245275
0.224877173635743,0.949841354355179,0.193897104956591
0.224988998998413,0.949864483294769,0.193798770266901
0.225103244823478,0.949882892042606,0.19370437371671
0.225217732694783,0.949901300790443,0.193606046919454
0.225332946704807,0.949917821461579,0.193515903718057
0.225446224344914,0.949938118286117,0.193417279928829
0.225560954262458,0.949956055014779,0.193321620257666
0.225674958041284,0.949974935781791,0.193228766235773
0.225791624328745,0.949988624337875,0.193132379483415
0.22590635424629,0.950006561066537,0.19301966354136
0.226021084163834,0.950024025776023,0.192923215278445
0.226133151572744,0.950046682696438,0.192833884625942
0.226249817860205,0.950060843271697,0.192740590801842
0.226365031870228,0.950077363942833,0.192639201752946
0.226478793602815,0.95009671672902,0.192545614964306
0.226595943982755,0.950109933265929,0.192452566396673
0.22671043185406,0.950127869994591,0.192363338583155
0.226824919725365,0.950145806723252,0.192276041755287
0.226939649642909,0.950163743451914,0.192181466684175
0.227055347745412,0.950179320084699,0.192089692634629
0.227170077662956,0.950197256813361,0.19198699642857
0.227283355303064,0.950217553637899,0.191892675313441
0.227398085220608,0.950235018347385,0.191803348695538
0.227511846953195,0.950254843152748,0.191706515708059
0.227627060963218,0.950271363823884,0.191608277222893
0.227742032927002,0.950288356514195,0.191511932161057
0.227856520798307,0.950306765262032,0.19142311182218
0.227971734808331,0.950323285933168,0.191338194717501
0.228086706772115,0.950340278623479,0.191245929897525
0.228200226458462,0.950360575448017,0.191145674367886
0.228314472283527,0.950378984195854,0.191048702632628
0.228427265831155,0.950400225058743,0.190960074485475
0.228540785517502,0.950420521883281,0.190870125860388
0.228655031342568,0.950438930631118,0.190774761794277
0.228769761260112,0.950456395340604,0.190687864093664
0.228885459362615,0.950472443992565,0.19059298689863
0.22899994723392,0.950490380721226,0.190503192134323
0.229114919197704,0.950507373411537,0.190414629123383
0.229232311623883,0.950520117929271,0.190323416002161
0.229347283587667,0.950537110619582,0.19022881688275
0.2294576566729,0.950563071674224,0.190133152353843
0.229571418405487,0.950582896479587,0.190046561021924
0.229681791490719,0.950608857534229,0.189950948102931
0.229796037315785,0.950627266282065,0.189850693956783
0.229909799048371,0.950647091087428,0.189755594799282
0.230023560780957,0.950666443873616,0.189662478729187
0.230138290698502,0.950684380602278,0.189568463394714
0.230252778569807,0.950702317330939,0.189472400510977
0.230366298256154,0.950722142136302,0.18937800908108
0.23048030203498,0.95074149492249,0.189285351332112
0.230596242183722,0.9507565995361,0.189189278570996
0.23070879368511,0.950778312418164,0.189090705449617
0.23082061904778,0.950801913376929,0.189002478851339
0.230935348965325,0.950819378086415,0.188915849306477
0.231050805021588,0.950835426738376,0.188826665838926
0.231165292892893,0.950853835486213,0.188732184704803
0.231280748949156,0.950869884138173,0.188635454771103
0.231394510681743,0.950889236924361,0.188534738035338
0.231509724691766,0.950906229614672,0.188442357742123
0.23162469665555,0.950923222304983,0.188346371141693
0.231739426573095,0.950940687014469,0.188248529800801
0.231850525797046,0.950965704030761,0.188158680850751
0.231962835252195,0.950987888932,0.188070367069295
0.232077081077261,0.951006297679837,0.187976209027315
0.232192295087284,0.951023290370148,0.187882035292017
0.232304604542433,0.951045475271387,0.187790931641504
0.232418608321259,0.9510643560384,0.187698438779004
0.232532128007606,0.951084652862938,0.187602576327949
0.232645889740192,0.951104005649125,0.18750933212216
0.232761587842695,0.951119582281911,0.187414002780089
0.232876801852719,0.951136574972222,0.187315987412767
0.232991289724024,0.951154511700883,0.187228773479647
0.233106745780287,0.951171032372019,0.187134492989717
0.233220749559113,0.951189913139031,0.187043649072872
0.233335237430418,0.951207849867693,0.186951369056948
0.233450209394202,0.951225314577179,0.186863819432949
0.233564697265507,0.951243251305841,0.186772417485544
0.23367991127553,0.951259771976977,0.186673081358655
0.233796577562991,0.951273932552236,0.186570897031348
0.233912517711734,0.951289037165846,0.186474321011521
0.234024827166883,0.951311222067085,0.186389433162124
0.234140283223146,0.951327742738221,0.186296057351127
0.234254529048211,0.951346151486058,0.186200871217873
0.234369258965756,0.951363616195544,0.186103143277709
0.2344839888833,0.951381552924206,0.18599783195323
0.234599202893324,0.951398073595342,0.185898247050998
0.23471320667215,0.951416954362354,0.185808420447493
0.234826726358497,0.951437251186892,0.18571947599406
0.234941698322281,0.951454243877203,0.185631099235243
0.235054733916148,0.951475012720917,0.185536640883309
0.235169947926172,0.951492005411228,0.185446606310251
0.235284193751237,0.951510414159065,0.185356409542944
0.235399165715022,0.951527406849376,0.18526437339746
0.235512685401368,0.951547703673914,0.185171422189054
0.235625720995236,0.951568472517628,0.18507613996551
0.235742387282697,0.951582161073711,0.184977575298607
0.235855906969044,0.95160245789825,0.184883439887551
0.235968700516672,0.951623698761139,0.184785241405517
0.236082704295498,0.951643051547326,0.184695738021412
0.236196223981845,0.951662876352689,0.184603859752021
0.236310953899389,0.951680341062175,0.184515226396303
0.236426409955652,0.951696861733311,0.184430683652597
0.236539929641999,0.951716686538674,0.184344255752579
0.236656111836981,0.951731319133108,0.184257184373651
0.236771567893244,0.951747839804244,0.184162218997692
0.236885087579591,0.951767664609607,0.184064054691061
0.236999817497135,0.951785129319093,0.183969975401263
0.237113821275961,0.951804482105281,0.183878419886931
0.237229277332224,0.951820530757241,0.183786434785949
0.23734352315729,0.951838939505078,0.18369442569685
0.23746043149099,0.951852628061162,0.183600740037868
0.237574919362295,0.951870564789824,0.183512395990486
0.23768964927984,0.95188802949931,0.18342101012951
0.23780655761354,0.951901718055394,0.183327726204628
0.237923223901001,0.951915406611478,0.183238993608933
0.238036985633587,0.951934759397666,0.183150027925591
0.238153167828569,0.951949864011276,0.183059823539842
0.238270318208509,0.951962608529009,0.182967861327959
0.238384806079814,0.951980545257671,0.18287431284966
0.23849880985864,0.951999898043858,0.18278601864633
0.238615234099861,0.952014058619117,0.182692541167634
0.238731658341083,0.952028219194377,0.182601140566146
0.238846630304867,0.952045683903863,0.182513329469615
0.238960392037453,0.95206503669005,0.18241615535797
0.239074637862519,0.952083917457063,0.18231908731231
0.239189367780063,0.952101382166549,0.182225757393569
0.239304823836326,0.95211743081851,0.182135093110597
0.239418343522673,0.952137727643048,0.182039026879093
0.23953186320902,0.952157552448411,0.181945609124481
0.239647319265283,0.952173601100371,0.181856989208819
0.239763985552744,0.95218776167563,0.181761968074757
0.239879199562768,0.952204282346766,0.181679708514073
0.239994171526552,0.952221275037077,0.181589707790152
0.240111079860252,0.952234963593161,0.181487200523832
0.240224357500359,0.952255260417699,0.181399184405135
0.240335214678071,0.95228027743399,0.181300479538007
0.240446555948262,0.952304822431106,0.181208294205185
0.240563222235723,0.95231851098719,0.181125488276333
0.240677710107028,0.952336447715852,0.181035943345009
0.240792197978333,0.952354856463689,0.180941613257497
0.24090571766468,0.952374681269052,0.18085271479215
0.241020205535985,0.952392617997714,0.18075792052287
0.241136871823446,0.952406778572973,0.180665729138416
0.241253538110907,0.952420467129057,0.180577908665808
0.241368268028451,0.952437931838543,0.180488466895882
0.241483239992235,0.952455396548029,0.180402882039163
0.241597485817301,0.952473805295866,0.180315398863788
0.241712215734845,0.952491270005353,0.180226960799806
0.241824283143755,0.952514398944943,0.18013063058998
0.24193877101506,0.952532335673604,0.180036876158702
0.242052048655167,0.952553104517318,0.179945611111206
0.242166052433993,0.95257198528433,0.179857534359618
0.242280298259058,0.952590394032167,0.179767470998039
0.242393091806686,0.952612106914231,0.179671008805425
0.242506853539273,0.952631459700419,0.179579489230704
0.242621583456817,0.952648924409905,0.179485374505408
0.242738007698039,0.95266355700434,0.179395959654965
0.242855642170458,0.952675357483722,0.179302344615765
0.242971098226721,0.952691406135683,0.17921166363632
0.243085828144265,0.952709342864344,0.179120459806818
0.243201042154289,0.95272586353548,0.179027377317933
0.243314803886875,0.952745216321668,0.178939005790123
0.243430501989378,0.952761264973628,0.178843052755277
0.243547168276839,0.952774953529712,0.178747767478757
0.243661898194383,0.952792418239199,0.178650065685939
0.243778806528084,0.952806106795282,0.178567108269579
0.243893536445628,0.952823571504769,0.178478175311854
0.244010202733089,0.952837260060853,0.178384530599153
0.244128079251748,0.952849060540235,0.178294143984422
0.244242567123053,0.952866997268897,0.178206351371016
0.244357054994358,0.952884933997559,0.178115298348918
0.244472269004382,0.95290192668787,0.178029052329096
0.244587240968166,0.952918919378181,0.177936791843178
0.244703423163147,0.952933551972615,0.177844010574228
0.244820331496848,0.952947240528699,0.177756841740523
0.244934335275674,0.952966121295712,0.177660568316259
0.245051243609374,0.952979809851795,0.177568865257485
0.245167425804356,0.95299444244623,0.177480237772885
0.245281429583182,0.953013323213242,0.177391243941124
0.245398095870643,0.953027483788501,0.177302986703432
0.245514520111864,0.953041644363761,0.177217942048569
0.24562852389069,0.953060525130773,0.17712924026606
0.245743253808235,0.953078461859435,0.177039318779669
0.245858709864498,0.953094510511395,0.176948903299449
0.245971745458365,0.953115279355109,0.176864778639681
0.246085507190952,0.953135104160471,0.176771652905216
0.246200237108496,0.953152568869958,0.176683652507478
0.246318113627155,0.953163897330165,0.176588706110218
0.246435506053334,0.953176641847898,0.176498872166638
0.246550962109598,0.953192690499859,0.176398588362756
0.246666418165861,0.953208739151819,0.176307541589094
0.246780906037166,0.953227147899656,0.176214945641705
0.246893941631033,0.95324791674337,0.176130896282388
0.247010123826015,0.953262549337804,0.176032139278461
0.24712485374356,0.953280486066466,0.175944629053012
0.247238857522386,0.953299366833478,0.175855235399296
0.24735382948617,0.953316359523789,0.175767105254666
0.247468801449954,0.953333824233276,0.175682818233223
0.247584015459977,0.953350344904411,0.175599702530977
0.247699229470001,0.953366865575547,0.175508980447889
0.247812749156348,0.953387162400085,0.175417425496543
0.247926510888934,0.953406515186273,0.175318732585532
0.248042693083916,0.953421619799883,0.17523283743763
0.248157180955221,0.953439556528544,0.175146806070054
0.248270700641568,0.953459381333907,0.175056626257963
0.248387366929029,0.953473541909167,0.174968745660586
0.248504517308969,0.9534862864269,0.174872924632016
0.248618521087795,0.953505167193912,0.174782954485862
0.248734461236537,0.953520743826697,0.174695784776934
0.2488499172928,0.953536792478658,0.174606439595258
0.248966341534021,0.953550953053917,0.17451429038194
0.249082039636524,0.953567001705877,0.174424838643065
0.249196769554069,0.953584466415364,0.17433736603522
0.249314404026488,0.953596266894746,0.174254747322488
0.249432522591386,0.953607595354954,0.174163163844121
0.249547978647649,0.953623644006914,0.174082267816754
0.249661256287756,0.953643940831452,0.173992895681067
0.249777196436498,0.953659517464237,0.173902978944232
0.249889989984127,0.953680758327126,0.173818280469774
0.250004719901671,0.953698223036613,0.173736502122913
0.250120418004174,0.953714271688573,0.173650417749458
0.250236116106677,0.953729848321358,0.173563295577747
0.250352540347898,0.953744008896617,0.173470853023378
0.250468238450401,0.953760057548578,0.173377817027861
0.250581758136747,0.953779882353941,0.173291132648934
0.250695277823094,0.953799707159304,0.173197286655965
0.250811944110555,0.953813867734563,0.173109891419031
0.250925947889381,0.953832748501575,0.17301793036715
0.251041403945644,0.953849269172711,0.172930664389929
0.251157344094386,0.953864373786321,0.172846695210228
0.25127280015065,0.953880422438281,0.17276067226613
0.251387772114434,0.953897887147767,0.172667903973887
0.251503954309415,0.953912519742202,0.17257713292512
0.2516189262732,0.953929512432513,0.172487153644388
0.251731961867067,0.953950753295402,0.172401407037264
0.251846449738372,0.953968690024064,0.172313282142049
0.25196456830327,0.953979546465096,0.172233396462643
0.252080750498252,0.953994651078705,0.172147030704873
0.252195722462036,0.954011643769016,0.172056828210718
0.252311420564539,0.954027220401802,0.171963463856923
0.252428086852,0.954041380977061,0.171870473086763
0.252542090630826,0.954060261744073,0.171781628121073
0.252655852363412,0.954079614530261,0.171695170989197
0.252772518650873,0.95409377510552,0.171608644326541
0.252887248568417,0.954111239815006,0.171519281548436
0.253000768254764,0.954131064620369,0.171434939029652
0.253117192495986,0.954145697214804,0.171346928434888
0.253231680367291,0.954163633943465,0.171258293291015
0.253347136423554,0.954179682595426,0.171176870721615
0.253463802711015,0.954193843170685,0.171088920446173
0.253578774674799,0.954210835860996,0.17099913397743
0.253693746638583,0.954227828551307,0.170912237972638
0.253806540186211,0.954249541433371,0.170820214167021
0.25392417465863,0.954261341912754,0.170733321321026
0.254038662529935,0.954279750660591,0.170648663518354
0.254155812909875,0.954292495178324,0.170567401088025
0.254271026919899,0.95430901584946,0.170479110016897
0.254388661392318,0.954321288348018,0.170388626005206
0.254506537910976,0.954332616808225,0.170304596585317
0.254622478059719,0.954347721421835,0.170213629629132
0.254736481838545,0.954367074208023,0.170130811175516
0.254852421987287,0.954382178821632,0.170039935389491
0.254965215534915,0.954403419684521,0.16994943330375
0.255083334099813,0.954414748144729,0.169863506958815
0.255197821971118,0.95443268487339,0.169776318577198
0.255313520073621,0.954448261506175,0.169686273313612
0.255429702268603,0.954463366119785,0.169601158997854
0.255545400371105,0.95447894275257,0.169511684123298
0.255659404149931,0.954497823519583,0.169421010679777
0.255774376113715,0.954515288229069,0.169335908673212
0.255891042401176,0.954528976785153,0.169260382298199
0.256006982549918,0.954544081398763,0.169177241933336
0.256125343161056,0.954554937839795,0.169090433828224
0.256238620801163,0.954575234664333,0.169002257239437
0.256351898441271,0.954595531488871,0.168921489751337
0.256466628358815,0.954613468217533,0.168831075259617
0.256583052600036,0.954627628792792,0.168744873525689
0.256697056378862,0.954646509559804,0.168662306218603
0.256812512435126,0.95466303023094,0.168571000437651
0.25692724235267,0.954680494940427,0.168484946139715
0.257041004085256,0.954700319745789,0.168397188475098
0.257155007864082,0.954719200512802,0.168313244570156
0.257269737781627,0.954736665222288,0.168225745415186
0.257385677930369,0.954752241855073,0.168137934975424
0.257498471477997,0.954773482717962,0.168046381543052
0.25761441162674,0.954788587331572,0.167960641534041
0.2577310779142,0.954802747906831,0.167870828383503
0.257849196479099,0.954813604347863,0.167786404601637
0.257964894581601,0.954829180980648,0.167703172120056
0.258081560869062,0.954843341555907,0.167617788530105
0.258197501017804,0.954858446169517,0.167523182503704
0.258313925259026,0.954872606744776,0.167437379582721
0.258429865407768,0.954888183377562,0.167358614169629
0.258547983972666,0.954899039818594,0.167275288151303
0.258664166167648,0.954913672413028,0.167191194239606
0.258778654038953,0.954932081160865,0.167109104189415
0.258892899864018,0.954950489908702,0.167012922052405
0.259008113874042,0.954967010579838,0.16691535853327
0.259123811976545,0.954983059231798,0.166828833512582
0.259241688495203,0.954994387692006,0.166737695215172
0.259357386597706,0.955009964324791,0.166653188800621
0.25947235856149,0.955027429034277,0.166568237423067
0.259589024848951,0.955041117590361,0.166479549343068
0.259705691136412,0.955054806146445,0.166398599883326
0.259820421053956,0.955072742875107,0.166315130404728
0.259935150971501,0.955090207584593,0.166225410008218
0.260052301351441,0.955103424121502,0.166138941936116
0.260169209685141,0.95511664065841,0.166053404597772
0.260283697556446,0.955134577387072,0.165963735247094
0.260396007011595,0.955157234307487,0.165873560508473
0.26051097897538,0.955174226997798,0.165787535197978
0.26062764526284,0.955187915553881,0.165702307399588
0.260742617226625,0.955205380263368,0.165618519094381
0.260857589190409,0.955222372953679,0.165528455182387
0.260975465709067,0.955233701413886,0.165443927184975
0.261090679719091,0.955250694104197,0.165353972869286
0.261207103960312,0.955264854679457,0.165265727733082
0.261323286155294,0.955279487273891,0.165180604880841
0.261439226304036,0.955295063906676,0.165090071537805
0.261553714175341,0.955313000635338,0.165007714957845
0.261666991815448,0.955333297459876,0.164928112889802
0.261783658102909,0.955347458035135,0.164837793032398
0.261900082344131,0.955361618610394,0.16474855214383
0.262016506585352,0.955375779185654,0.164661447609014
0.262130994456657,0.955394187933491,0.164571917871114
0.262247418697878,0.95540834850875,0.164486953337967
0.26236360089286,0.955422981103184,0.164403559393623
0.262479298995363,0.955439029755145,0.164322311486702
0.262593544820428,0.955457438502982,0.164234376496979
0.262709000876691,0.955473487154942,0.164148456704424
0.262823972840476,0.955490951864429,0.16407090436921
0.26293894480426,0.95550794455474,0.163984444523313
0.263055369045481,0.955522577149174,0.163902141099259
0.263170583055505,0.95553909782031,0.163811623915911
0.263287975481684,0.955551370318868,0.163732880941475
0.263405367907864,0.955564114836601,0.163650342912227
0.26351937168669,0.955582995603613,0.163564799564849
0.263633859557995,0.955600932332275,0.163485711189439
0.263750041752976,0.955616036945885,0.163399434398118
0.263864771670521,0.955633501655371,0.163318950043628
0.263980469773024,0.955649078288156,0.163234273214369
0.264095683783047,0.955666070978467,0.163147144589998
0.264210897793071,0.955682591649603,0.16306185767373
0.264327564080532,0.955696280205687,0.162976137551777
0.264444230367993,0.955710440780946,0.162895314275533
0.264559928470495,0.955726017413731,0.162809070951167
0.264676594757956,0.955739705969815,0.162724752337624
0.264793261045417,0.955753866545075,0.162638105469587
0.264907264824243,0.955772747312087,0.162552969550055
0.265022720880506,0.955788795964047,0.162469991222276
0.265138176936769,0.955805316635183,0.16238769931679
0.26525484322423,0.955819005191267,0.162301784577461
0.265369573141775,0.955836469900753,0.162210762022565
0.265486723521715,0.955849686437662,0.162117860769653
0.265603147762936,0.955863847012921,0.162029512203761
0.265718845865439,0.955879423645706,0.161944840554047
0.265835028060421,0.955894528259316,0.161863464795436
0.265951936394121,0.955907744796225,0.161774821389638
0.26606957086654,0.955920017294783,0.161689448665103
0.266188415570157,0.955929457678289,0.161604923886184
0.26630387162642,0.955945506330249,0.161525298660978
0.266418601543965,0.955963443058911,0.161433166043951
0.266534057600228,0.955979491710871,0.161349000429026
0.266650481841449,0.95599365228613,0.161261203397555
0.266767874267629,0.956006396803864,0.161176170212619
0.266883088277652,0.956022917474999,0.161094227697839
0.266999996611353,0.956036134011908,0.161012909855591
0.267117873130011,0.956047934491291,0.160928630707588
0.267234539417472,0.956061623047375,0.160845269281393
0.267350721612454,0.956076255641809,0.160757700785411
0.267465693576238,0.956093720351296,0.160677316218863
0.267579939401303,0.956112129099133,0.160589818369796
0.267696605688764,0.956125817655216,0.160503915729583
0.267815208346142,0.956136202077073,0.160419523667913
0.267931148494884,0.956151306690683,0.160347854895585
0.268044426134991,0.956171603515221,0.160273571887143
0.268160366283733,0.956187180148006,0.160193701027534
0.268277274617434,0.956200396684915,0.160109418200719
0.268393214766176,0.956215501298525,0.160032158863044
0.268511091284835,0.956227301777907,0.159947218073636
0.268627031433577,0.956242406391517,0.15986178984478
0.268744423859756,0.956255150909251,0.159773621910575
0.268857701499864,0.956275447733789,0.159681751819535
0.268973883694846,0.956290080328223,0.159595171209396
0.269090792028546,0.956303768884307,0.159508563276972
0.269210362870881,0.956311793210287,0.159423012448057
0.26932848143578,0.956322649651319,0.159339237927998
0.26944538976948,0.956336338207403,0.15926206739444
0.269559635594545,0.95635474695524,0.15918132106216
0.269676785974485,0.956367491472974,0.159097384587737
0.269792726123228,0.956383068105759,0.159010626713308
0.269907940133251,0.956399588776894,0.158928749765057
0.270024122328233,0.956414221371329,0.158841367414154
0.270140788615694,0.956428381946588,0.158755735870437
0.270256970810676,0.956443014541023,0.158670808311573
0.270373153005658,0.956457647135457,0.15858942706915
0.270490303385598,0.956470863672366,0.158508621234737
0.270605517395621,0.956487384343502,0.158425982860039
0.270722667775561,0.956500128861235,0.15834581441904
0.270835703369429,0.956521369724124,0.158259332055736
0.270949223055776,0.956541194529487,0.158183076522606
0.271062258649643,0.9565619633732,0.158095946133538
0.271180135168302,0.956573763852583,0.158010129738722
0.271296559409523,0.956587924427842,0.157931223182164
0.271413709789463,0.956600668945575,0.157838882312562
0.271532070400601,0.956611525386607,0.157751113756936
0.271647526456864,0.956627574038568,0.157671522519371
0.271763708651846,0.956642678652178,0.157590800959951
0.271879890846828,0.956657311246612,0.157506519033275
0.27199607304181,0.956671943841047,0.157421711484942
0.272110802959354,0.956689880569708,0.157340841192319
0.272226259015617,0.956705929221669,0.15726176649796
0.272342925303078,0.956719617777753,0.1571811380963
0.272456929081904,0.95673897056394,0.157097495877897
0.272574563554323,0.956750771043323,0.157015677419454
0.272691471888024,0.956763987580232,0.156931793153701
0.272808380221724,0.956777676136315,0.156851789092914
0.272924078324227,0.956793252769101,0.156774327861338
0.273039050288011,0.956810245459412,0.156687934912519
0.273153780205555,0.956828182188073,0.156604895360972
0.273270204446777,0.956842342763332,0.156517636021129
0.273388323011675,0.956853199204365,0.15643151769938
0.273505473391615,0.956866415741273,0.156351608443656
0.27361971921668,0.95688482448911,0.156266073068203
0.273738563920297,0.956894264872616,0.156179735040217
0.273851841560404,0.95691503371633,0.156089729922283
0.273967539662907,0.956930610349115,0.156004385882637
0.274084205950368,0.956944298905199,0.155924462026189
0.274198451775433,0.956963179672211,0.155843340136781
0.274315118062894,0.956976868228295,0.155769796524058
0.274430090026678,0.956993860918606,0.155684520490619
0.274547240406618,0.957007077455514,0.15560134491514
0.274661728277923,0.957025014184176,0.15551895515223
0.274777910472905,0.957040118797786,0.155435286795996
0.274894818806606,0.957053335334695,0.155349360559206
0.275009306677911,0.957071272063356,0.155265432167514
0.27512645705785,0.957084488600265,0.155182332239914
0.275241913114114,0.957100537252225,0.155093300223641
0.275357853262856,0.957115641865835,0.155011021752266
0.275474519550317,0.957129802441094,0.15492630019926
0.275592396068975,0.957141130901302,0.154840123715325
0.275711482818832,0.957150099265633,0.154757643717859
0.275824760458939,0.957170868109346,0.154672402913266
0.275939248330244,0.957188804838008,0.15458643673474
0.276054946432747,0.957204381470793,0.154498232803566
0.276170644535249,0.957220430122753,0.154411199484516
0.276288036961429,0.957232702621311,0.154329581052769
0.276402282786494,0.957251111369148,0.154251403315741
0.276517738842758,0.957267632040284,0.154170070227597
0.276632468760302,0.95728509674977,0.154082954136057
0.276746956631607,0.957303033478432,0.154000867593994
0.276863864965308,0.957316722034516,0.153922674219773
0.27697980511405,0.957331826648126,0.153842803409608
0.277096229355271,0.957345987223385,0.153762708826432
0.277211685411534,0.957362507894521,0.15368037971138
0.277329561930193,0.957373836354728,0.153596201732564
0.277446228217654,0.957387524910812,0.153516903406876
0.277563620643833,0.957400269428545,0.153434634053066
0.277681255116252,0.957412069907928,0.153353969312399
0.277797921403713,0.957426230483187,0.153269037551707
0.277915797922372,0.957437558943395,0.153181765214121
0.278034884672228,0.957446527307725,0.153096299095735
0.278153487329605,0.957456911729582,0.153018216310366
0.278267733154671,0.957475320477419,0.152937897470334
0.278383915349653,0.957489953071854,0.152858645793286
0.278500823683353,0.957503641627937,0.15278063732433
0.278615069508419,0.957522050375774,0.152700494263998
0.27873173579588,0.957535738931858,0.152611656920335
0.278846223667184,0.957554147679695,0.152534340103075
0.278963616093364,0.957566420178253,0.152457687832814
0.279080282380825,0.957580108734337,0.15237782627464
0.279196706622046,0.957594741328772,0.152291879464513
0.279313372909507,0.957608429884856,0.152205480126199
0.279431249428166,0.957619758345063,0.152126522057608
0.279548641854345,0.957632502862796,0.152041768910062
0.279664824049327,0.957647135457231,0.151959320546449
0.279783426706704,0.957657047859912,0.151879723445216
0.279900819132884,0.957669792377646,0.151798317740804
0.280016275189147,0.957685841029606,0.151714505493311
0.280132457384129,0.957700473624041,0.151626266053711
0.280249607764069,0.957713690160949,0.15154627777147
0.280367484282727,0.957725018621156,0.151467913939509
0.280484392616428,0.957738235158065,0.151387884548746
0.280600816857649,0.9577528677525,0.151303489929644
0.280719419515026,0.957762780155181,0.151224733798519
0.280837296033685,0.957774580634564,0.151141516024082
0.280953478228667,0.957789213228998,0.151059093033068
0.281066755868774,0.957809510053536,0.150969610525478
0.281182696017516,0.957825086686321,0.150882792695328
0.281299362304977,0.957838775242405,0.150803243059509
0.281416270638678,0.957851991779314,0.150721423920597
0.281531242602462,0.9578694564888,0.150639093100343
0.281648392982402,0.957882201006534,0.150561266985285
0.281764817223623,0.957896361581793,0.150480924943473
0.281881725557324,0.957910050137877,0.150404481810718
0.281999360029743,0.957921850617259,0.150316361750232
0.282114089947287,0.957939315326746,0.150226792380515
0.282228335772353,0.957958196093758,0.150144840248851
0.282344517967334,0.957972828688193,0.150064979864973
0.282460458116077,0.957987933301802,0.149986366592159
0.282576398264819,0.958003509934588,0.149905255534923
0.282694516829717,0.95801436637562,0.149820277284205
0.282812635394615,0.958025222816652,0.149737831157164
0.282929059635837,0.958039855411086,0.149654764371273
0.283044999784579,0.958054960024696,0.149579711548716
0.283162634256998,0.958066760504079,0.149498445586234
0.283280510775657,0.958078560983461,0.14941950182913
0.283396935016878,0.958092721558721,0.149335656160397
0.283511906980662,0.958109714249032,0.149255912295786
0.283630993730518,0.958119154632538,0.149176048677275
0.2837471759255,0.958133787226972,0.149094935017706
0.283863842212961,0.958147947802232,0.149008918640913
0.283982444870338,0.958157860204913,0.148928443388713
0.284096932741643,0.958175796933575,0.14884599906162
0.284214567214062,0.958188069432133,0.148763420573232
0.284331233501523,0.958201757988216,0.148682328268098
0.284448383881463,0.95821450250595,0.148605026435047
0.284566260400122,0.958226302985333,0.148527939479483
0.284683410780062,0.958239047503066,0.148448637814564
0.284800803206241,0.958251320001624,0.148366904886207
0.284917227447463,0.958265952596058,0.148288681862492
0.285032683503726,0.958282001248019,0.148208823602592
0.285148139559989,0.958298049899979,0.148127003998689
0.285265774032408,0.958310322398537,0.148051569320677
0.285381230088671,0.958326371050498,0.147972627218749
0.28549886456109,0.95833817152988,0.147892325440304
0.285617951310947,0.958347611913386,0.147816375375355
0.28573340736721,0.958363660565347,0.147737325402274
0.285851767978347,0.958374044987204,0.147659651573726
0.285969886543246,0.958385373447411,0.147574251701576
0.286085342599509,0.958401422099371,0.147497426254554
0.286202492979449,0.958414166617105,0.14741555399012
0.286317949035712,0.95843068728824,0.147337296127905
0.286434615323173,0.958444375844324,0.147264754710685
0.286550555471915,0.958459480457934,0.14718332672336
0.286666253574418,0.958475529109895,0.147102871925577
0.286781709630681,0.958491577761855,0.147025924786005
0.286897891825663,0.958506682375465,0.146947166772442
0.287013347881926,0.958522731027425,0.146861504211712
0.287129045984429,0.95853830766021,0.146779010302191
0.28724571227189,0.95855246823547,0.146696057047473
0.28736262060559,0.958565684772378,0.146618991041719
0.287478076661853,0.958581733424339,0.146540425605911
0.287594984995554,0.958595421980423,0.146462276579729
0.287712861514212,0.95860675044063,0.146385078821921
0.28783146417159,0.958616662843311,0.146301285564745
0.287947404320332,0.958632239476096,0.146218841357555
0.288064554700272,0.95864498399383,0.146142858858608
0.288179042571577,0.958662920722491,0.146068138164509
0.288295708859038,0.958677081297751,0.145993448081618
0.288412133100259,0.95869124187301,0.145915384832929
0.288526136879085,0.958710122640022,0.14584041253126
0.288641350889108,0.958727115330333,0.145750904752945
0.288756806945372,0.958743163982294,0.145668543554143
0.288872505047874,0.958758740615079,0.145593807735337
0.288990865659012,0.958769597056111,0.14551367250039
0.289106805807754,0.958784701669721,0.145433061063612
0.289223230048976,0.95879886224498,0.145352920936922
0.289340138382676,0.958812550801064,0.145275690149946
0.289456562623897,0.958826711376323,0.145198054732435
0.289573713003837,0.958839455894056,0.145115725158375
0.289690621337538,0.95885314445014,0.145028330573721
0.289808739902436,0.958864000891172,0.144944833541886
0.289924438004939,0.958880049543133,0.144860467132775
0.290039652014962,0.958896570214268,0.144786803992071
0.290157044441142,0.958908842712826,0.144705843676177
0.29027516300604,0.958920171173034,0.144631251200693
0.290393523617178,0.95893055559489,0.144552428944395
0.290510916043357,0.958942828093448,0.144471696363501
0.290626856192099,0.958958404726234,0.144393161491158
0.290744974756998,0.958969261167266,0.144316170370662
0.290862367183177,0.958981533665824,0.144238570739893
0.290978307331919,0.958997110298609,0.144156536634434
0.291094489526901,0.959011742893043,0.144074788417067
0.291212608091799,0.959022599334075,0.143995700980885
0.291328548240542,0.95903817596686,0.143919145693936
0.291447392944159,0.959047616350367,0.143839564200772
0.291562606954182,0.959064137021502,0.14375332053817
0.291678305056685,0.959080185673463,0.143672067684446
0.291794003159188,0.959095762306248,0.143587833431855
0.291911879677846,0.959107090766455,0.143507035353012
0.292029030057786,0.959120307303364,0.143424833363256
0.292146664530205,0.959132107782747,0.143349739252691
0.292263330817666,0.95914579633883,0.143269441230533
0.29238362779872,0.95915287662646,0.143185874780983
0.292502230456097,0.959162789029142,0.143106640770363
0.292620106974756,0.959174117489349,0.143027958834329
0.292737257354696,0.959187334026257,0.142946292359323
0.292855617965834,0.959197718448114,0.14285728087581
0.292971558114576,0.959213295080899,0.14278068623319
0.293087982355797,0.959227455656159,0.142700355895431
0.293205374781977,0.959239728154717,0.142628219102911
0.293324703578073,0.959248696519047,0.142549086459085
0.293440159634336,0.959264745171008,0.142467416540267
0.293556341829318,0.959279377765442,0.142391708154306
0.293672524024299,0.959294482379052,0.14231141525287
0.293789432358,0.959307698915961,0.142228135504275
0.293905614552982,0.959322331510395,0.142151206245635
0.294019618331808,0.959341684296583,0.142065764679053
0.294136042573029,0.959355844871842,0.141989737232825
0.294251982721771,0.959370949485452,0.141908237374532
0.294369133101711,0.959384166022361,0.141829090561368
0.294486525527891,0.959396438520918,0.141750906836839
0.294603433861591,0.959409655057827,0.141671993104067
0.29472131038025,0.95942145553721,0.14159137146901
0.29483846076019,0.959434200054943,0.141517302237293
0.294955853186369,0.959446472553501,0.141434990435939
0.29507276152007,0.959460161109585,0.141360775454241
0.295190880084968,0.959471017550617,0.141286709288733
0.295307788418668,0.959484234087526,0.141207845639532
0.295423728567411,0.959499810720311,0.141131959254255
0.295541605086069,0.959511139180518,0.141050836149177
0.295657303188572,0.959526715813303,0.140975065009203
0.295773969476033,0.959540876388562,0.14089848430193
0.295891119855973,0.959553620906296,0.140822562010705
0.296010448652069,0.959562589270627,0.140748109299951
0.296124694477134,0.959580998018464,0.140675258967865
0.296242328949553,0.959592798497846,0.140594504528279
0.296360447514451,0.959604126958054,0.140509302459595
0.296474935385756,0.959622063686715,0.140433387846399
0.296591843719457,0.959635280223624,0.140352552142864
0.296707783868199,0.959650856856409,0.140263100061984
0.296826144479337,0.959661241278266,0.140185433036998
0.296942084628079,0.959676345891876,0.140106125829128
0.297056814545624,0.959694282620537,0.140025598590104
0.297173964925564,0.95970702713827,0.139941191987636
0.297292567582941,0.959716939540952,0.139864736578106
0.297409717962881,0.95973015607786,0.139784641596754
0.297526142204102,0.95974431665312,0.139698916670272
0.297641840306605,0.959759893285905,0.139620970450032
0.297758264547826,0.959774525880339,0.139536421339507
0.297875656974006,0.959786798378897,0.13945431972525
0.297992807353946,0.959799542896631,0.139377827421136
0.298110441826365,0.959811815395189,0.139296731939603
0.298228318345023,0.959823143855396,0.13921849373807
0.298345952817442,0.959834944334779,0.139132599879274
0.298463587289861,0.959847216833337,0.139060932453121
0.298579527438604,0.959862321446946,0.138988819014839
0.298694741448627,0.959878842118082,0.138911689038902
0.298813586152244,0.959888754520764,0.138832944839617
0.298931946763382,0.95989913894262,0.138760789006493
0.29904982328204,0.959910939422003,0.138686535459085
0.299165521384543,0.959926516054788,0.138608553389631
0.299281945625765,0.959940676630047,0.138532593487765
0.299399096005705,0.959953893166956,0.138455849854663
0.299516004339405,0.959967109703865,0.138375610136613
0.29963073425695,0.959984574413351,0.138295859944322
0.299746432359452,0.960000623065311,0.138217965815239
0.299863582739392,0.960013367583045,0.138132441027908
0.29998170130429,0.960024224024077,0.13805415871729
0.300098609637991,0.960037912580161,0.137977224062901
0.300214307740494,0.960053489212946,0.137900217076466
0.300331216074194,0.960066705749854,0.137825506909148
0.30045054487029,0.960075674114185,0.137751876846514
0.300569147527667,0.960085586516867,0.137675325942079
0.300686297907607,0.9600983310346,0.137592382208018
0.300802238056349,0.960113907667385,0.137515672833998
0.300917210020133,0.960130900357696,0.137437997861907
0.301035570631271,0.960141284779553,0.13735525212748
0.301152236918732,0.960155445354812,0.137277852103718
0.301269629344912,0.96016771785337,0.137199915066322
0.30138750586357,0.960179046313577,0.137122260663109
0.30150465624351,0.960192262850486,0.137045170085806
0.301621080484731,0.960206423425745,0.13697024177746
0.301735568356036,0.960224360154407,0.136890599539825
0.301853686920935,0.960235688614614,0.136815439946875
0.301969869115916,0.960250321209049,0.13673860874497
0.302087987680815,0.960261649669256,0.136659936399914
0.302204896014515,0.960274866206165,0.136583063421006
0.30231962593206,0.960292330915651,0.136505465439759
0.30243653426576,0.960306019471735,0.136429695408718
0.302554410784419,0.960317347931942,0.136351389697734
0.302673013441796,0.960327260334624,0.136271946875248
0.302790405867975,0.960340004852357,0.136196838941225
0.302907072155436,0.960353693408441,0.136124057436208
0.303024706627855,0.960365493887824,0.136041538239191
0.303141372915316,0.960379654463083,0.135964318489547
0.303258765341496,0.960391926961641,0.13588595723645
0.303374947536478,0.960406559556075,0.135805905870566
0.303492582008897,0.960418832054633,0.135725745469887
0.303610942620034,0.96042921647649,0.135651389116988
0.303727608907495,0.960442905032574,0.135573498504055
0.303845485426154,0.960454705511957,0.135493486066113
0.303963603991052,0.960465561952989,0.135420418537578
0.30408196460219,0.960475946374846,0.135344113570254
0.304200809305807,0.960485858777527,0.135269631082395
0.304319411963184,0.960495771180208,0.135190368396703
0.304439224851759,0.960503323487013,0.135111688848957
0.304556375231699,0.960516540023922,0.135034233085982
0.304673525611639,0.960529284541655,0.134956719388509
0.304790918037818,0.960541557040213,0.134881375263273
0.304910004787675,0.960550997423719,0.134805964202994
0.305026186982656,0.960565630018154,0.134733811360031
0.305143821455076,0.960577902516712,0.134655954685299
0.305260729788776,0.96059111905362,0.134577371693985
0.305378848353674,0.960601975494653,0.134500719956419
0.305496966918572,0.96061330395486,0.134426012133762
0.305613633206033,0.960626992510944,0.134345996081214
0.305731509724692,0.960638320971151,0.134271235251394
0.305848418058392,0.960652009527235,0.134194670148815
0.305967504808249,0.960660977891566,0.134115821334433
0.30608368700323,0.960675610486,0.134038057499326
0.30620083738317,0.960688827022909,0.133964352912411
0.306316051393194,0.960705347694045,0.133887385005863
0.306433443819373,0.960717620192603,0.133804366316372
0.306550836245553,0.960730364710336,0.133733429874283
0.306669196856691,0.960740749132193,0.1336515330535
0.306785863144152,0.960754437688277,0.133575787430229
0.30690398170905,0.960765766148484,0.133500604070568
0.307020163904032,0.960780398742919,0.133422448104046
0.30713804042269,0.960791727203126,0.133348245855971
0.307255916941349,0.960803527682509,0.133272071886535
0.307373793460007,0.960814856142716,0.133187724162053
0.307490943839947,0.960827600660449,0.13311205474292
0.307607368081169,0.960842233254884,0.13303561703072
0.307724760507348,0.960854505753442,0.132952497623675
0.307841668841049,0.96086772229035,0.132876133976739
0.307958819220989,0.960880938827259,0.132797137774507
0.30807524346221,0.960895099402518,0.132721873516501
0.30819263588839,0.960907843920251,0.132650743042919
0.308308576037132,0.960922948533861,0.13256918856587
0.30842645255579,0.960934276994069,0.132493749834974
0.308544813166928,0.960945133435101,0.132418347824128
0.308663899916785,0.960954101799432,0.132345336882003
0.308782260527922,0.960964486221288,0.132270338593854
0.308899895000341,0.960976758719846,0.132189205561538
0.309014866964125,0.960993751410157,0.132113023825315
0.309131533251586,0.961007439966241,0.132039022797796
0.309250377955203,0.961017352368923,0.131965187427281
0.309367044242664,0.961031040925007,0.131892698050645
0.309481290067729,0.961049449672844,0.131819418912705
0.309598924540148,0.961061722171402,0.131746782790076
0.309717043105047,0.961072578612434,0.131668019536124
0.309835887808663,0.96108201899594,0.131595218642658
0.309952312049885,0.961096651590374,0.131519696554102
0.310068010152387,0.961112228223159,0.131448703370172
0.310186128717286,0.961123084664191,0.131371573143422
0.310302795004747,0.961137245239451,0.131291611393681
0.310420671523405,0.961148573699658,0.131214466671399
0.310538548042064,0.961159902159865,0.131141129157634
0.310653520005848,0.961177366869352,0.131067098141947
0.310770670385788,0.961190111387085,0.130996326095208
0.310887094627009,0.961204271962344,0.130918481811645
0.311004729099428,0.961216544460902,0.130844370534219
0.311121637433129,0.961229760997811,0.130763882510444
0.311239271905548,0.961242033496369,0.130688083877849
0.311357874562925,0.96125194589905,0.130607439153938
0.311476235174063,0.961262330320907,0.130530259310296
0.311592659415284,0.961276962915341,0.13045032757765
0.311708357517787,0.961292539548127,0.130373676792446
0.311826718128924,0.961302923969983,0.130289848508872
0.311943626462625,0.961316612526067,0.130210464638079
0.312062471166242,0.961326052909573,0.130134261355083
0.312178895407463,0.961340213484833,0.130060610737543
0.312298224203559,0.961349181849163,0.129986139012565
0.312416342768457,0.961360038290195,0.129912273415866
0.312533251102158,0.961373254827104,0.129838424047677
0.312650643528337,0.961385999344837,0.129758085404501
0.312768762093235,0.961396855785869,0.129688696451756
0.312885912473175,0.961409600303603,0.129609009339421
0.313004757176792,0.961419512706284,0.129539742687464
0.313118760955618,0.961438393473296,0.129461918942439
0.313235427243079,0.96145208202938,0.129384795824472
0.31335209353054,0.96146624260464,0.129314412862661
0.313468033679282,0.961481347218249,0.129240136979312
0.313584942012982,0.961494563755158,0.129162978775822
0.313701850346683,0.961508252311242,0.129084561179779
0.313818032541665,0.961522884905676,0.129006777491014
0.313934214736646,0.961537517500111,0.128936761420704
0.314051607162826,0.961550262017844,0.12886413046091
0.314169241635245,0.961562062497227,0.128793043405589
0.314285665876466,0.961576695091661,0.128717264518692
0.314403542395125,0.961588023551869,0.128634856346367
0.314521176867544,0.961599824031251,0.128564312687758
0.314638085201244,0.961613512587335,0.128489513229421
0.314755719673664,0.961625313066718,0.128415950754468
0.314873596192322,0.961636641526925,0.128348456696707
0.314991472710981,0.961648442006308,0.128274290407193
0.315107654905963,0.961663074600743,0.128200410885423
0.315224563239663,0.961676291137651,0.128124087059499
0.315341229527124,0.96169045171291,0.128046379460656
0.315457895814585,0.961704140268994,0.12797277967542
0.315576014379483,0.961714996710026,0.127898122552806
0.315694132944381,0.961726325170234,0.127819756942749
0.315809589000644,0.961742373822194,0.127747677995138
0.315926013241866,0.961756534397453,0.127675721136899
0.316044857945482,0.961766446800135,0.127597522258193
0.316162734464141,0.961777775260342,0.127518765883366
0.316280853029039,0.961788631701374,0.127450241917747
0.316397277270261,0.961803264295809,0.12738002643908
0.316515153788919,0.961814592756016,0.127306886954461
0.316630609845182,0.961830641407977,0.127230029006732
0.316747276132643,0.961844801983236,0.127149287353275
0.316862490142667,0.961861322654372,0.127074471504602
0.316979882568846,0.961873595152929,0.126993659785879
0.317097759087505,0.961885395632312,0.126917760863377
0.31721732992984,0.961893419958292,0.126836616796119
0.31733472235602,0.961906164476026,0.12676217093236
0.317453567059637,0.961915604859532,0.126687202393508
0.317571927670775,0.961925989281389,0.126609978262639
0.317688836004475,0.961939677837472,0.126537101241847
0.317807196615613,0.961950062259329,0.126467548211873
0.317925315180511,0.961960918700361,0.126394589340454
0.318043191699169,0.961972719179744,0.126317088673579
0.318160826171589,0.961984519659127,0.126241275167064
0.318279912921445,0.961993488023457,0.126165923018106
0.318395126931468,0.962010480713768,0.126094597389912
0.318512519357648,0.962022753212326,0.12601468694385
0.318630153830067,0.962034553691709,0.125939134898368
0.318748998533684,0.962044466094391,0.125863377029018
0.318867843237301,0.962053906477897,0.125786927079023
0.318984267478522,0.962068067053156,0.125715882351004
0.319100691719743,0.962082699647591,0.125642903929568
0.319218084145923,0.962094972146148,0.125570315519513
0.319334992479623,0.962108188683057,0.125498046631623
0.319452868998282,0.96211998916244,0.125429059665202
0.31957122960942,0.962130373584297,0.125346109312798
0.319688622035599,0.962142646082854,0.125272114993375
0.319807466739216,0.962152558485536,0.125199388571264
0.319926069396593,0.962162470888217,0.125124357307489
0.320040557267898,0.962180407616879,0.125048948230005
0.320157707647838,0.962193624153788,0.124969575832364
0.320274615981539,0.962206840690696,0.124889824280134
0.320393218638916,0.962217225112553,0.124818859448993
0.320510611065095,0.962229497611111,0.124743058717897
0.320629939861191,0.962237993956267,0.124666653286412
0.320748300472329,0.962248850397299,0.124595005885723
0.320865934944748,0.962260650876681,0.124519119535303
0.320985263740844,0.962269147221837,0.124443785935571
0.321103140259503,0.962280947701219,0.124368352021154
0.32122150087064,0.962291332123076,0.124295874131408
0.32133865125058,0.962304076640809,0.124218035459789
0.321456527769239,0.962315877120192,0.124142726921163
0.3215731940567,0.962329565676276,0.124064534950685
0.3216901023904,0.962342782213185,0.123989064175784
0.321804106169226,0.962362134999372,0.123910817226555
0.321923434965322,0.962370631344528,0.123836985571803
0.322037922836627,0.962388568073189,0.123765384402834
0.322155799355286,0.962400368552572,0.123694987115179
0.322272465642747,0.962414057108656,0.123619992542929
0.322389373976447,0.962427273645565,0.12354643087504
0.322505798217668,0.962441906239999,0.123470140753973
0.322623432690087,0.962453706719382,0.123400925887489
0.32273913079259,0.962469283352167,0.123326347429804
0.322856765265009,0.962481555850725,0.123256092614227
0.322974399737428,0.962493356330108,0.123181555185928
0.323094454672243,0.962500436617737,0.123112209998055
0.323212573237141,0.962511765077945,0.123036798373758
0.323331175894518,0.962521677480626,0.122965453665942
0.323448810366937,0.962533949979184,0.122891947677797
0.323564992561919,0.962548582573618,0.1228153344204
0.323684321358015,0.962557078918774,0.122738343937578
0.323800503552997,0.962572183532384,0.122664677755259
0.323917653932937,0.962584928050117,0.12258651465901
0.324035772497835,0.962595784491149,0.122514393925065
0.324155101293931,0.96260475285548,0.122438193323117
0.324272009627631,0.962617969392389,0.122364287872057
0.324390370238769,0.962628353814245,0.122287097693762
0.324509699034865,0.962637322178576,0.122210161506675
0.324628785784721,0.962646290542907,0.122139451987092
0.324747146395859,0.962656674964764,0.122073150987318
0.324865991099476,0.962666587367445,0.121998010041428
0.324984351710613,0.962676971789302,0.121928156244339
0.325101744136793,0.96268924428786,0.121853151645735
0.325218652470493,0.962702932843944,0.12177234378557
0.325336286942912,0.962714733323327,0.121697768791418
0.325453921415332,0.962726533802709,0.121620760220746
0.325571071795272,0.962739750339618,0.121549917366724
0.325688706267691,0.962751550819,0.12147549154346
0.325805130508912,0.96276571139426,0.121402442741619
0.325923733166289,0.962776095816116,0.121330372954115
0.326041367638708,0.962787896295499,0.121254517715469
0.326157065741211,0.962803472928284,0.121181533254659
0.326276152491067,0.96281291331179,0.121103773021278
0.326394755148445,0.962822825714472,0.121030029965137
0.326515294175738,0.962829433982926,0.120957469375844
0.326630750232001,0.962845482634887,0.120882682725266
0.326746932426983,0.962860115229321,0.120807310826591
0.326863840760684,0.962873803785405,0.120738470800813
0.326979538863186,0.96288938041819,0.12066537695857
0.327096689243126,0.962902124935923,0.120593515149622
0.327215291900504,0.96291250935778,0.120521335932046
0.327333168419162,0.962923837817988,0.120453760075993
0.327451771076539,0.962933750220669,0.120369463883332
0.327568921456479,0.962946966757578,0.120302493907158
0.327686071836419,0.962959711275311,0.120224226444443
0.327805158586276,0.962968679639642,0.12014789215261
0.327923277151174,0.962980008099849,0.120072712459957
0.328039701392395,0.962994168675108,0.119999054179868
0.328159030188491,0.963002665020264,0.119928301586957
0.328278358984587,0.963011633384595,0.119853355171254
0.328396477549485,0.963022489825627,0.119780523562429
0.328514596114383,0.963033346266659,0.119709256876858
0.328632956725521,0.963044202707691,0.119632440207033
0.328750349151701,0.963056475206249,0.11955598343691
0.32886798362412,0.963068275685631,0.11948484848713
0.328985860142778,0.963080076165014,0.1194110446793
0.329103494615197,0.963091876644397,0.119342499798614
0.329219676810179,0.963106509238831,0.119266036868761
0.32933658514388,0.963120197794915,0.119197679813542
0.329455187801257,0.963130110197597,0.119125510582256
0.329573790458634,0.963140494619453,0.119059307370004
0.329691666977293,0.963151823079661,0.118987017465524
0.329808333264754,0.963165511635745,0.11891067712487
0.329923305228538,0.963182976345231,0.118829832520603
0.330040455608478,0.963195720862964,0.118756156517531
0.330158816219615,0.963206105284821,0.11868204129724
0.330278145015711,0.963215073649152,0.118606101527789
0.330394811303172,0.963228762205236,0.118530413683403
0.330511719636873,0.963241978742144,0.118455273479115
0.330629838201771,0.963253307202352,0.118376589102896
0.33074747267419,0.963265107681734,0.1183013996128
0.330865107146609,0.963276908161117,0.118228742554313
0.330983225711507,0.963288236621324,0.118159484225198
0.331100618137687,0.963300509119883,0.118082882635854
0.331220188980022,0.963308533445863,0.118011022884436
0.331337823452441,0.963320805944421,0.117937588330378
0.33145545792486,0.963332606423803,0.117866819086364
0.331572124212321,0.963346294979887,0.117798065719932
0.331690968915938,0.963356207382569,0.117722761878175
0.331808119295878,0.963368951900302,0.117648763290398
0.331927690138213,0.963376976226282,0.117570146928501
0.332041693917039,0.96339632901247,0.117494128960404
0.332159812481937,0.963407185453502,0.117417409799568
0.332276720815638,0.963420874009586,0.117340555521657
0.332393629149338,0.963434090546494,0.117269407807548
0.332511263621757,0.963445891025877,0.117196715738149
0.332629866279134,0.963456275447734,0.117122657928213
0.332747258705314,0.963468547946292,0.117049454798656
0.332865135223973,0.963479876406499,0.116978339469401
0.332982285603913,0.963493092943408,0.116905108179713
0.333101614400009,0.963501589288563,0.116827055613505
0.333219975011146,0.96351197371042,0.116757710238123
0.333337851529805,0.963523774189803,0.116678735560859
0.333459842834536,0.96352707832403,0.116608979561015
0.333575540937038,0.963542654956815,0.116538627423722
0.333694627686895,0.963552095340321,0.116465027049841
0.333813230344272,0.963562007743003,0.116393250922115
0.333930864816691,0.963573808222385,0.11632057391369
0.334050193612787,0.963582776586716,0.116242959115659
0.334170732640081,0.963588912835995,0.116174278795981
0.334289335297458,0.963598825238676,0.116100859021695
0.334406969769877,0.963611097737235,0.116020713003927
0.334525088334775,0.963621954178267,0.115952922233999
0.334642480760955,0.963634226676825,0.115880095344407
0.334761809557051,0.963643195041155,0.115804115018266
0.334878717890751,0.963656411578064,0.11573529133136
0.334996836455649,0.963667268019096,0.115661606766648
0.335112534558152,0.963683316671056,0.115584816996922
0.335231621308008,0.963692285035387,0.11551208866259
0.335348529641709,0.963705973591471,0.115437092892746
0.335467374345325,0.963715413974977,0.115361024743684
0.335585977002703,0.963725326377659,0.115291417651252
0.335705547845038,0.963733822722814,0.115221469520386
0.335821972086259,0.963747983298074,0.115145129338147
0.335940332697397,0.96375836771993,0.115072474117908
0.336059903539733,0.963766864065086,0.115001638294725
0.336177780058391,0.963778192525293,0.11492780617855
0.336295172484571,0.963790465023851,0.114852991644147
0.33641256491075,0.963803209541584,0.114779736251088
0.336530683475648,0.963814065982616,0.114700733952674
0.336648317948068,0.963825866461999,0.114630893649281
0.336765468328008,0.963839082998908,0.114563966103498
0.336884555077864,0.963848051363239,0.114488319663959
0.337004125920199,0.963856075689219,0.114414765353296
0.337121760392618,0.963868348187777,0.114337081588703
0.337240605096235,0.963877788571283,0.114261254888799
0.337359207753612,0.963887700973964,0.114186386756666
0.337478294503469,0.963897141357471,0.114114313910542
0.33759496079093,0.963910829913554,0.114039843939753
0.337714531633265,0.963918854239535,0.113966142794947
0.337833134290642,0.963929238661391,0.113892541453483
0.337949074439385,0.963944343275001,0.113818238238015
0.338067193004283,0.963955199716033,0.113742126762542
0.338185311569181,0.963966528176241,0.113669209469536
0.338303672180319,0.963976912598097,0.113598674239515
0.338421306652738,0.963989185096655,0.113528289523752
0.338539425217636,0.964000041537687,0.113456709277851
0.338657543782534,0.96401089797872,0.11338296702653
0.338775420301193,0.964022698458102,0.113310592735735
0.338893538866091,0.964033554899134,0.113237193996564
0.33901093129227,0.964045827397692,0.113164338977393
0.339129533949648,0.964056211819549,0.113089034695361
0.339246684329588,0.964068956337282,0.113015586801693
0.339366013125683,0.964077452682438,0.112946884705698
0.339482921459384,0.964091141238522,0.112874508080634
0.339600797978043,0.964102469698729,0.112802095894007
0.339718432450462,0.964114270178112,0.112729683798636
0.33983630896912,0.964126070657494,0.112656985303308
0.339954669580258,0.964136455079351,0.112587123757336
0.340071335867719,0.964150143635435,0.112511820593193
0.340188728293898,0.964162888153168,0.112436019352817
0.340307572997515,0.964172328536674,0.112366739301171
0.340426175654892,0.964182240939356,0.112292606449662
0.340543810127311,0.964194513437914,0.112221954286749
0.340663380969647,0.964202537763894,0.112153837084851
0.340780289303347,0.964215754300803,0.112079181609235
0.340897439683287,0.964228970837711,0.112008188108186
0.341014832109467,0.964241243336269,0.111936741487911
0.341132466581886,0.964253043815652,0.11187122157557
0.341251795377982,0.964262012179983,0.11180192363116
0.341370640081599,0.964271452563489,0.111731741618746
0.341489726831455,0.964280892946995,0.111663428463812
0.341606151072676,0.964295053522254,0.111594513571023
0.341721849175179,0.964310630155039,0.111527500067577
0.341842146156233,0.964317710442669,0.111453699459054
0.341958086304975,0.964332815056279,0.111382049339645
0.342075720777394,0.964344615535662,0.111310702466178
0.342194565481011,0.964354527938343,0.111238873312292
0.342309295398556,0.964371992647829,0.11116299050948
0.342426929870975,0.964383793127212,0.111092476569766
0.342545048435873,0.964395121587419,0.111020754329639
0.34266365109325,0.964405033990101,0.110951614282709
0.342778623057034,0.964422026680412,0.110876235682965
0.342896741621933,0.964433355140619,0.110809329226821
0.343016070418028,0.964441851485775,0.110734334157349
0.343135883306603,0.96444940379258,0.11066681064612
0.34325472801022,0.964459316195261,0.110592718489501
0.343371152251441,0.96447347677052,0.110518791241591
0.343490965140016,0.964481029077325,0.110444548577446
0.343608841658675,0.964492829556708,0.110376732930079
0.343724539761178,0.964508406189493,0.110305698588887
0.343841448094878,0.964521622726402,0.110235122392666
0.343958840521058,0.964534367244135,0.110163758455842
0.344075264762279,0.964548527819394,0.110093007182318
0.344192899234698,0.964560328298777,0.110020945063257
0.344311259845836,0.964571184739809,0.109947784408961
0.344427926133297,0.964584873295893,0.109876041489726
0.344546044698195,0.9645962017561,0.109801156131576
0.344663195078135,0.964608946273833,0.109727586502477
0.344782523874231,0.964617442618989,0.109656989481218
0.344899432207931,0.964631131175073,0.109582953821263
0.345016098495392,0.964644819731157,0.109510606353349
0.345134701152769,0.964654732133838,0.109440127782113
0.345252093578949,0.964667476651571,0.109361701829588
0.345369001912649,0.96468069318848,0.109292789083123
0.345486636385068,0.964692493667863,0.109219854979888
0.345603544718769,0.964706182223947,0.109147370463887
0.345722147376146,0.964716094626628,0.109077040191327
0.345841476172242,0.964724590971784,0.109004119649127
0.345958142459703,0.964738751547043,0.108932876347585
0.346078439440757,0.964745359815497,0.108858082068165
0.346196800051895,0.964755744237354,0.108788741045886
0.346315402709272,0.964766128659211,0.108714353195981
0.346434731505368,0.964774625004366,0.108647051430413
0.346554060301464,0.964783121349522,0.108571858432242
0.346672905005081,0.964793033752203,0.108499919099219
0.346792717893656,0.964800586059008,0.108427932183733
0.34691253078223,0.964808138365813,0.108353175695358
0.347032101624566,0.964816634710968,0.108275389291179
0.347149736096985,0.964828435190351,0.108205196763095
0.347269064893081,0.964836931535507,0.108132186840381
0.347385973226781,0.964850620091591,0.108065296479809
0.347504575884159,0.964860532494272,0.107998172476599
0.347620273986661,0.964876581146233,0.107928278495829
0.347738876644039,0.964886493548914,0.107858866569735
0.347856995208937,0.964897349989946,0.107787964805272
0.347973177403919,0.964912454603556,0.107714862760618
0.34808960164514,0.964926615178815,0.10764068587466
0.348209172487475,0.964934639504795,0.10757312269682
0.348327533098613,0.964945495945827,0.107499148117033
0.348445651663511,0.964956352386859,0.107424058024791
0.34856328613593,0.964968152866242,0.107355080180575
0.348681404700828,0.964979481326449,0.107285064083728
0.348799281219487,0.964990809786657,0.107214281229366
0.348918125923104,0.965000250170163,0.10714543358764
0.349036244488002,0.96501157863037,0.10707549122119
0.3491543630529,0.965022435071402,0.107003148012635
0.349272239571559,0.96503376353161,0.106934939784517
0.349390842228936,0.965044147953466,0.106863202198412
0.349507992608876,0.9650568924712,0.106797307408931
0.349627805497451,0.965064444778005,0.106728167531212
0.349746650201068,0.965074357180686,0.106658960661963
0.349865978997164,0.965082853525842,0.106593845466896
0.34998482370078,0.965092293909348,0.106518245402793
0.35010221612696,0.965105038427081,0.106445922937757
0.3502193665069,0.965117782944814,0.106371318887823
0.350337243025559,0.965129111405022,0.106301513341309
0.350455119544217,0.965140911884404,0.106227331310274
0.350574206294074,0.965149880248735,0.106160916907041
0.350690872581534,0.965164040823994,0.106081349749567
0.350806812730277,0.965179145437604,0.106011785026002
0.350924447202696,0.965190945916987,0.10594361862908
0.351043049860073,0.965201330338844,0.105871749025266
0.351159716147534,0.965215018894928,0.105803112264559
0.351276140388755,0.965229179470187,0.105727026226185
0.351395227138612,0.965238619853693,0.105659621852634
0.35151310365727,0.9652499483139,0.105589985818661
0.351629043806013,0.96526505292751,0.105516838790082
0.351746194185952,0.965278269464419,0.105449476890477
0.351863102519653,0.965291486001327,0.105380481993263
0.351980252899593,0.965304230519061,0.105309408040359
0.352099823741928,0.965312726864216,0.105236396158305
0.352217700260587,0.965324055324423,0.105167241335495
0.352335092686766,0.965336327822982,0.105098139128652
0.352454421482862,0.965345296187312,0.105028027997272
0.352572782094,0.965355680609169,0.104956015565843
0.352690416566419,0.965367481088552,0.104883297376024
0.352808535131317,0.965378809548759,0.1048083388819
0.352926411649976,0.965390138008966,0.104737654857212
0.353044530214874,0.965400994449998,0.104668083242386
0.353161438548575,0.965414683006082,0.104590106964522
0.353279557113473,0.965425539447115,0.10451785804408
0.35339791772461,0.965435923868971,0.104448394028589
0.35351555219703,0.965448196367529,0.10437964099304
0.353634638946886,0.96545716473186,0.104312324834605
0.353754451835461,0.96546518905784,0.104247059033619
0.353871360169161,0.965478405594749,0.104170707208166
0.353990446919018,0.96548737395908,0.104098117467192
0.35410614502152,0.96550342261104,0.104030006121436
0.354224263586419,0.965514279052072,0.103955514803466
0.354343350336275,0.965523247416403,0.103886162817224
0.354461952993652,0.96553363183826,0.10381792709694
0.35458007155855,0.965544488279292,0.103742025524359
0.354698432169688,0.965554872701149,0.103671911642371
0.354818003012023,0.965563369046304,0.10359777128281
0.354934911345724,0.965576585583213,0.103527109651451
0.355053271956862,0.965586970005069,0.103456300650023
0.355172842799197,0.965595466350225,0.103384656337514
0.355290961364095,0.965606322791257,0.103309303885039
0.355409806067712,0.965615763174763,0.103236460465627
0.35552816667885,0.965626619615795,0.103166158249421
0.355646769336227,0.965636532018477,0.103096578129152
0.355765129947365,0.965646916440334,0.103028602548655
0.355882522373544,0.965659660958067,0.102956674063668
0.356001367077161,0.965669101341573,0.102882542216673
0.35611875950334,0.965681373840131,0.102814756663731
0.356234699652083,0.965696950472916,0.102744154325491
0.3563535443557,0.965706390856422,0.102671155575734
0.356472147013077,0.965716303259104,0.10260050193997
0.356590023531735,0.965728103738486,0.102531676455408
0.356709110281592,0.965737072102817,0.102459843352732
0.356828681123927,0.965745568447973,0.102388598032587
0.356945105365149,0.965759729023232,0.102322823331812
0.357065160299963,0.965766809310861,0.102252894264485
0.357181100448705,0.965782385943647,0.102184075412866
0.357297282643687,0.965797018538081,0.102109521580537
0.357414190977388,0.96581023507499,0.102039600523776
0.357532309542286,0.965821563535197,0.101964929070859
0.357649459922226,0.96583430805293,0.101895999300228
0.357766852348405,0.965846580551488,0.101826446348928
0.357885455005783,0.965856964973345,0.101753491803105
0.358003089478202,0.965868765452728,0.101681146515936
0.358122176228058,0.965877733817059,0.101610041566073
0.358240052746716,0.965889534296441,0.101539953995975
0.358358171311615,0.965900390737473,0.101468383900363
0.358475563737794,0.965912663236031,0.101396144548266
0.358593198210213,0.965924935734589,0.101328225786364
0.358712769052549,0.96593296006057,0.101258597695297
0.358830403524968,0.965944760539952,0.10119027079721
0.358948037997387,0.96595703303851,0.101117751893458
0.359066156562285,0.965967889479542,0.101040508035138
0.359184517173423,0.965978273901399,0.100961392930552
0.359301667553363,0.965991490438308,0.100888627328279
0.359419059979542,0.966003762936866,0.100814575590271
0.359536452405722,0.966016035435424,0.100745115459293
0.35965457097062,0.966027363895631,0.100673038971944
0.359774383859195,0.966034916202436,0.100594610443707
0.359894922886489,0.96604152447089,0.100523963265073
0.360013525543866,0.966051436873572,0.100451743516924
0.360130917970045,0.966063709372129,0.100381311271065
0.360249036534944,0.966075037832337,0.100310763337057
0.360364250544967,0.966091558503473,0.100240718193163
0.360482127063626,0.96610288696368,0.100165236126359
0.360598793351087,0.966117047538939,0.100099882043987
0.360718606239662,0.966124599845744,0.100027436596747
0.36083672480456,0.966135456286776,0.0999606292451957
0.360954359276979,0.966147728785334,0.0998855397851755
0.361072235795637,0.966159057245542,0.0998112559924306
0.361191564591733,0.966167553590697,0.099743352010018
0.361310893387829,0.966176521955028,0.0996745267495554
0.361429496045206,0.966186434357709,0.0996086116208003
0.361547856656344,0.966196818779566,0.0995386058328884
0.361665491128763,0.966209091278124,0.0994658223307776
0.36178457787862,0.966218059642455,0.0993912447951318
0.361905843044632,0.966222779834208,0.0993239422199081
0.362022509332093,0.966236940409467,0.0992562619894993
0.362137481295877,0.966253933099778,0.0991838365870724
0.362255841907015,0.966264317521635,0.0991100400988008
0.362373718425673,0.966276118001018,0.099038250034692
0.362491836990571,0.96628697444205,0.0989623301583596
0.362609955555469,0.966297830883082,0.0988944518979826
0.362728074120368,0.966309159343289,0.098821980458381
0.362846192685266,0.966320015784321,0.0987559737417815
0.362964069203924,0.966331816263704,0.0986901091153498
0.363080977537625,0.966345032800612,0.0986215425948844
0.363198127917565,0.966357777318346,0.0985516120980785
0.363316004436223,0.966369577797728,0.098481477255639
0.363432428677445,0.966383738372988,0.0984134189544107
0.363548610872427,0.966398370967422,0.0983365879866887
0.363667213529804,0.966408755389279,0.0982588955228791
0.3637865423259,0.966417251734434,0.0981911519430784
0.363904660890798,0.966428108175467,0.0981185007167825
0.364022053316977,0.9664408526932,0.0980439325541004
0.364140413928115,0.966451237115057,0.0979723839546274
0.364259984770451,0.966459261441037,0.0979007460215781
0.36437761924287,0.966471533939595,0.0978312691191483
0.364497432131445,0.9664790862464,0.0977598347139352
0.364616518881301,0.966488054610731,0.0976909959097074
0.364735605631157,0.966497494994237,0.0976244926625762
0.364854450334774,0.966506935377743,0.0975571700402251
0.364971358668475,0.966520151914651,0.0974858180739927
0.365089477233373,0.966531480374859,0.0974116946419254
0.36520807989075,0.96654139277754,0.0973422511200568
0.36532523027069,0.966554137295274,0.0972671886531545
0.365446011344223,0.966560273544552,0.0972002064255763
0.365563887862882,0.96657160200476,0.0971277333784967
0.365680796196582,0.966584818541668,0.0970560822837376
0.365798672715241,0.966596619021051,0.0969854504708108
0.365917517418858,0.966606059404557,0.0969135376519319
0.36603854053863,0.966611723634661,0.0968455674848156
0.366158595473445,0.96661880392229,0.0967726248282235
0.366276471992104,0.966630132382498,0.0967009035991386
0.366395800788199,0.966639100746829,0.0966267723730124
0.366516581861733,0.966644764976932,0.0965574261046378
0.366635426565349,0.966654205360439,0.0964892031820743
0.366753303084008,0.966666005839821,0.0964170125566143
0.366873115972583,0.966673558146626,0.0963506979913772
0.366992928861158,0.966681110453431,0.0962823979597787
0.367110805379817,0.966692910932814,0.0962093243153774
0.367227471667277,0.966706599488898,0.0961389836501834
0.36734341181602,0.966721704102507,0.0960700306375779
0.367462982658355,0.966730200447663,0.0959984562989132
0.367582311454451,0.966738696792819,0.0959312539243303
0.367700672065589,0.966749081214675,0.0958637330453112
0.367821453139122,0.966755217463954,0.0957921317055213
0.36793932965778,0.966766545924162,0.0957211431493366
0.368057206176439,0.966777874384369,0.0956507348097515
0.368175082695098,0.966789674863752,0.0955802724956268
0.368293927398715,0.966799115247258,0.0955110291571576
0.368410109593696,0.966813747841692,0.0954447900283116
0.368527259973636,0.966826964378601,0.0953754915759949
0.368644168307337,0.966840180915509,0.0953038846118676
0.368761560733516,0.966852453414067,0.0952338414830659
0.368879195205935,0.966864725912626,0.0951650447369547
0.368995619447157,0.966878886487885,0.0950931835931647
0.369114464150773,0.966888798890566,0.0950238019516587
0.369234034993109,0.966896823216546,0.0949533550788956
0.369354089927923,0.966903903504176,0.0948842280250841
0.369472208492822,0.966915231964383,0.0948153682027753
0.36959032705772,0.966926088405415,0.0947383919196243
0.369707961530139,0.966937888884798,0.0946632032046967
0.369826322141277,0.96694874532583,0.0945910329530977
0.369944440706175,0.966959601766862,0.0945174734685044
0.370062317224833,0.96697093022707,0.0944452266368882
0.370180435789732,0.966982258687277,0.0943726499838017
0.370299038447109,0.966992171089958,0.0943058946589117
0.370416430873288,0.967004443588516,0.0942316801168187
0.370535275576905,0.967014355991198,0.0941579481945787
0.370652425956845,0.967027100508931,0.0940860420847948
0.370771270660462,0.967036540892437,0.0940127996011807
0.370888663086641,0.967049285410171,0.0939392443191619
0.371005571420342,0.967062501947079,0.0938714458584742
0.371124174077719,0.967072414349761,0.0937991355403919
0.371241808550138,0.967084686848318,0.0937331401647118
0.371357022560162,0.967101207519454,0.0936637886803989
0.371476351356258,0.96710970386461,0.0935917573228989
0.371594469921156,0.967121032324817,0.0935180085251175
0.371712588486054,0.967131888765849,0.0934485649248717
0.371829738865994,0.967144633283582,0.0933823629847698
0.371947615384653,0.967156433762965,0.0933118351739472
0.372065491903311,0.967167762223173,0.0932404367013892
0.37218312637573,0.967180034721731,0.0931700266334622
0.372301244940628,0.967190891162763,0.0931008446728654
0.372419121459287,0.96720221962297,0.0930322883745828
0.372537724116664,0.967212604044827,0.0929612534903429
0.372656326774042,0.967222516447508,0.0928928460141903
0.372777591940054,0.967227236639261,0.0928209956327898
0.372897646874868,0.967234788946066,0.0927479563996555
0.373015523393527,0.967246117406274,0.0926793494724061
0.373132189680988,0.967259805962357,0.0926094315811357
0.373251276430844,0.967269246345864,0.0925401117274989
0.373370121134461,0.96727868672937,0.092469286292947
0.373489449930557,0.967287183074525,0.0923977734683146
0.373608778726653,0.967296151438856,0.0923241799075419
0.373728349568988,0.967304175764836,0.0922546648496603
0.373846952226365,0.967314088167518,0.0921883589580091
0.373965796929982,0.967324000570199,0.0921195006660085
0.37408391549488,0.967334857011231,0.092050680688619
0.374202760198497,0.967344297394737,0.0919782406683401
0.374323299225791,0.967350905663192,0.0919039214089241
0.374439965513252,0.967364594219276,0.0918336657742169
0.374557115893192,0.967377338737009,0.0917685119450594
0.374675476504329,0.967388195178041,0.0916908845566289
0.374793595069228,0.967399051619073,0.0916248100724109
0.374913407957803,0.967406603925878,0.091557071261009
0.375031526522701,0.967417932386085,0.0914877183352193
0.375148434856401,0.967431148922994,0.0914187174048191
0.375267763652497,0.967440117287325,0.0913503890376283
0.375385882217395,0.967450973728357,0.0912800494880265
0.375504968967252,0.967459942092688,0.0912123002095913
0.375624297763347,0.967468910457018,0.0911425808745625
0.375744110651922,0.967476462763823,0.0910742578023675
0.375863439448018,0.967484959108979,0.0910032557349467
0.375982042105396,0.967495343530836,0.0909362856100473
0.376099434531575,0.967507616029394,0.090866367675536
0.376217795142713,0.96751800045125,0.0907989058448434
0.376337365985048,0.967526496796406,0.0907245923549435
0.376455242503707,0.967537825256613,0.0906546718685418
0.376575297438521,0.967544905544243,0.0905846307539375
0.37669317395718,0.967556706023626,0.0905150414450517
0.376810808429599,0.967568506503008,0.0904440619606739
0.376928684948258,0.967579834963216,0.0903697046271931
0.377046319420677,0.967592107461773,0.0903017731215093
0.377165648216773,0.967600603806929,0.0902344827863722
0.377283040642952,0.967612876305487,0.0901656491547427
0.37740115920785,0.967624204765694,0.0900945922558805
0.377520972096425,0.967631757072499,0.0900216185071045
0.377640300892521,0.967640253417655,0.0899517996380478
0.377759629688617,0.967649221781986,0.0898806942800431
0.377878232345994,0.967659134184667,0.0898062852106521
0.37799756114209,0.967667630529823,0.0897355286450728
0.378118584261863,0.967673294759926,0.0896662274518166
0.37823742896548,0.967682735143433,0.0895974409422844
0.378355305484138,0.967694535622815,0.0895321176419372
0.378472455864078,0.967707280140548,0.0894634061416999
0.378591300567695,0.967716720524055,0.0893941253680451
0.378709419132593,0.967728048984262,0.0893265108927288
0.378829232021168,0.967735601291067,0.0892562891343651
0.378948802863504,0.967743625617047,0.089185436295656
0.379066437335923,0.967755898115605,0.0891083061131879
0.379185524085779,0.967764866479936,0.0890382479139343
0.379302674465719,0.967777610997669,0.0889653261802371
0.379419098706941,0.967792243592104,0.0888908029199194
0.379538185456797,0.967801211956435,0.0888222358129273
0.379657998345372,0.967808764263239,0.0887559501714135
0.379777327141468,0.96781773262757,0.0886869782948856
0.379896897983803,0.96782575695355,0.0886169743722642
0.380015016548701,0.967836613394582,0.0885463302652402
0.380134345344797,0.967845581758913,0.0884779097729123
0.380252948002175,0.967855494161595,0.0884081773484013
0.380373487029468,0.967861630410874,0.0883338074926284
0.380493057871804,0.967870126756029,0.0882681442132206
0.380609724159264,0.967883815312113,0.0881994193840588
0.380730021140319,0.967890423580568,0.0881308583487425
0.380848381751456,0.9679012800216,0.0880554283027327
0.380968194640031,0.967908832328405,0.0879812997259072
0.381086313204929,0.967919688769437,0.0879073562094937
0.381203705631109,0.96793243328717,0.0878400124004073
0.381322792380965,0.967941401651501,0.0877675187270751
0.381440910945863,0.967952730111708,0.0876984715747319
0.381560481788199,0.967960754437688,0.0876336296384342
0.381678600353097,0.96797161087872,0.0875622759015905
0.381797445056714,0.967981523281402,0.0874937326389212
0.381914353390414,0.96799473981831,0.0874292941291788
0.382031503770354,0.968007484336044,0.087361868878251
0.382149138242773,0.968019756834602,0.087296817279246
0.38226822499263,0.968028725198932,0.0872240376594245
0.382387069696246,0.968038165582439,0.0871584786398801
0.382503009844989,0.968053742215224,0.0870865912412973
0.382621128409887,0.968064598656256,0.0870194095822721
0.382739004928546,0.968075927116463,0.0869476401132379
0.382859543955839,0.968082535384918,0.0868757877819903
0.382977662520737,0.96809339182595,0.0868112263980009
0.383096991316833,0.968101888171105,0.0867469846057025
0.383216562159169,0.968110384516261,0.0866805210407341
0.383333954585348,0.968122657014819,0.0866109184053546
0.383451589057767,0.968134457494201,0.0865365829507923
0.383570191715145,0.968144841916058,0.0864594221972089
0.383687584141324,0.968157114414616,0.086390276658745
0.383805944752462,0.968167498836473,0.0863159601927643
0.383922853086162,0.968181187392557,0.086244696338165
0.384040003466102,0.96819393191029,0.0861825515797858
0.384159090215959,0.968202900274621,0.0861139636620509
0.384277692873336,0.968213284696477,0.0860421385755754
0.384394359160797,0.968226973252561,0.0859687049044601
0.384512719771934,0.968237829693594,0.0858907772993658
0.384631806521791,0.968246798057924,0.0858212640523536
0.384748714855491,0.968260014594833,0.0857480411375355
0.384868043651587,0.968268982959164,0.0856780433532454
0.384986162216485,0.968279839400196,0.0856087412987124
0.385103312596425,0.968292583917929,0.0855396121623087
0.385220947068844,0.968304856416487,0.0854687172696144
0.38534027586494,0.968313352761643,0.0853916780339632
0.385457184198641,0.968326569298551,0.0853096390834657
0.385576270948497,0.968336009682057,0.0852376319653185
0.385694147467156,0.968347338142265,0.0851697188784356
0.385813234217012,0.968356306506596,0.085096283946726
0.385932563013108,0.968365274870926,0.0850245165154146
0.386050681578006,0.968376131311958,0.0849585810539591
0.386167831957946,0.968388875829692,0.0848977731155906
0.386286192569084,0.968399732270724,0.0848307156165454
0.38640552136518,0.968408228615879,0.084760379366691
0.386522913791359,0.968420501114437,0.0846830640913458
0.386642000541215,0.968429941497943,0.0846120941744709
0.386760603198593,0.968439853900625,0.0845337757297103
0.38687896380973,0.968450238322482,0.0844628990642947
0.387000713068222,0.968454486495059,0.0843936460887783
0.387120041864318,0.968462982840215,0.0843296905392436
0.387237918382976,0.968474311300422,0.0842539557481821
0.387356763086593,0.968484223703104,0.0841842621248869
0.387474881651491,0.968495080144136,0.0841163081133937
0.387593242262629,0.968505936585168,0.0840466641093612
0.387711118781288,0.968517265045375,0.0839695882447604
0.387829479392425,0.968527649467232,0.0838961719561152
0.387947840003563,0.968538505908264,0.0838223401260001
0.388065958568461,0.968549362349296,0.0837465922402608
0.388185529410797,0.968557386675276,0.0836722620825144
0.388303405929455,0.968569187154659,0.0836004528858965
0.388422492679312,0.96857815551899,0.0835275501663666
0.388541821475407,0.968586651864145,0.0834605659430644
0.388659455947826,0.968598924362703,0.083389111328362
0.388777332466485,0.968610252822911,0.0833139460009071
0.388895693077623,0.968620637244767,0.0832368526460093
0.389015505966198,0.968628661570748,0.0831633896471187
0.389133866577335,0.968639045992604,0.0830958474472864
0.389252469234713,0.968648958395286,0.0830282206513735
0.38937107189209,0.968659342817143,0.0829606815814034
0.38948846431827,0.968671615315701,0.0828913036722408
0.389606824929407,0.968681999737557,0.0828223831653649
0.389724943494305,0.968693328197765,0.0827530806173152
0.389842335920485,0.968705600696323,0.0826807809683943
0.389959970392904,0.968717401175705,0.0826095243371454
0.390079541235239,0.968725897520861,0.0825375823240859
0.390199596170054,0.968732977808491,0.0824699477014275
0.390316504503754,0.968746194345399,0.082402842993587
0.390433170791215,0.968760354920658,0.0823368204292425
0.390553709818509,0.968766491169937,0.0822676552192658
0.390672070429647,0.968777347610969,0.082194785368303
0.390791157179503,0.9687863159753,0.0821251629658725
0.390909033698162,0.968797644435508,0.0820553851587127
0.39102691021682,0.96880944491489,0.0819847381277807
0.391145996966677,0.968818413279221,0.0819179572581906
0.391265325762772,0.968826909624377,0.0818483513390493
0.39138368637391,0.968837766065409,0.0817778271184224
0.391503499262485,0.968845318372214,0.0817061381806315
0.391622586012341,0.968854286736544,0.0816375199601863
0.391740220484761,0.968866559235102,0.0815644077249494
0.391858339049659,0.968877415676134,0.0814934890610575
0.391975731475838,0.968889688174692,0.0814222594519298
0.392093850040736,0.9689010166349,0.0813507996832988
0.392212452698114,0.968910929037581,0.0812788031030034
0.392329845124293,0.968923201536139,0.081213591558246
0.392448205735431,0.968934057977171,0.0811399767233379
0.392566324300329,0.968944914418203,0.0810676327979168
0.392686621281383,0.968951522686658,0.0809994368846252
0.392804255753802,0.968963795185216,0.0809289968725065
0.3929223743187,0.968974651626248,0.0808592148266243
0.393039282652401,0.968987868163156,0.0807894317486356
0.393156190986101,0.96900155671924,0.0807212368689709
0.393273583412281,0.969013829217798,0.0806513702446254
0.393393396300856,0.969021381524603,0.0805811756853175
0.393511998958233,0.96903176594646,0.0805133720987545
0.393629633430652,0.969043566425842,0.080442160064125
0.393747025856832,0.969056310943576,0.0803725735763346
0.393866112606688,0.969065279307907,0.0803020337418101
0.393983747079107,0.969077079787289,0.0802346326045927
0.394101865644005,0.969088408247497,0.0801673257463565
0.394219984208903,0.969099264688529,0.0800965879571228
0.39433907095876,0.96910823305286,0.0800196797323651
0.394458883847335,0.96911625737884,0.0799526470525469
0.394577486504712,0.969126169781521,0.0798813327081058
0.394697541439526,0.969133250069151,0.0798075826688132
0.394816386143143,0.969143162471832,0.0797417215475941
0.394933778569323,0.96915543497039,0.0796735329008819
0.395050928949263,0.969168179488124,0.0796057461824078
0.395170983884077,0.969175731794928,0.0795343680505646
0.39528668198658,0.969191308427714,0.0794629659767895
0.395406010782676,0.969199804772869,0.079389885233957
0.395524855486293,0.96920971717555,0.0793196716707532
0.395641279727514,0.96922387775081,0.0792460050311702
0.395760124431131,0.969233318134316,0.0791751487741731
0.395879453227227,0.969242286498647,0.0791028555323443
0.395997571792125,0.969253142939679,0.0790281826433908
0.3961173846807,0.969260695246484,0.0789566561178914
0.396236713476796,0.969269663610815,0.0788825015253006
0.396356526365371,0.969277215917619,0.0788158901346123
0.396473192652832,0.969291376492879,0.0787469647694689
0.396592521448928,0.969299872838034,0.0786750509800338
0.396710882060065,0.969310257259891,0.0786111371503584
0.396829000624963,0.969321585720098,0.0785405925876241
0.396948813513538,0.969329138026903,0.0784724898686588
0.397068626402113,0.969336690333708,0.0784006943266577
0.397187229059491,0.969347074755565,0.0783235882969753
0.397306557855586,0.96935557110072,0.0782464279262126
0.397423950281766,0.969367843599278,0.0781706948426559
0.397543037031622,0.969377283982785,0.0780948066865678
0.397658735134125,0.96939286061557,0.0780276557389315
0.397775159375346,0.969407021190829,0.0779593706568023
0.397894730217682,0.969415517535984,0.0778923582886684
0.398015027198736,0.969422125804439,0.0778189694510203
0.398133871902353,0.969431566187945,0.0777516839689449
0.398251506374772,0.969443838686503,0.0776775643546994
0.398370109032149,0.969453751089184,0.0776064548932072
0.398487743504568,0.969465551568567,0.0775352935364494
0.398605620023227,0.96947735204795,0.0774656584117952
0.398725190865562,0.96948537637393,0.0773972972752131
0.398844277615419,0.969494344738261,0.0773260410812678
0.398965058688952,0.96950048098754,0.0772568103773262
0.399082451115131,0.969512753486098,0.0771773158423077
0.399202506049946,0.969519833773727,0.0771035009228412
0.399323045077239,0.969526442042182,0.0770343468293456
0.399441405688377,0.969536826464038,0.0769639403996904
0.399560492438233,0.969546266847544,0.0768949686916218
0.39967957918809,0.969555235211875,0.0768231745663437
0.399798423891707,0.969564675595381,0.0767482149308174
0.399916784502844,0.969575532036413,0.0766781882309444
0.400033692836545,0.969588748573322,0.0766080604803407
0.400152537540162,0.969598188956828,0.0765343986668029
0.400273076567455,0.969604797225282,0.0764642223828335
0.400390711039874,0.969616597704665,0.07639549604219
0.400509555743491,0.969626038088171,0.0763257503634887
0.400628884539587,0.969635006452502,0.0762563287363265
0.400747971289443,0.969643974816833,0.0761863369620688
0.40086681599306,0.969653415200339,0.076115456055586
0.40098372432676,0.969667103756423,0.0760405535298579
0.401099422429263,0.969682680389208,0.0759700364336684
0.401219235317838,0.969690232696013,0.0758986318920207
0.401337837975215,0.96970061711787,0.0758320706110802
0.401454746308916,0.969713833654778,0.0757609064029771
0.401573348966293,0.96972374605746,0.0756898840123963
0.401690741392473,0.969736490575193,0.0756173094358433
0.401809586096089,0.969745930958699,0.0755442463722457
0.401928914892185,0.969754427303855,0.0754767383666728
0.402048001642042,0.969763867687361,0.0754006370037541
0.402167330438138,0.969772364032516,0.0753238316390308
0.40228859560415,0.96977708422427,0.0752530867887672
0.402407440307767,0.969786996626951,0.0751787164589497
0.402526042965144,0.969796909029632,0.0751031181732916
0.402645855853719,0.969804933355613,0.0750353329966735
0.402764942603575,0.969813901719943,0.0749678937820191
0.402883787307192,0.96982334210345,0.0748949391898898
0.403002874057048,0.969832782486956,0.0748259994091893
0.403121234668186,0.969843166908812,0.0747586150170407
0.403239595279324,0.969853551330669,0.0746885581513081
0.403359650214138,0.969861103637474,0.0746196363783196
0.403478494917755,0.96987054402098,0.0745472401746189
0.403596855528893,0.969880928442837,0.0744709206231846
0.403716184324989,0.969889896807168,0.0743970867808961
0.403834302889887,0.9699007532482,0.0743214685774219
0.403952663501025,0.969911137670057,0.0742514179882141
0.404073444574558,0.969917273919336,0.0741769843670176
0.404192289278175,0.969926714302842,0.0741049886589556
0.404309923750594,0.969938514782224,0.0740292476586492
0.404429252546689,0.969947483146555,0.0739537992012734
0.404546887019109,0.969959283625938,0.0738818599391162
0.404664521491528,0.969971084105321,0.0738149683076385
0.404782155963947,0.969983356603879,0.0737405757771279
0.404903179083719,0.969988548814807,0.0736662630485576
0.405021055602378,0.969999877275014,0.0735955349041356
0.405140868490953,0.970007901600995,0.0735233508504867
0.40525971319457,0.970017341984501,0.0734549244371936
0.40537662152827,0.970030558521409,0.0733831351621077
0.405495708278127,0.970039998904916,0.0733094103635836
0.405613342750546,0.970051799384298,0.0732398781506589
0.405732429500402,0.970061239767804,0.0731705720530097
0.405851274204019,0.97007068015131,0.0730933110416593
0.405969876861396,0.970080592553992,0.0730226944853886
0.406089447703732,0.970089088899147,0.0729517092758276
0.406210228777265,0.970094753129251,0.0728797141928501
0.406328831434642,0.970104665531933,0.0728069453443654
0.406448160230738,0.970113633896263,0.0727358333387721
0.406566036749396,0.970124962356471,0.072662748451191
0.406684639406774,0.970134874759152,0.0725917895309957
0.406802757971672,0.97014620321936,0.072524093814132
0.406922812906486,0.970153283506989,0.0724500004610142
0.407041173517624,0.970163667928846,0.0723758251407027
0.407160018221241,0.970173580331527,0.0723016079395982
0.407276926554941,0.970186796868436,0.0722328631973292
0.4073948030736,0.970198125328643,0.072156412620773
0.407513163684738,0.970208981769675,0.0720845764785343
0.407630798157157,0.970220782249058,0.0720142673363146
0.407749400814534,0.97023069465174,0.0719430325106477
0.407868003471911,0.970241079073596,0.0718674611166719
0.407984185666893,0.970255711668031,0.0717965093655451
0.40810303037051,0.970265152051537,0.0717262036565106
0.40822018075045,0.970278368588446,0.0716545076923276
0.408339267500306,0.970287336952776,0.0715768081533651
0.408457628111444,0.970297721374633,0.0715077453608659
0.4085767148613,0.970307161758139,0.0714341112874697
0.408698222073552,0.970311409930717,0.0713577450798429
0.408818761100846,0.970318018199171,0.0712922023473992
0.408936395573265,0.970329818678554,0.0712254089747326
0.4090559664156,0.970337843004534,0.0711580427280083
0.409175295211696,0.970346811368865,0.071082252510227
0.409294624007792,0.970355307714021,0.071012936108265
0.40941298461893,0.970365692135877,0.0709317063572699
0.409531829322546,0.970375604538559,0.0708569660052328
0.409650916072403,0.97038457290289,0.0707881103165363
0.409770486914738,0.97039259722887,0.0707192381551977
0.409889331618355,0.970402509631551,0.0706470948774049
0.410005997905816,0.970416198187635,0.0705762058511791
0.41012653693311,0.970422334436914,0.0705018042494593
0.410247560052882,0.970427998667018,0.0704274502111479
0.41036592066402,0.970438383088875,0.0703533385507411
0.410485491506355,0.970446407414855,0.0702824588323669
0.410604336209972,0.970456319817536,0.0702133237713898
0.410723907052308,0.970464344143516,0.0701469015951861
0.410842751755924,0.970473784527023,0.0700762494711224
0.41096208055202,0.970482752891353,0.0700040877745661
0.411081167301877,0.970491721255684,0.0699293903168015
0.411199527913014,0.970502105677541,0.0698577255871632
0.411317888524152,0.970512962118573,0.0697883866488317
0.411436733227769,0.970522402502079,0.0697264864760985
0.411555819977625,0.97053137086641,0.0696541293263819
0.411673696496284,0.970543171345793,0.0695842797806386
0.411791573014942,0.970554499806,0.0695124379790509
0.411912596134715,0.970560164036104,0.0694464955480827
0.412030472653374,0.970571492496311,0.0693737431357054
0.41214980144947,0.970579988841467,0.0692983662682687
0.412269130245566,0.970588957205798,0.0692317112588973
0.412388216995422,0.970597925570128,0.0691612415420361
0.412505851467841,0.970609726049511,0.0690905366715274
0.412626390495135,0.970616334317965,0.0690213288684784
0.412746445429949,0.970623414605595,0.0689510646684208
0.412865774226045,0.97063191095075,0.0688828723789852
0.412986071207099,0.97063899123838,0.0688109479512606
0.413105400003195,0.970647487583536,0.0687390521660082
0.413224002660572,0.970657399986217,0.0686690196204052
0.41334212122547,0.970668728446424,0.0685972828069912
0.413459997744129,0.970680056906632,0.0685207621624976
0.413578600401506,0.970689969309313,0.0684565034342235
0.413697687151363,0.970699409692819,0.0683830881315188
0.413816531854979,0.970708850076325,0.0683059181349333
0.413936102697315,0.970716874402306,0.0682358776226171
0.414054947400932,0.970726786804987,0.0681659453207587
0.414173308012069,0.970737171226844,0.0680915950192578
0.414291910669447,0.970747083629525,0.068021550815964
0.414412207650501,0.970754163917155,0.0679473530212378
0.414530326215399,0.970765020358187,0.0678719374161214
0.414648202734058,0.970776348818394,0.0678027073163906
0.414764869021518,0.970790509393654,0.0677314773140365
0.41488129326274,0.970804669968913,0.0676632336334577
0.415000137966357,0.970814582371594,0.0675897950531371
0.415118256531255,0.970825438812626,0.0675176845933446
0.415237585327351,0.970833935157782,0.067446685544322
0.41535521979977,0.97084620765634,0.067378111556714
0.415471886087231,0.970859896212424,0.0673034225209525
0.415591698975806,0.970867448519229,0.067232286821334
0.415709817540704,0.970878776979436,0.0671561957649823
0.415827694059362,0.970890105439643,0.0670848677691762
0.41594629671674,0.970900017842325,0.0670057444113062
0.416063931189159,0.970912290340883,0.0669336996119396
0.416183017939015,0.970921258705214,0.0668626377346797
0.41630283082759,0.970928811012019,0.066788508069413
0.416421191438728,0.970939667453051,0.0667145083179622
0.416539310003626,0.970950523894083,0.0666422221111105
0.416657186522284,0.97096185235429,0.0665672828514884
0.41677675736462,0.970970348699446,0.066493425835869
0.416896328206955,0.970978373025426,0.0664181653848507
0.417014930864333,0.970988285428107,0.0663434862842022
0.417134985799147,0.970995837734912,0.06627132270132
0.417252862317806,0.97100716619512,0.0661961356795104
0.417371707021423,0.971016606578626,0.0661297097100765
0.417491035817518,0.971025574942956,0.0660548874610398
0.417608428243698,0.971037847441514,0.0659820672283088
0.417728241132273,0.971045399748319,0.0659100164607417
0.417847811974608,0.971053896093475,0.065839956373348
0.417966414631986,0.971063808496156,0.0657679352991212
0.418088163890477,0.971068056668734,0.0656865873214436
0.418208218825292,0.971075136956364,0.0656191023113745
0.418325853297711,0.971086937435746,0.0655434723290912
0.418444455955088,0.971097321857603,0.0654643990969927
0.418563058612465,0.971107234260285,0.0653915476721831
0.418683355593519,0.971113842528739,0.0653179152865153
0.418802684389615,0.97112281089307,0.0652427334950409
0.418921529093232,0.971132251276576,0.0651725922803524
0.419040373796849,0.971141691660082,0.0650943066783916
0.419158734407986,0.971152548101114,0.0650253865654024
0.41927903138904,0.971159156369568,0.0649581520922298
0.41939618176898,0.971171900887302,0.064888945936755
0.419514784426358,0.971182285309158,0.0648145869655385
0.419634113222454,0.971190781654314,0.0647439974781105
0.419753442018549,0.971199277999469,0.0646751505507814
0.419869866259771,0.971213910593904,0.064605380019242
0.419987742778429,0.971225239054111,0.0645359463949599
0.420108039759484,0.971231847322566,0.0644583095899747
0.420227368555579,0.971240815686896,0.0643864351830236
0.420346213259196,0.971250256070403,0.0643137788096055
0.420462879546657,0.971263944626486,0.0642425360109222
0.420581724250274,0.971273857029168,0.0641757782119115
0.42070081100013,0.971282825393499,0.0641003695537606
0.420820139796226,0.971291321738654,0.0640217904182421
0.420939468592322,0.971300290102985,0.0639497885133281
0.421057345110981,0.971311618563192,0.0638803230182508
0.421173769352202,0.971326251157627,0.063807850028988
0.42129212996334,0.971336635579484,0.063734702683743
0.421410006481998,0.971347964039691,0.0636617875108149
0.421527156861938,0.9713611805766,0.0635952998015532
0.421645759519316,0.971371092979281,0.0635224729163493
0.421763151945495,0.971383365477839,0.0634484796958374
0.421880786417914,0.971395637976397,0.0633737235213148
0.422000599306489,0.971403190283202,0.06330187687226
0.422119201963866,0.971413102685884,0.0632319917071368
0.422236594390046,0.971425847203617,0.0631540837017898
0.422354228862465,0.971437647682999,0.0630772342650324
0.422473315612321,0.97144661604733,0.0630065892340349
0.422593612593375,0.97145369633496,0.0629383150901314
0.422713183435711,0.97146172066094,0.0628623126131672
0.422832512231807,0.971470217006096,0.0627892497393884
0.422950872842944,0.971481073447128,0.0627177475836289
0.423068991407843,0.97149192988816,0.0626439523090787
0.423186625880262,0.971503730367542,0.0625709385785482
0.423302323982764,0.971519779019503,0.0624973363069584
0.423419958455183,0.971531579498886,0.0624286281869526
0.423538561112561,0.971541491901567,0.0623531611793078
0.423654501261303,0.971557068534352,0.0622823767611549
0.423773588011159,0.971566036898683,0.0622040793507275
0.423892190668537,0.971575949301364,0.0621302687142562
0.424010551279674,0.971586805742397,0.0620512796045218
0.424127217567135,0.97160049429848,0.0619747142603232
0.424243157715877,0.971616070931266,0.061899580300527
0.424360308095817,0.971628815448999,0.0618222040941045
0.424478184614476,0.971640143909206,0.0617487385763682
0.424596545225614,0.971651000350238,0.0616763848205872
0.424715389929231,0.971660440733744,0.0616022159789293
0.424831572124212,0.971675073328179,0.0615276186413783
0.424948722504152,0.971688289865087,0.061451623055609
0.425065146745374,0.971702450440347,0.0613815009166493
0.42518423349523,0.971711418804677,0.0613088796663633
0.425303078198847,0.971721331207359,0.0612381993224632
0.425422406994943,0.971729827552514,0.0611660023781361
0.425540525559841,0.971740683993547,0.0610900536677704
0.42565791798602,0.97175342851128,0.0610176309580187
0.425775794504679,0.971764756971487,0.0609454018487849
0.425895123300775,0.971773253316643,0.0608747728334768
0.426012757773194,0.971785525815201,0.0608072014105954
0.426130634291853,0.971796854275408,0.0607346313483649
0.426250205134188,0.971804878601388,0.0606608515807074
0.426368807791565,0.971815263023245,0.0605844365967919
0.426488378633901,0.971823287349225,0.0605063511594749
0.426607949476236,0.971831311675206,0.0604338336838243
0.426726552133613,0.971841696097062,0.0603649877654495
0.42684539683723,0.971851136480568,0.0602902848536348
0.426965451772045,0.971858216768198,0.0602134551360795
0.427084538521901,0.971867657151704,0.0601349856481076
0.427203625271757,0.971876625516035,0.0600643986006571
0.427321985882895,0.971887481957067,0.0599863907115912
0.427439620355314,0.97189928243645,0.0599155504945252
0.427558223012691,0.971909194839131,0.0598374486074351
0.42767634157759,0.971920523299339,0.0597644835826944
0.427794218096248,0.971931851759546,0.0596905496416998
0.427911126429949,0.971945068296454,0.0596153039275153
0.428029729087326,0.971955452718311,0.0595387534876144
0.428149541975901,0.971963005025116,0.0594689668257501
0.428266692355841,0.971975749542849,0.0593974912526126
0.428384568874499,0.971987550022232,0.0593244595846545
0.428502929485637,0.971997934444089,0.0592531490119023
0.428621774189254,0.972007374827595,0.0591810705464082
0.42874086093911,0.972016815211101,0.0591018263965571
0.428858979504009,0.972027671652133,0.0590339020147163
0.428976613976428,0.972039472131516,0.0589627202031915
0.429094974587565,0.972050328572548,0.0588894989979647
0.429212851106224,0.972061657032755,0.0588157765929219
0.429330727624883,0.972072985492963,0.0587421771694928
0.429450298467218,0.972081481838118,0.0586660795592255
0.429567448847158,0.972094226355852,0.0585905383230442
0.429685567412056,0.972105082796884,0.0585145566656791
0.429803201884475,0.972117355295442,0.0584420204348274
0.42992325681929,0.972124435583071,0.0583633223989426
0.430043553800344,0.972131043851525,0.0582887714639104
0.430161672365242,0.972142372311733,0.0582128726700317
0.430280759115098,0.972151340676064,0.058142751110992
0.430400087911194,0.972160309040394,0.0580629444764671
0.430517964429853,0.972171637500602,0.057990358215938
0.430635356856032,0.97218390999916,0.0579147920813197
0.430752749282212,0.972196654516893,0.0578365897796537
0.430873288309505,0.972202790766172,0.057763480690801
0.430991406874404,0.972213647207204,0.0576891128850711
0.431111703855458,0.972220727494834,0.0576159302997952
0.431230306512835,0.972230639897515,0.0575415035707628
0.431347940985254,0.972242440376898,0.0574656199154883
0.431465091365194,0.972255656913806,0.0573905632348613
0.431585388346248,0.972262265182261,0.0573200339799392
0.431705927373542,0.97226840143154,0.0572468006368879
0.431823319799721,0.972281145949273,0.0571781052300957
0.431942164503338,0.972290586332779,0.0571071810856594
0.432061009206955,0.972300026716285,0.0570345825993044
0.432180338003051,0.972308995080616,0.0569621105532602
0.432299182706668,0.972318435464122,0.0568892351644522
0.432419237641482,0.972325515751752,0.0568143741369986
0.432538082345099,0.972335428154433,0.0567396327428639
0.432657411141195,0.972343924499589,0.0566705657878936
0.432775771752333,0.972354308921446,0.0565972424673331
0.432892195993554,0.97236894151588,0.0565248685199276
0.433012977067087,0.972374605745984,0.0564521652611668
0.433131579724464,0.972384518148665,0.0563786597242839
0.433250666474321,0.972393958532171,0.0563115456987311
0.433370237316656,0.972401982858152,0.0562414099022129
0.433488839974033,0.972412367280008,0.056163864452422
0.433606716492692,0.972423695740216,0.0560936181129308
0.433724593011351,0.972435024200423,0.056024407074541
0.433844163853686,0.972443520545579,0.055957187668206
0.4339642187885,0.972450600833208,0.055883947040094
0.43408185326092,0.972462401312591,0.055814094553864
0.434201182057015,0.972471369676922,0.0557430306238661
0.434320510853111,0.972479866022077,0.0556712788119016
0.43443838737177,0.972491194482285,0.0556016154286115
0.434557232075387,0.972501106884966,0.0555240044824145
0.434676076779004,0.972510547268472,0.0554532833131157
0.43479492148262,0.972519987651978,0.0553779236595526
0.434913766186237,0.97252990005466,0.0553061681282589
0.435032368843614,0.972539812457341,0.0552296911103156
0.435150971500992,0.972549724860023,0.0551546916094021
0.435269574158369,0.972560109281879,0.0550871213259046
0.435388176815746,0.972570021684561,0.0550132589007503
0.435507989704321,0.972577573991366,0.0549347754208773
0.435628044639136,0.972585126298171,0.0548659556491706
0.435746889342752,0.972594566681677,0.0547921764405697
0.435866944277567,0.972601646969307,0.0547212478939056
0.435985546934944,0.972612031391163,0.0546454638854468
0.43610511777728,0.972620055717143,0.0545708379122563
0.436224930665855,0.972627608023948,0.0544997124758466
0.436344259461951,0.972636576388279,0.0544270515572851
0.436463346211807,0.97264554475261,0.0543508982277974
0.436583401146621,0.972653097059415,0.0542752268149361
0.436703456081436,0.972660177347045,0.0542005318237357
0.436821332600095,0.972671505807252,0.0541292111153117
0.436941387534909,0.972679058114057,0.0540612553400286
0.43705829586861,0.972692274650965,0.0539841536396021
0.43717544624855,0.972705019168699,0.0539155384087678
0.437294048905927,0.972715403590555,0.0538432000160012
0.437413861794502,0.97272295589736,0.0537785386879669
0.437533190590598,0.972731452242516,0.0537048886350756
0.437651793247975,0.972741836664373,0.0536314775755553
0.437769911812873,0.972752693105405,0.0535574901721846
0.437888030377771,0.972763549546437,0.0534853339692448
0.438007843266346,0.972771573872417,0.0534138160722072
0.438124509553807,0.972785262428501,0.0533413213621468
0.438243596303663,0.972794230792832,0.0532621835947388
0.438364135330957,0.972800839061286,0.0531875547521977
0.438483948219532,0.972808391368091,0.0531135872567101
0.438602792923149,0.972817831751597,0.0530425263657988
0.438721879673005,0.972827272135103,0.0529719492368629
0.438842660746538,0.972832936365207,0.0529025597715691
0.438960537265197,0.972844264825414,0.0528326772022419
0.439081802431209,0.972849457036343,0.0527584594220227
0.439200163042347,0.972859841458199,0.0526866172448363
0.439320217977161,0.972866921745829,0.0526109673835438
0.439440030865736,0.972874946071809,0.0525344746115804
0.439559601708072,0.972882970397789,0.0524645898379077
0.439679172550407,0.972891466742945,0.0523955198568783
0.439795596791629,0.972905627318204,0.0523243052557905
0.439913957402766,0.972916011740061,0.0522502389419318
0.440032802106383,0.972925924142742,0.052181452137203
0.44015140476376,0.972935836545424,0.0521105408735564
0.440269523328659,0.972946692986456,0.0520363974609284
0.440388368032275,0.972956605389137,0.0519584042519334
0.440507696828371,0.972965101734293,0.0518834863470887
0.440627267670707,0.972973126060273,0.0518057044021786
0.440746838513042,0.972981622405429,0.051732369463223
0.440865683216659,0.972991062788935,0.0516566557459477
0.440985254058994,0.972999087114915,0.0515850199073203
0.441102646485174,0.973011831632648,0.0515125789632834
0.441220523003833,0.973023160092856,0.051437996938678
0.44133888361497,0.973033544514712,0.0513603837776959
0.441457244226108,0.973044400955744,0.051285774604445
0.441574394606048,0.973057145473478,0.0512118073541245
0.44169057680103,0.973071778067912,0.0511413194798264
0.441808695365928,0.97308310652812,0.0510740410340758
0.441928508254503,0.973090658834925,0.0510049382195954
0.44204711091188,0.973100571237606,0.0509265354082611
0.442167891985413,0.973106707486885,0.050856909329158
0.442286010550311,0.973117563927917,0.0507815467386321
0.442404613207689,0.973127476330598,0.0507122049612606
0.442523942003785,0.973136444694929,0.0506342190845095
0.442643270799881,0.973144941040085,0.0505588123390301
0.442762599595976,0.973153909404416,0.0504836941962792
0.442882654530791,0.973160989692045,0.0504138567873116
0.443001499234408,0.973170430075551,0.0503346805160133
0.443118649614348,0.97318364661246,0.0502624596577084
0.443237736364204,0.973192614976791,0.0501867015448143
0.443356581067821,0.973202055360297,0.0501141941208521
0.443476151910156,0.973210551705452,0.0500437727454266
0.443594996613773,0.973219992088959,0.0499682371465873
0.443716019733546,0.973225184299887,0.049897138797752
0.443836558760839,0.973231792568341,0.0498218955603466
0.443956371649414,0.973239344875146,0.0497499771375438
0.444073279983115,0.973252561412055,0.0496798969023807
0.444192608779211,0.973261529776386,0.0496014174067627
0.444310485297869,0.973272858236593,0.0495262473505295
0.444429087955247,0.973282770639274,0.0494500301523332
0.444547448566384,0.973293627080307,0.0493725854373557
0.444667745547438,0.973300235348761,0.0493013150268507
0.444786590251055,0.973309675732267,0.0492207336077218
0.444905434954672,0.973319588134948,0.0491461355820373
0.44502379556581,0.973329972556805,0.0490688598661079
0.445141187991989,0.973342245055363,0.0489955880115985
0.445260274741846,0.973351685438869,0.0489250526545199
0.445378393306744,0.973362541879901,0.0488532587459645
0.445496753917881,0.973372926301758,0.0487786875296986
0.445615840667738,0.973382366685264,0.0487095559907954
0.445735895602552,0.973389446972894,0.0486344858918886
0.445857886907283,0.973393223126296,0.0485633620177365
0.445975763425942,0.973404551586504,0.0484882602058288
0.446094850175798,0.973413519950834,0.0484156073198683
0.446212726694457,0.973425320430217,0.0483414320314027
0.446331329351834,0.973435232832899,0.0482695207411863
0.446451868379128,0.973441369082178,0.0481943254449813
0.446570955128984,0.973450809465684,0.0481193155438305
0.446688831647643,0.973462137925891,0.0480480118765018
0.44680719225878,0.973472522347748,0.0479749416340799
0.446927005147355,0.973480546673728,0.0478986778950981
0.447045607804733,0.97349045907641,0.0478258126372259
0.447165178647068,0.97349848340239,0.047754802736769
0.447282813119487,0.973510755900948,0.0476818831299296
0.447401173730625,0.973521140322804,0.0476062508902023
0.447520018434242,0.973530580706311,0.0475386817753713
0.447639831322817,0.973538605032291,0.0474685657504192
0.447758918072673,0.973547573396622,0.0473970039802968
0.447878973007487,0.973554653684251,0.0473230031828423
0.447997333618625,0.973565510125283,0.04724998822175
0.448115452183523,0.973576366566315,0.04717518113036
0.448235023025859,0.973584390892296,0.0471002431867687
0.448353867729476,0.973594303294977,0.0470222948667008
0.448471744248134,0.973605631755184,0.0469480986757812
0.448590588951751,0.973615072138691,0.0468734379345509
0.448710401840326,0.973623096464671,0.0467982813539447
0.448826826081547,0.97363725703993,0.0467201701397605
0.448945670785164,0.973647169442611,0.0466440283916676
0.449065483673739,0.973654721749416,0.0465665764928445
0.449185780654793,0.973661330017871,0.0464967288958323
0.44930486740465,0.973670770401377,0.0464256042992571
0.449424438246985,0.973678794727357,0.0463541272524735
0.449542798858123,0.973689179149214,0.0462839087963116
0.449662369700458,0.973697675494369,0.0462004032825309
0.449781698496554,0.973706171839525,0.0461287718658411
0.449901511385129,0.97371372414633,0.0460561117031372
0.450020114042506,0.973724108568186,0.0459848342132952
0.45014041102356,0.973730716836641,0.0459099198650071
0.450258045495979,0.973742517316023,0.0458371449605049
0.450375922014638,0.973754317795406,0.0457571134793417
0.450495008764494,0.973763286159737,0.0456861829317231
0.450613611421872,0.973773198562418,0.0456125254877489
0.45073148794053,0.973784999041801,0.0455344985996759
0.450850816736626,0.973793495386957,0.045462423031051
0.450970871671441,0.973800575674586,0.045381854430995
0.451089958421297,0.973810016058092,0.0453119505095111
0.451208076986195,0.973820872499124,0.0452402087633361
0.451327163736051,0.973829840863455,0.0451666697549555
0.451447460717106,0.973836921151085,0.0450912083815307
0.45156751565192,0.973844001438714,0.0450185954555696
0.451687570586735,0.973851081726344,0.0449466082601964
0.45180714142907,0.9738595780715,0.0448685673952237
0.451927196363885,0.973866658359129,0.0447952281334964
0.452047493344939,0.973873738646759,0.0447171109207625
0.452168274418472,0.973879402876862,0.0446424645793222
0.452287845260807,0.973887427202843,0.0445722950391859
0.452407174056903,0.973896395567174,0.044496599636568
0.452525534668041,0.97390677998903,0.0444288987538593
0.452645347556616,0.973914332295835,0.044354876650367
0.452763950213993,0.973924716717692,0.0442814311195269
0.452880858547693,0.973937933254601,0.0442089301389821
0.452998977112592,0.973948789695633,0.0441379757075386
0.453117821816208,0.973958702098314,0.0440618783343401
0.453237392658544,0.973966726424294,0.0439849475328842
0.453355027130963,0.973978526903677,0.0439140824608781
0.453474840019538,0.973986551229657,0.0438368225719646
0.453593926769394,0.973995519593988,0.0437686874406609
0.453711803288053,0.974006848054195,0.0436933194462255
0.453832100269107,0.974013928341825,0.0436156146582597
0.453952397250161,0.974020536610279,0.0435364826161473
0.45407027376882,0.974031865070487,0.0434622366832532
0.454189844611155,0.974040361415642,0.0433893005615165
0.454308931361011,0.974049329779973,0.0433166648884471
0.454426081740951,0.974062074297706,0.0432441577881306
0.454545652583287,0.974070570642862,0.043167898131187
0.45466643365682,0.974076234872965,0.0430945752515233
0.454785036314197,0.974086147275647,0.0430108705354537
0.454904849202772,0.974094171601627,0.0429373685078839
0.45502320981391,0.974104556023484,0.0428638264581624
0.455143022702485,0.974112580349464,0.0427883735560033
0.455260899221144,0.974123908809671,0.0427084725666402
0.455378049601084,0.974136653327405,0.04263722167562
0.455496410212221,0.974147509768437,0.0425646149604749
0.455615496962078,0.974156478132768,0.0424932846898927
0.455734099619455,0.974166390535449,0.0424217036364929
0.455853186369311,0.974175830918955,0.0423507342917138
0.455971789026689,0.974185743321637,0.0422751721382193
0.456090875776545,0.974194711685967,0.0422029458914998
0.456210204572641,0.974203680050298,0.0421272045729671
0.456328565183778,0.974214064472155,0.0420523903306171
0.456446441702437,0.974225392932362,0.0419795210257526
0.456566254591012,0.974233417258343,0.0419103938012551
0.456683162924713,0.974246633795251,0.0418413076785497
0.456801039443371,0.974257962255459,0.0417708106396498
0.456921578470665,0.974264570523913,0.0416949058367154
0.457040423174282,0.974274010907419,0.041619642341314
0.457158783785419,0.974284395329276,0.0415466230572775
0.457277386442796,0.974294779751133,0.0414740041058789
0.457396231146413,0.974304220134639,0.0413968971858063
0.457513139480114,0.974317436671547,0.0413217373430548
0.457630773952533,0.974329709170105,0.0412502582828632
0.457749860702389,0.974338677534436,0.0411775387732992
0.457871125868401,0.974343397726189,0.0410979573627159
0.457990696710737,0.974351894071345,0.0410290616953962
0.45811123573803,0.974358030320624,0.0409493789577756
0.458230322487887,0.97436747070413,0.0408741365777802
0.458349893330222,0.97437549503011,0.0407993305895897
0.45846801189512,0.974386351471142,0.040724112307339
0.458589277061133,0.974391543682071,0.0406537782487552
0.45870763767227,0.974401928103927,0.0405815492889122
0.458825272144689,0.97441372858331,0.040508166379369
0.458943148663348,0.974425529062693,0.0404357241358398
0.459062961551923,0.974433081369498,0.040357560202231
0.459182048301779,0.974442049733828,0.0402777706401985
0.459301135051636,0.974451490117335,0.0402048891446288
0.459420221801492,0.974460458481665,0.0401306567172398
0.459539066505109,0.974469898865172,0.0400533895744849
0.459656943023767,0.974481699344554,0.0399820497872365
0.459775787727384,0.97449113972806,0.0399117263952264
0.459894390384762,0.974501052130742,0.0398376040445135
0.460011298718462,0.974514740686826,0.0397670802427975
0.4601296593296,0.974525125108682,0.0396879831956164
0.460248746079456,0.974534093473013,0.0396173850753427
0.460368316921791,0.974542589818169,0.0395419719144286
0.460487645717887,0.974551086163324,0.0394649232856661
0.460606732467744,0.974560054527655,0.0393918961896746
0.460724851032642,0.974571382987863,0.039314286362106
0.460844421874977,0.974579407313843,0.0392452223045024
0.460961330208678,0.974593095869927,0.0391714000635986
0.461080659004774,0.974601592215082,0.0391009226422042
0.461200229847109,0.974609616541062,0.0390339434800091
0.461318590458247,0.974620472982094,0.0389563868905644
0.461439855624259,0.974625193173848,0.0388800977961838
0.461557732142918,0.974636521634055,0.038808098156366
0.461676092754055,0.974647378075087,0.0387367533774989
0.46179614768887,0.974654458362717,0.0386630261672579
0.461914508300008,0.974664842784573,0.0385912172827438
0.462032626864906,0.974676171244781,0.0385159241067711
0.462151955661002,0.974684667589936,0.0384421286657928
0.462271042410858,0.974693635954267,0.0383682029251502
0.462390371206954,0.974702604318598,0.0382948065919201
0.462508489771852,0.97471346075963,0.0382217266105886
0.46262685038299,0.974723845181487,0.0381439183033248
0.462745453040367,0.974734229603343,0.0380703700950324
0.462864539790223,0.974743197967674,0.0379984743767642
0.462984352678798,0.974750750274479,0.03792345609711
0.463103197382415,0.974760662677161,0.0378480926810629
0.463221800039792,0.974770575079842,0.0377729762670833
0.46334040269717,0.974780487482523,0.0377006395514452
0.463459489447026,0.97478992786603,0.0376283484580676
0.463578818243122,0.974798424211185,0.0375555981983476
0.463698389085457,0.974806448537165,0.0374799855498414
0.463817959927793,0.974814944882321,0.0373978859251906
0.463937772816368,0.974822497189126,0.0373201263431122
0.464056617519985,0.974832409591807,0.0372426138019176
0.464174494038643,0.974843738052015,0.0371744076380564
0.4642935807885,0.974852706416345,0.0371043920955467
0.464412667538356,0.974862146799852,0.037030959217856
0.464531512241973,0.974871587183358,0.0369569269508627
0.464652051269266,0.974877723432637,0.036882780858971
0.464772106204081,0.974885275739442,0.0368113974675773
0.464890950907698,0.974894716122948,0.0367437565594838
0.465010037657554,0.974903684487279,0.0366697223529254
0.465129850546129,0.974911708813259,0.036592714124792
0.465249179342225,0.974920205158414,0.0365161140591749
0.465367055860883,0.974931533618622,0.0364375732182011
0.46548614261074,0.974940974002128,0.0363610063019227
0.465604019129398,0.974952302462335,0.0362843304581627
0.465724074064213,0.974959382749965,0.0362103283160154
0.465843402860309,0.974968351114296,0.0361388078658221
0.465961763471447,0.974978735536152,0.0360635080385446
0.466080366128824,0.974988647938834,0.0359849313119829
0.46619945287868,0.97499808832234,0.0359100822068507
0.466318539628536,0.975007056686671,0.0358311570640986
0.466436658193435,0.975017913127703,0.0357574882713743
0.466553082434656,0.975032545722137,0.0356871379922112
0.466672411230752,0.975041042067293,0.0356164372151193
0.466791255934369,0.975050482450799,0.0355414206621104
0.46690768017559,0.975065115045234,0.0354743557943907
0.467027493064165,0.975072667352038,0.0354012532363188
0.467146579814021,0.975082107735545,0.0353229154461118
0.467265908610117,0.9750906040807,0.0352469921612687
0.467384027175015,0.975101460521732,0.0351742479166916
0.46750384006359,0.975109484847712,0.0350951131069718
0.467624137044644,0.975116093116167,0.0350220562980764
0.467742013563303,0.975127421576374,0.034951159401635
0.467860132128201,0.975138750036581,0.0348795151421405
0.467977282508141,0.975151494554315,0.0348045057435521
0.468095643119279,0.975161878976172,0.0347303528045891
0.468216424192812,0.97516801522545,0.0346548822366953
0.46833454275771,0.975178871666483,0.0345780719051049
0.468453145415088,0.975188784069164,0.0345020634159629
0.468570779887507,0.975201056567722,0.0344225577446621
0.468689624591123,0.975210496951228,0.0343496121161604
0.46880871134098,0.975219465315559,0.0342777780344788
0.468926829905878,0.975230793775766,0.034205439112967
0.469045916655734,0.975239762140097,0.0341356830799572
0.469166213636788,0.975246370408551,0.0340581665541818
0.469285300386645,0.975255810792058,0.0339920898873574
0.469405839413938,0.975261947041337,0.0339199619286672
0.469523715932597,0.975273275501544,0.0338507397201255
0.469640866312537,0.975286492038453,0.0337787271214792
0.469760437154872,0.975294516364433,0.0337037200638526
0.469880976182166,0.975300652613712,0.0336287616544411
0.470001757255699,0.975306788862991,0.0335503739142496
0.4701186655894,0.975320005399899,0.033475407321035
0.470238478477975,0.97532802972588,0.0334008166636275
0.470356839089112,0.975338414147736,0.0333261749095588
0.470475441746489,0.975348326550418,0.0332535803730351
0.470596222820023,0.975354462799697,0.0331808571317413
0.470715067523639,0.975363903183203,0.0331029273911769
0.470834880412214,0.975371455490008,0.0330326530547214
0.470952272838394,0.975384200007741,0.0329623143023104
0.471072327773209,0.975391280295371,0.032882751553443
0.471192624754263,0.975397888563825,0.0328142779873015
0.471313889920275,0.975403080774753,0.0327413875034803
0.471431766438933,0.975414409234961,0.0326663338975303
0.471551337281269,0.975422433560941,0.0325977578305111
0.471671392216083,0.975429985867746,0.0325249281769517
0.471792173289617,0.97543565009785,0.0324510048095906
0.47191271231691,0.975441786347129,0.0323771319762473
0.472033009297964,0.975448866634758,0.0323063057338739
0.47215233809406,0.975457362979914,0.0322360179582156
0.472269972566479,0.975469163459296,0.0321582364574992
0.472388817270096,0.975479075861978,0.0320845662589477
0.472506935834994,0.97548993230301,0.0320067664161018
0.472625054399892,0.975500788744042,0.0319339542895214
0.47274341501103,0.975511645185074,0.0318670118146965
0.472862985853366,0.975519669511054,0.0317927769014978
0.47298279874194,0.975527221817859,0.031722349334976
0.473103821861713,0.975532886047963,0.0316470497409858
0.473222182472851,0.97554327046982,0.0315692588026792
0.473341511268947,0.97555223883415,0.0314870708751775
0.473460598018803,0.975561207198481,0.0314127044919112
0.473579684768659,0.975570175562812,0.0313374219648423
0.473700223795953,0.975576783831266,0.0312645368993306
0.473819552592049,0.975585280176422,0.0311931790740518
0.473938639341905,0.975594248540753,0.0311142784265588
0.474058936322959,0.975601328828382,0.0310446893626901
0.474177054887858,0.975612185269414,0.0309694092885778
0.474295415498995,0.975622569691271,0.0308962292127565
0.47441547043381,0.975630121998076,0.0308213352951466
0.474535283322385,0.975637674304881,0.0307390747594966
0.474653885979762,0.975647586707562,0.0306687955086593
0.474773698868337,0.975655611033543,0.0305981000373981
0.474893027664433,0.975664107378698,0.0305197231187002
0.47501187236805,0.975673547762204,0.0304407590037005
0.475129748886708,0.975685348241587,0.0303728189438729
0.475248593590325,0.975694788625093,0.0303003600878904
0.475369858756337,0.975699508816846,0.0302269226514145
0.475488703459954,0.975709421219528,0.030151309061159
0.475607548163571,0.975718861603034,0.0300711579035193
0.475728087190865,0.975724997852313,0.0299991341080667
0.4758476580332,0.975733494197468,0.0299263393678897
0.475967470921775,0.975741046504273,0.0298544547524604
0.476089220180266,0.975744822657676,0.0297796117356327
0.476208306930123,0.975754263041182,0.0297022241955244
0.476328361864937,0.975761343328811,0.0296300319019897
0.47644962703095,0.97576653553974,0.0295541705905273
0.476567745595848,0.975777391980772,0.0294802422617899
0.476686590299464,0.975786832364278,0.0294044421923964
0.476805192956842,0.975797216786135,0.0293271684576623
0.476923553567979,0.975807601207991,0.0292522257451844
0.477041914179117,0.975817985629848,0.029176699543137
0.477157128189141,0.975834978320159,0.0291022023598086
0.477276214938997,0.97584394668449,0.0290323169579754
0.477394575550135,0.975854331106347,0.0289641093324399
0.477513904346231,0.975863299470678,0.028890666479557
0.477632507003608,0.975873211873359,0.0288108013462952
0.477750867614746,0.975883596295216,0.0287359640624198
0.477870196410842,0.975892564659547,0.0286597056885594
0.477988557021979,0.975902949081404,0.0285827508356327
0.478108611956794,0.975910029369033,0.0285092038613303
0.478226730521692,0.97592135782924,0.028439437083181
0.478343396809153,0.975935046385324,0.0283627720772634
0.478461031281572,0.975946846864707,0.0282864859471716
0.478579875985189,0.975956759267388,0.0282084776209797
0.478698236596326,0.975967143689245,0.0281345055236661
0.478817323346183,0.975976112053576,0.0280586230049695
0.478935441911081,0.975987440513783,0.0279861181966392
0.479054044568458,0.975997352916465,0.0279107737941771
0.479171436994638,0.976009625415023,0.027836671733147
0.479289797605775,0.976020481856055,0.0277630039915748
0.479408884355632,0.976029450220386,0.0276928423507263
0.479528455197967,0.976037946565541,0.0276228520480256
0.479647541947824,0.976046914929872,0.0275476070387929
0.479767354836399,0.976054467236677,0.0274755577273158
0.479886441586255,0.976063907620183,0.0274015449559256
0.480005286289872,0.976073348003689,0.0273251220143263
0.480124857132207,0.97608137232967,0.0272540115340549
0.480244427974543,0.976089868674825,0.0271797162570743
0.480362062446962,0.976101669154208,0.027103439852544
0.480480907150578,0.976111109537714,0.0270364260427739
0.480600477992914,0.976119605882869,0.0269591300137499
0.48071980678901,0.976128102228025,0.0268824702554621
0.480839619677585,0.97613565453483,0.0268085288068741
0.48095919051992,0.976144150879985,0.0267369549426562
0.481078761362256,0.976152175205966,0.0266627051217308
0.48119881629707,0.976159255493595,0.0265891980240996
0.481319597370603,0.976165391742874,0.026515446010451
0.481436263658064,0.976179080298958,0.0264418445836974
0.481554140176723,0.976190408759165,0.0263684257352105
0.481673711019058,0.976198905104321,0.0262906728723697
0.481791345491477,0.976210705583704,0.0262148907207049
0.481909948148855,0.976220617986385,0.0261397941045868
0.482027340575034,0.976233362504118,0.0260618336941701
0.482147879602328,0.976239498753397,0.0259897683259902
0.482267208398424,0.976247995098553,0.0259186520987582
0.482388231518196,0.976253659328657,0.0258475521711387
0.482506350083094,0.976264515769689,0.0257738531756556
0.482626405017909,0.976272068076494,0.0257005822425436
0.482745975860244,0.976280092402474,0.0256266830468804
0.482863852378903,0.976291420862681,0.0255508970945602
0.482984875498676,0.976297085092785,0.0254809249445395
0.483104688387251,0.97630463739959,0.0254074862859617
0.483223533090868,0.976314077783096,0.0253336464985587
0.483341893702005,0.976324934224128,0.025261475161687
0.483460496359382,0.976334846626809,0.0251892496872109
0.483578130831802,0.976346647106192,0.0251126949236842
0.483696975535418,0.976356559508873,0.0250404051967472
0.483816788423993,0.976364111815678,0.0249653092593731
0.48393563312761,0.976373552199185,0.0248876839029859
0.484055688062425,0.976381104505989,0.0248190683693557
0.484173806627323,0.976391960947022,0.024747527411761
0.484292167238461,0.976402345368878,0.0246776277246769
0.484411496034556,0.976411313733209,0.0245962502177603
0.484528888460736,0.976423586231767,0.0245216129333976
0.484650153626748,0.97642830642352,0.0244488307153428
0.484769724469084,0.976436802768676,0.0243745871783873
0.484889537357659,0.976444355075481,0.0243016036272315
0.485008624107515,0.976453323439811,0.024230616814327
0.485126984718653,0.976464179880843,0.0241516795603478
0.48524582942227,0.97647362026435,0.0240780747766297
0.485363947987168,0.976484476705382,0.02400433545648
0.485484244968222,0.976491556993011,0.0239283636301065
0.485604299903036,0.976498637280641,0.0238497199701577
0.485724112791611,0.976506661606621,0.023784089923205
0.485843441587707,0.976515157951777,0.023713007277282
0.485963012430043,0.976523182277757,0.0236423110245003
0.486083551457336,0.976529790546211,0.0235701470047698
0.486202880253432,0.976538286891367,0.0234940003083354
0.486322693142007,0.976545839198172,0.0234208880121956
0.486443232169301,0.976552447466626,0.0233496771464011
0.486561834826678,0.976562359869307,0.0232736498310956
0.486681163622774,0.976570856214463,0.0231968968823828
0.486800734465109,0.976579352559618,0.0231212861364962
0.486918126891289,0.976591625058176,0.0230479185496489
0.487037697733624,0.976599649384157,0.0229757867596707
0.487158720853397,0.97660531361426,0.0229020796536425
0.487275871233337,0.976618058131994,0.022829783829298
0.487393747751996,0.976629386592201,0.0227574714435066
0.487514286779289,0.976635994860655,0.0226832397900431
0.487634583760343,0.97664260312911,0.0226090252124625
0.487754638695158,0.976649683416739,0.0225331263459489
0.487871547028858,0.976663371972823,0.0224550330877015
0.48798772922384,0.976678004567258,0.0223763562083013
0.488106089834978,0.976688388989114,0.0222953905032474
0.488226386816032,0.976695469276744,0.0222247174956364
0.488343779242211,0.976707741775302,0.0221480312403697
0.488464318269505,0.976713878024581,0.0220701335146228
0.48858413115808,0.976721902350561,0.0219930916937807
0.488702975861697,0.976731342734067,0.0219234771330268
0.488820852380355,0.97674314321345,0.0218555581651551
0.488939455037733,0.976753055616131,0.0217824992701084
0.489058299741349,0.976762495999637,0.0217095458578496
0.489179080814883,0.976768632248917,0.0216413391125266
0.489295747102343,0.976782320805,0.021563681810119
0.489416528175877,0.976787985035104,0.0214884823122123
0.489536099018212,0.97679648138026,0.0214150355535702
0.489653007351912,0.976809697917168,0.0213432299677762
0.489771852055529,0.976819138300674,0.0212671615950761
0.489891180851625,0.976828106665005,0.0211900364906782
0.490010509647721,0.976836603010161,0.0211147502384748
0.490128870258859,0.976846987432017,0.0210386738894226
0.490247957008715,0.976856427815524,0.0209649244194314
0.490367527851051,0.976864452141504,0.020888592772997
0.490487098693386,0.976872476467484,0.0208110219427889
0.490604975212045,0.976884276946867,0.0207388345144919
0.490723577869422,0.976894189349548,0.0206657556095741
0.490840728249362,0.976906933867281,0.0205918320845143
0.490958120675541,0.976919678385015,0.0205207500440855
0.491076481286679,0.976930062806871,0.0204467966140703
0.491195568036535,0.976939031171202,0.0203712973463649
0.491314896832631,0.976947999535533,0.0202992831774015
0.491434467674967,0.976956023861513,0.0202274096302599
0.491554038517302,0.976964048187494,0.0201508760562541
0.491672883220919,0.976973960590175,0.0200753885458352
0.491792938155733,0.976981040877805,0.0199998187202056
0.491911298766871,0.976991897318837,0.019919488985404
0.492031353701686,0.976998977606466,0.019844140533131
0.492150440451542,0.977007945970797,0.0197690315859965
0.492270253340117,0.977015970296777,0.0196945568153719
0.492387403720057,0.977028714814511,0.019622788129079
0.492507942747351,0.97703485106379,0.0195537605536412
0.492628965867123,0.977040515293893,0.0194788488786591
0.492747568524501,0.977050427696575,0.0194135410415623
0.492867623459315,0.977057507984204,0.0193374697472635
0.492985742024213,0.977068836444412,0.0192627201557541
0.493106281051507,0.977074972693691,0.0191906816942469
0.493226820078801,0.97708110894297,0.0191166710016615
0.493346875013615,0.977088661249775,0.0190406380584742
0.493465477670992,0.977098573652456,0.018971014762483
0.493582870097172,0.977110846151014,0.0188995041236896
0.493702925031986,0.977118398457819,0.0188222639198184
0.49382322201304,0.977125006726273,0.0187484170949031
0.493942066716657,0.977134447109779,0.018674504812272
0.494061637558993,0.977142943454935,0.0186025748034417
0.494181208401328,0.977150967780915,0.0185293479758769
0.494299811058705,0.977160880183597,0.0184584762037349
0.494417929623604,0.977172208643804,0.0183830422102764
0.49453677432722,0.97718164902731,0.0183040594289408
0.494656103123316,0.977190145372466,0.0182282100189526
0.494777610335568,0.977194865564219,0.0181538639092232
0.494897181177903,0.977202889890199,0.0180799031438585
0.495017478158958,0.977209970177829,0.0180069687613002
0.495137533093772,0.977217050465458,0.0179309717813596
0.495256861889868,0.977225546810614,0.0178604105410628
0.495377885009641,0.977231211040717,0.0177845133024848
0.495496487667018,0.977241123443399,0.0177102222095087
0.495614606231916,0.977251979884431,0.0176399616524985
0.495733935028012,0.977260948248762,0.017570256760794
0.495854474055306,0.977267084498041,0.0174977503443746
0.49597477103636,0.977273692766495,0.0174262814492682
0.496093131647497,0.977284549207527,0.0173546571624622
0.496211734304875,0.977294461610208,0.0172837031285016
0.49633130514721,0.977302485936189,0.0172125324575486
0.496450149850827,0.97731239833887,0.0171394354980303
0.496568752508204,0.977322310741552,0.0170706835235364
0.49668783925806,0.977331279105882,0.0169986037407847
0.496807652146635,0.977339303431863,0.0169212863255371
0.49692746503521,0.977346855738668,0.0168504355768034
0.497047277923785,0.977354408045472,0.0167749708378027
0.497167816951079,0.977361016313927,0.0167032482257087
0.497286419608456,0.977370928716608,0.0166283855514705
0.49740671658951,0.977377536985062,0.0165594932457929
0.497524835154409,0.97738886544527,0.0164903720403317
0.497644163950504,0.977397361790425,0.0164213812706119
0.49776373479284,0.977405386116406,0.0163467914492171
0.497883547681415,0.977413410442386,0.016275245825035
0.498003844662469,0.97742001871084,0.0162067126322659
0.498122447319846,0.977430403132697,0.01613562602893
0.498239839746026,0.977442675631255,0.0160612723154344
0.498360378773319,0.977448811880534,0.0159876780731611
0.498480433708134,0.977456364187339,0.0159116648432641
0.498597826134313,0.977468636685897,0.0158357480445054
0.49871691288417,0.977477605050228,0.0157569519897158
0.498835757587787,0.977487517452909,0.0156786694792909
0.498955328430122,0.977495541778889,0.0156017056490281
0.499074657226218,0.977504038124045,0.0155284768005206
0.499193259883595,0.977514422545901,0.0154570583823492
0.49931307277217,0.977521974852706,0.0153794297088756
0.499431433383308,0.977532359274563,0.0153084330893042
0.499552214456841,0.977538495523842,0.0152307403154654
0.499671301206697,0.977547463888173,0.0151537099713939
0.499790872049033,0.977555488214153,0.0150764487254118
0.499909958798889,0.977564928597659,0.0149982229982717
0.500030739872422,0.977570592827763,0.0149176560143209
0.500149584576039,0.977580033211269,0.0148453313148602
0.500270849742051,0.977585225422198,0.0147726942573174
0.500389694445668,0.977594665805704,0.0146897893203939
0.500508539149285,0.97760410618921,0.0146161796789733
0.50062810999162,0.977612602534365,0.0145420532013583
0.500746470602758,0.977622986956222,0.0144744033411267
0.500864831213896,0.977633371378079,0.0143959311680666
0.500984644102471,0.977641395704059,0.0143272422284359
0.501102762667369,0.977652252145091,0.0142575456772265
0.501222575555944,0.977660276471071,0.0141802765747387
0.501342872536998,0.977666884739526,0.0141081932641047
0.501461233148136,0.977677269161382,0.0140336755529107
0.501580803990471,0.977685765506538,0.0139582550507579
0.501699164601609,0.977696149928395,0.0138925317585927
0.501817767258986,0.977706062331076,0.0138222159742719
0.501937096055082,0.977715030695407,0.0137468492138072
0.502058603267334,0.977719278867985,0.0136773372199432
0.502178174109669,0.977727303193965,0.0136049800332552
0.50229508244337,0.977740991750049,0.0135331171774755
0.502414411239466,0.977749488095204,0.0134588980116995
0.502533013896843,0.977759400497886,0.01337863270447
0.50265185860046,0.977769312900567,0.0133029038881976
0.502772639673993,0.977774977130671,0.0132330268464108
0.502892452562568,0.977782529437476,0.0131560105088466
0.503012265451143,0.977790553763456,0.0130817656915718
0.503131836293478,0.977798578089436,0.0130153448846607
0.503250196904616,0.977808962511293,0.0129462621424998
0.50337049388567,0.977816042798923,0.0128752499120524
0.503490790866724,0.977822651067377,0.0127961148587026
0.503610361709059,0.977830675393357,0.012725321512923
0.503730416643874,0.977838227700162,0.0126504059699297
0.503850713624928,0.977844835968616,0.0125758330011386
0.503969316282305,0.977854748371298,0.0125025406083096
0.504087434847203,0.977866076831505,0.0124277880588333
0.504207247735778,0.97787362913831,0.0123467330553547
0.504327060624353,0.97788165346429,0.0122740927954705
0.50444614737421,0.977890621828621,0.0121960549457789
0.504565234124066,0.977899590192952,0.0121160941409634
0.504685289058881,0.977907142499757,0.0120481426867621
0.504805343993695,0.977914222787386,0.0119737325521518
0.504924914836031,0.977922247113367,0.0119011254247132
0.505044969770845,0.977929799420172,0.0118236574996644
0.505165992890618,0.9779349916311,0.0117555527880767
0.505284111455516,0.977945848072132,0.0116822482983613
0.50540465048281,0.977952456340586,0.0116032605325406
0.505523737232666,0.977961424704917,0.0115321011706446
0.505645728537397,0.977964728839144,0.011458605270165
0.505765057333493,0.977973697203475,0.0113900108131094
0.505884144083349,0.977982665567806,0.0113159124134594
0.506003714925685,0.977990689893786,0.0112456733529934
0.506123769860499,0.977998242200591,0.0111740006285782
0.506244550934032,0.978003906430695,0.0111009042711634
0.506361459267733,0.978017122967603,0.0110287454677173
0.50648006192511,0.97802750738946,0.0109567714085461
0.506599148674966,0.978036475753791,0.010888688219345
0.506719203609781,0.978043556041421,0.0108202016071733
0.506838532405877,0.978052524405751,0.0107372510183246
0.506957377109494,0.978061964789258,0.0106641106963828
0.50707622181311,0.978071405172764,0.0105899303451927
0.507194824470488,0.97808178959462,0.0105165361828046
0.507314637359063,0.978089341901425,0.0104439954581956
0.507434208201398,0.978097838246581,0.0103687136590435
0.507553536997494,0.978106334591736,0.0102963950773958
0.50767262374735,0.978115302956067,0.01021771290744
0.507793646867123,0.978120967186171,0.0101440058488745
0.5079122495245,0.978130879588852,0.0100688924671979
0.508030368089398,0.978141736029885,0.00999212772311053
0.508151149162931,0.978147872279163,0.00991901658294059
0.508270962051506,0.978155424585968,0.00984734094504836
0.508390774940081,0.978162976892773,0.00977253790315991
0.508511313967375,0.978169585161228,0.00969472533446231
0.508629432532273,0.97818044160226,0.00962743646406289
0.508749971559567,0.978186577851539,0.00955488872042948
0.508868574216944,0.978196962273395,0.00948454434062024
0.508988871197998,0.97820357054185,0.00940727341952724
0.509107715901615,0.978213010925356,0.00933022134937883
0.509226318558992,0.978223395347213,0.00926426638640176
0.509346373493807,0.978230475634842,0.00919282639063262
0.509466428428621,0.978237555922472,0.00911550868552002
0.509586241317196,0.978245580248452,0.00904309966607575
0.509706296252011,0.978252660536082,0.00896705623321842
0.509825383001867,0.978261628900412,0.00889729035949538
0.509944469751723,0.978271069283919,0.00882386004152264
0.51006331445534,0.978280509667425,0.00875149455566826
0.510182643251436,0.97828900601258,0.00867512023560724
0.51030318227873,0.978295614281035,0.00859892858412475
0.510422995167305,0.978303166587839,0.00852408482085715
0.510541113732203,0.978314495048047,0.00845033589751931
0.51065995843582,0.978323935431553,0.00837856476972559
0.510777592908239,0.978335735910936,0.00830361965598103
0.510897647843053,0.978343288217741,0.008226405354265
0.511016976639149,0.978351784562896,0.00815476418293143
0.511136305435245,0.978360280908052,0.00808231599366427
0.51125611832382,0.978368305234032,0.00800815173955971
0.511374720981197,0.978378217636713,0.00793045115797153
0.511492113407377,0.978390490135271,0.0078504964515923
0.51161313652715,0.978396154365375,0.00777466353037798
0.511732707369485,0.978404178691355,0.0077001429116535
0.511852036165581,0.978412675036511,0.00762603332957407
0.511971849054156,0.978420699362491,0.00755103438176757
0.512091661942731,0.978428251669296,0.00747848942534685
0.512210990738827,0.978436748014451,0.00740404906831138
0.51233177181236,0.97844288426373,0.00733120158515582
0.512451584700935,0.978450436570535,0.00725762156593857
0.512569945312073,0.978460820992392,0.007189024640046
0.512687579784492,0.97847309349095,0.00711348764257297
0.512807876765546,0.978479701759404,0.00703653507993518
0.512925995330444,0.978490558200436,0.00696305220996474
0.513045808219019,0.978498582526417,0.00689613298897296
0.513164652922636,0.978508022909923,0.00682496374772468
0.513284223764971,0.978516047235903,0.00675711195109135
0.513402826422348,0.97852643165776,0.00668149153967523
0.513522155218444,0.978534928002915,0.00661019891909215
0.513642210153259,0.97854248030972,0.00653613962610061
0.513760570764397,0.978552864731577,0.00646310234201397
0.513880383652972,0.978560417038382,0.00638924415778797
0.514000196541546,0.978568441364362,0.00631766120507149
0.514119525337642,0.978576937709517,0.00624252907465139
0.514240306411176,0.978582601939621,0.00616126225025704
0.514359393161032,0.978592042323127,0.00608819723193915
0.514479690142086,0.978598650591582,0.00601406309089869
0.514598292799463,0.978608562994263,0.00594339322307208
0.514716169318122,0.978620363473646,0.00586964079721619
0.514837918576613,0.978624139627048,0.0057921251156286
0.514957489418949,0.978632163953028,0.0057157479780871
0.5150789966312,0.978636884144781,0.00564067011539743
0.515197357242338,0.978647268566638,0.005560636134746
0.515315233760997,0.978658597026846,0.00548328796754532
0.515434562557093,0.978667565391176,0.0054117940777943
0.515555343630626,0.97867322962128,0.00533708401697702
0.515677092889117,0.978677005774683,0.00526307136480936
0.515797389870171,0.978684086062312,0.00519072444929974
0.515917444804986,0.978691166349942,0.0051134067381699
0.516036773601082,0.978699662695097,0.00504013418650406
0.516155618304698,0.978709575097779,0.00496699713723991
0.51627736756319,0.978713351251181,0.00489449135262943
0.516397180451765,0.978720903557986,0.00481947884699246
0.516517235386579,0.978728455864791,0.00474240196151365
0.516637290321394,0.978735536152421,0.00466973181143532
0.51675661911749,0.978744504516751,0.00459579124844023
0.516875463821106,0.978753944900258,0.0045237108597333
0.516995034663442,0.978761969226238,0.00445134859627644
0.517113637320819,0.978772353648095,0.00438005548558767
0.517232482024436,0.978781794031601,0.00431262169905383
0.517352052866771,0.978789818357581,0.00423617052833192
0.517473318032784,0.978795010568509,0.00415806714554279
0.517591436597682,0.978805867009541,0.00408036780143395
0.517713185856173,0.978809643162944,0.00400228885770704
0.517832998744748,0.978817667488924,0.00392757009376304
0.517951359355886,0.978828051910781,0.00385452966658939
0.518070204059503,0.978837492294287,0.00377822106143005
0.518189290809359,0.978846932677793,0.00370739598942477
0.518307651420497,0.97885731709965,0.00363119885257124
0.518427948401551,0.978863925368104,0.00355564104304007
0.518547277197647,0.978872893732435,0.00348394279606895
0.518666121901263,0.978882334115941,0.00341125900309647
0.51878520865112,0.978891302480272,0.00333815606790738
0.518902843123539,0.97890357497883,0.0032657656708831
0.519022413965874,0.97891159930481,0.00319654044291218
0.519142710946928,0.978918207573264,0.0031183459985249
0.519262039743024,0.978927175937595,0.00304861314885657
0.519380158307923,0.978938032378627,0.00297634110105738
0.519499971196497,0.978945584685432,0.00289888640417885
0.519618815900114,0.978955497088114,0.00282049533318712
0.519739112881168,0.978962105356568,0.00275115027980743
0.519857957584785,0.978972017759249,0.00267347971121323
0.519977528427121,0.97898004208523,0.00259930296270533
0.5200949208533,0.978992314583788,0.00252061090994354
0.520214249649396,0.979001282948119,0.00244368554639951
0.520333578445492,0.979009779293274,0.00236920962657416
0.52045169701039,0.979020635734306,0.00229705978503936
0.520571993991444,0.979027716021936,0.00222125611712432
0.520689628463863,0.979039516501318,0.00214331911347876
0.520810651583636,0.979044708712247,0.0020695933211779
0.520929738333492,0.979054149095753,0.00199943465767355
0.521048825083349,0.979063117460084,0.00192609318670822
0.521166217509528,0.979075389958642,0.00185183467255573
0.521285788351864,0.979083886303797,0.00177655766180068
0.521406085332918,0.979090494572252,0.00170855380436863
0.521525172082774,0.979099462936582,0.00163728283203846
0.521644016786391,0.979109375339264,0.0015567301433948
0.521763103536247,0.979118343703595,0.00147674506364798
0.521882432332343,0.97912684004875,0.00140198748985743
0.522000792943481,0.979137696489782,0.00132722964801013
0.522121574017014,0.979143360719886,0.00125336189661834
0.522241144859349,0.979151385045866,0.0011753025284737
0.522360473655445,0.979160353410197,0.00110293294408309
0.522481012682739,0.979166489659476,0.00103240807019161
0.522599131247637,0.979177346100508,0.000959170234577311
0.522719428228691,0.979184426388138,0.000886174573511811
0.522837546793589,0.97919528282917,0.000805576861756196
0.522957601728404,0.979202835135975,0.000738382396926252
0.523077656663218,0.979209915423604,0.0006610105768321
0.523198921829231,0.979214635615357,0.000588936191312117
0.523316798347889,0.97922643609474,0.000513855036549549
0.523437337375183,0.979232572344019,0.000439519369778596
0.52355594003256,0.9792424847467,0.000370300314516181
0.523675026782416,0.979251925130207,0.000290236199199545
0.523792661254835,0.979263725609589,0.000213755993710596
0.52391295823589,0.979270333878043,0.000143657202285208
0.524032529078225,0.979278830223199,6.93309032515077e-05
1,1,-Inf
